
  [MOD] rwebhtml/data/a100files/index.html
    → drive  http://egg.astro.cornell.edu/alfalfa/pubs/a40_110825.pdf
             https://drive.google.com/file/d/1QOt0j5bJ84M6qApOaQrXVdNETAvbRfLh/view
    → rel    http://egg.astro.cornell.edu/alfalfa/pubs.php
             ../../pubs.html

  [MOD] rwebhtml/data/index.html
    → rel    http://egg.astro.cornell.edu/alfalfa/alfalfabanner.jpg
             ../alfalfabanner.jpg
    → rel    http://egg.astro.cornell.edu/alfalfa/index.php
             ../index.html
    → rel    http://egg.astro.cornell.edu/alfalfa/people.php
             ../people.html
    → rel    http://egg.astro.cornell.edu/alfalfa/science.php
             ../science.html
    → rel    http://egg.astro.cornell.edu/alfalfa/scheds/index.php
             ../scheds/index.html
    → rel    http://egg.astro.cornell.edu/alfalfa/data/index.php
             index.html
    → rel    http://egg.astro.cornell.edu/alfalfa/docs/index.php
             ../docs/index.html
    → rel    http://egg.astro.cornell.edu/alfalfa/links.php
             ../links.html
    → rel    http://egg.astro.cornell.edu/alfalfa/pubs.php
             ../pubs.html
    → rel    http://egg.astro.cornell.edu/alfalfa/ugrad/index.php
             ../ugrad/index.html
    → rel    http://egg.astro.cornell.edu/alfalfa/epo/index.php
             ../epo/index.html
    → rel    http://egg.astro.cornell.edu/alfalfa/news/index.php
             ../news/index.html
    → drive  http://egg.astro.cornell.edu/alfalfa/data/a100files/a100.code12.table2.190808.mrt
             https://drive.google.com/file/d/1r6N1BWzD6PHazxYUUPvMODJfNQkyMltO/view
    → drive  http://egg.astro.cornell.edu/alfalfa//data/a100files/a100.code12.table2.190808.csv
             https://drive.google.com/file/d/1jHkWdU0ozsGKE1nx41gaKBZgymMdE-gY/view
    → ???    http://egg.astro.cornell.edu/alfalfa/data/a100files/durbala2020-table1.21-Sep-2020.fits.gz
    → ???    http://egg.astro.cornell.edu/alfalfa/data/a100files/durbala2020-table2.21-Sep-2020.fits.gz
    → drive  http://egg.astro.cornell.edu/alfalfa/pubs/a40_110825.pdf
             https://drive.google.com/file/d/1QOt0j5bJ84M6qApOaQrXVdNETAvbRfLh/view
    → rel    http://egg.astro.cornell.edu/alfalfa/pubs.php
             ../pubs.html

  [MOD] rwebhtml/docs/distcalib.html
    → rel    http://egg.astro.cornell.edu/alfalfa
             ../index.html

  [MOD] rwebhtml/docs/prop.mar13.authorlist.html
    → rel    http://egg.astro.cornell.edu/alfalfa/alfalfabanner.jpg
             ../alfalfabanner.jpg

  [MOD] rwebhtml/docs/prop.mar14.authorlist.html
    → rel    http://egg.astro.cornell.edu/alfalfa/alfalfabanner.jpg
             ../alfalfabanner.jpg

  [MOD] rwebhtml/docs/prop.mar15.authorlist.html
    → rel    http://egg.astro.cornell.edu/alfalfa/alfalfabanner.jpg
             ../alfalfabanner.jpg

  [MOD] rwebhtml/docs/prop.mar16.authorlist.html
    → rel    http://egg.astro.cornell.edu/alfalfa/alfalfabanner.jpg
             ../alfalfabanner.jpg

  [MOD] rwebhtml/docs/prop.mar17.authorlist.html
    → rel    http://egg.astro.cornell.edu/alfalfa/alfalfabanner.jpg
             ../alfalfabanner.jpg

  [MOD] rwebhtml/docs/prop.mar19.authorlist.html
    → rel    http://egg.astro.cornell.edu/alfalfa/alfalfabanner.jpg
             ../alfalfabanner.jpg

  [MOD] rwebhtml/docs/prop.sep12.authorlist.html
    → rel    http://egg.astro.cornell.edu/alfalfa/alfalfabanner.jpg
             ../alfalfabanner.jpg

  [MOD] rwebhtml/docs/prop.sep13.authorlist.html
    → rel    http://egg.astro.cornell.edu/alfalfa/alfalfabanner.jpg
             ../alfalfabanner.jpg

  [MOD] rwebhtml/docs/prop.sep14.authorlist.html
    → rel    http://egg.astro.cornell.edu/alfalfa/alfalfabanner.jpg
             ../alfalfabanner.jpg

  [MOD] rwebhtml/docs/ten2five.html
    → rel    http://egg.astro.cornell.edu/alfalfa/alfalfabanner.jpg
             ../alfalfabanner.jpg
    → rel    http://egg.astro.cornell.edu/alfalfa/people.php
             ../people.html
    → rel    http://egg.astro.cornell.edu/alfalfa/pubs.php
             ../pubs.html
    → rel    http://egg.astro.cornell.edu/alfalfa/ugradteam/ugradteam.php
             ../ugradteam/ugradteam.html

  [MOD] rwebhtml/epo/egghunt.html
    → rel    http://egg.astro.cornell.edu/alfalfa
             ../index.html

  [MOD] rwebhtml/epo/index.html
    → rel    http://egg.astro.cornell.edu/alfalfa/ugrad/alfa.htm
             ../ugrad/alfa.htm
    → rel    http://egg.astro.cornell.edu/alfalfa/people.php
             ../people.html
    → rel    http://egg.astro.cornell.edu/alfalfa/ugrad/ALFAforalfalfa.php
             ../ugrad/ALFAforalfalfa.html
    → rel    http://egg.astro.cornell.edu/alfalfa/ugrad/usingalfalfa.php
             ../ugrad/usingalfalfa.html
    → rel    http://egg.astro.cornell.edu/alfalfa/news/index.php
             ../news/index.html

  [MOD] rwebhtml/epo/whatisalfalfae.html
    → rel    http://egg.astro.cornell.edu/alfalfa/alfalfabanner.jpg
             ../alfalfabanner.jpg
    → rel    http://egg.astro.cornell.edu/alfalfa/index.php
             ../index.html
    → rel    http://egg.astro.cornell.edu/alfalfa/people.php
             ../people.html
    → rel    http://egg.astro.cornell.edu/alfalfa/science.php
             ../science.html
    → rel    http://egg.astro.cornell.edu/alfalfa/scheds/index.php
             ../scheds/index.html
    → rel    http://egg.astro.cornell.edu/alfalfa/data/index.php
             ../data/index.html
    → rel    http://egg.astro.cornell.edu/alfalfa/docs/index.php
             ../docs/index.html
    → rel    http://egg.astro.cornell.edu/alfalfa/links.php
             ../links.html
    → rel    http://egg.astro.cornell.edu/alfalfa/pubs.php
             ../pubs.html
    → rel    http://egg.astro.cornell.edu/alfalfa/ugrad/index.php
             ../ugrad/index.html
    → rel    http://egg.astro.cornell.edu/alfalfa/epo/index.php
             index.html
    → rel    http://egg.astro.cornell.edu/alfalfa/news/index.php
             ../news/index.html
    → rel    http://egg.astro.cornell.edu/alfalfa/ugrad/alfa.htm
             ../ugrad/alfa.htm
    → rel    http://egg.astro.cornell.edu/alfalfa/people.php
             ../people.html
    → rel    http://egg.astro.cornell.edu/alfalfa/ugrad/ALFAforalfalfa.php
             ../ugrad/ALFAforalfalfa.html
    → rel    http://egg.astro.cornell.edu/alfalfa/ugrad/usingalfalfa.php
             ../ugrad/usingalfalfa.html
    → rel    http://egg.astro.cornell.edu/alfalfa/news/index.php
             ../news/index.html

  [MOD] rwebhtml/index.10.html
    → rel    http://egg.astro.cornell.edu/alfalfa/ugrad/alfa.htm
             ugrad/alfa.htm
    → rel    http://egg.astro.cornell.edu/alfalfa/ugrad/observingmode.htm
             ugrad/observingmode.htm
    → rel    http://egg.astro.cornell.edu/alfalfa/ugrad/observingmode.htm
             ugrad/observingmode.htm
    → rel    http://egg.astro.cornell.edu/alfalfa/ugrad/twopass.htm
             ugrad/twopass.htm
    → rel    http://egg.astro.cornell.edu/alfalfa/ugrad/ALFAforalfalfa.php
             ugrad/ALFAforalfalfa.html
    → rel    http://egg.astro.cornell.edu/alfalfa/ugrad/usingalfalfa.php
             ugrad/usingalfalfa.html

  [MOD] rwebhtml/index.html
    → ???    http://egg.astro.cornell.edu/alfalfa/images/alfalfa_sdss_coverage.jpg
    → ???    http://egg.astro.cornell.edu/alfalfa/images/alfalfa_sdss_coverage.jpg
    → rel    http://egg.astro.cornell.edu/alfalfa/ugrad/alfa.htm
             ugrad/alfa.htm
    → rel    http://egg.astro.cornell.edu/alfalfa/ugrad/observingmode.htm
             ugrad/observingmode.htm
    → rel    http://egg.astro.cornell.edu/alfalfa/ugrad/observingmode.htm
             ugrad/observingmode.htm
    → rel    http://egg.astro.cornell.edu/alfalfa/ugrad/twopass.htm
             ugrad/twopass.htm
    → rel    http://egg.astro.cornell.edu/alfalfa/ugrad/ALFAforalfalfa.php
             ugrad/ALFAforalfalfa.html
    → rel    http://egg.astro.cornell.edu/alfalfa/ugrad/usingalfalfa.php
             ugrad/usingalfalfa.html

  [MOD] rwebhtml/index_nov12.html
    → ???    http://egg.astro.cornell.edu/alfalfa/images/alfalfa_sdss_coverage.jpg
    → ???    http://egg.astro.cornell.edu/alfalfa/images/alfalfa_sdss_coverage.jpg
    → rel    http://egg.astro.cornell.edu/alfalfa/ugrad/alfa.htm
             ugrad/alfa.htm
    → rel    http://egg.astro.cornell.edu/alfalfa/ugrad/observingmode.htm
             ugrad/observingmode.htm
    → rel    http://egg.astro.cornell.edu/alfalfa/ugrad/observingmode.htm
             ugrad/observingmode.htm
    → rel    http://egg.astro.cornell.edu/alfalfa/ugrad/twopass.htm
             ugrad/twopass.htm
    → rel    http://egg.astro.cornell.edu/alfalfa/ugrad/ALFAforalfalfa.php
             ugrad/ALFAforalfalfa.html
    → rel    http://egg.astro.cornell.edu/alfalfa/ugrad/usingalfalfa.php
             ugrad/usingalfalfa.html

  [MOD] rwebhtml/joining.html
    → rel    http://egg.astro.cornell.edu/alfalfa/alfalfabanner.jpg
             alfalfabanner.jpg
    → rel    http://egg.astro.cornell.edu/alfalfa
             index.html

  [MOD] rwebhtml/news/index.html
    → rel    http://egg.astro.cornell.edu/alfalfa/virgohi21.php
             ../virgohi21.html
    → ???    http://egg.astro.cornell.edu/alfalfa/ugradteam/photos_600.php
    → rel    http://egg.astro.cornell.edu/alfalfa/pubs.php
             ../pubs.html
    → rel    http://egg.astro.cornell.edu/alfalfa/pubs.php
             ../pubs.html
    → rel    http://egg.astro.cornell.edu/alfalfa/ugradteam/ugradj10.php
             ../ugradteam/ugradj10.html
    → rel    http://egg.astro.cornell.edu/alfalfa/ugradteam/uat_union0907.php
             ../ugradteam/uat_union0907.html
    → rel    http://egg.astro.cornell.edu/alfalfa/ugradteam/ugradj09.php
             ../ugradteam/ugradj09.html
    → rel    http://egg.astro.cornell.edu/alfalfa/ugradteam/uat_union0807.php
             ../ugradteam/uat_union0807.html
    → rel    http://egg.astro.cornell.edu/alfalfa/ugradteam/ugradj08.php
             ../ugradteam/ugradj08.html
    → drive  http://egg.astro.cornell.edu/alfalfa/ugrad/ugradgroupbordersmall.jpg
             https://drive.google.com/file/d/11V5XgvVAAGo-V0PVuNgI4wD8YLgt-x_l/view
    → drive  http://egg.astro.cornell.edu/alfalfa/ugrad/ugradgroupborder.jpg
             https://drive.google.com/file/d/13zR2lAbjwxXBWyTNu9j-r9f3vMPsdjkJ/view
    → rel    http://egg.astro.cornell.edu/alfalfa/news/mtgs/ithaca06.php
             mtgs/ithaca06.html
    → rel    http://egg.astro.cornell.edu/alfalfa/news/mtgs/agenda060601.php
             mtgs/agenda060601.html
    → rel    http://egg.astro.cornell.edu/alfalfa/pubs/aas06.php
             ../pubs/aas06.html
    → rel    http://egg.astro.cornell.edu/alfalfa/ugrad/index.php
             ../ugrad/index.html
    → rel    http://egg.astro.cornell.edu/alfalfa/news/mtgs/workshop05jun.php
             mtgs/workshop05jun.html
    → rel    http://egg.astro.cornell.edu/alfalfa/news/mtgs/workshopmilano.php
             mtgs/workshopmilano.html

  [MOD] rwebhtml/news/mtgs/agenda050623.html
    → rel    http://egg.astro.cornell.edu/alfalfa/alfalfabanner.jpg
             ../../alfalfabanner.jpg

  [MOD] rwebhtml/news/mtgs/agenda060601.html
    → rel    http://egg.astro.cornell.edu/alfalfa/alfalfabanner.jpg
             ../../alfalfabanner.jpg

  [MOD] rwebhtml/news/mtgs/agenda060623.html
    → rel    http://egg.astro.cornell.edu/alfalfa/alfalfabanner.jpg
             ../../alfalfabanner.jpg

  [MOD] rwebhtml/news/mtgs/docs/index.html
    → rel    http://egg.astro.cornell.edu/alfalfa/virgohi21.php
             ../../../virgohi21.html
    → ???    http://egg.astro.cornell.edu/alfalfa/ugradteam/photos_600.php
    → rel    http://egg.astro.cornell.edu/alfalfa/pubs.php
             ../../../pubs.html
    → rel    http://egg.astro.cornell.edu/alfalfa/pubs.php
             ../../../pubs.html
    → rel    http://egg.astro.cornell.edu/alfalfa/ugradteam/ugradj10.php
             ../../../ugradteam/ugradj10.html
    → rel    http://egg.astro.cornell.edu/alfalfa/ugradteam/uat_union0907.php
             ../../../ugradteam/uat_union0907.html
    → rel    http://egg.astro.cornell.edu/alfalfa/ugradteam/ugradj09.php
             ../../../ugradteam/ugradj09.html
    → rel    http://egg.astro.cornell.edu/alfalfa/ugradteam/uat_union0807.php
             ../../../ugradteam/uat_union0807.html
    → rel    http://egg.astro.cornell.edu/alfalfa/ugradteam/ugradj08.php
             ../../../ugradteam/ugradj08.html
    → drive  http://egg.astro.cornell.edu/alfalfa/ugrad/ugradgroupbordersmall.jpg
             https://drive.google.com/file/d/11V5XgvVAAGo-V0PVuNgI4wD8YLgt-x_l/view
    → drive  http://egg.astro.cornell.edu/alfalfa/ugrad/ugradgroupborder.jpg
             https://drive.google.com/file/d/13zR2lAbjwxXBWyTNu9j-r9f3vMPsdjkJ/view
    → rel    http://egg.astro.cornell.edu/alfalfa/news/mtgs/ithaca06.php
             ../ithaca06.html
    → rel    http://egg.astro.cornell.edu/alfalfa/news/mtgs/agenda060601.php
             ../agenda060601.html
    → rel    http://egg.astro.cornell.edu/alfalfa/pubs/aas06.php
             ../../../pubs/aas06.html
    → rel    http://egg.astro.cornell.edu/alfalfa/ugrad/index.php
             ../../../ugrad/index.html
    → rel    http://egg.astro.cornell.edu/alfalfa/news/mtgs/workshop05jun.php
             ../workshop05jun.html
    → rel    http://egg.astro.cornell.edu/alfalfa/news/mtgs/workshopmilano.php
             ../workshopmilano.html

  [MOD] rwebhtml/news/mtgs/docs/workshopmilano.html
    → rel    http://egg.astro.cornell.edu/alfalfa/alfalfabanner.jpg
             ../../../alfalfabanner.jpg

  [MOD] rwebhtml/news/mtgs/index.html
    → rel    http://egg.astro.cornell.edu/alfalfa/virgohi21.php
             ../../virgohi21.html
    → ???    http://egg.astro.cornell.edu/alfalfa/ugradteam/photos_600.php
    → rel    http://egg.astro.cornell.edu/alfalfa/pubs.php
             ../../pubs.html
    → rel    http://egg.astro.cornell.edu/alfalfa/pubs.php
             ../../pubs.html
    → rel    http://egg.astro.cornell.edu/alfalfa/ugradteam/ugradj10.php
             ../../ugradteam/ugradj10.html
    → rel    http://egg.astro.cornell.edu/alfalfa/ugradteam/uat_union0907.php
             ../../ugradteam/uat_union0907.html
    → rel    http://egg.astro.cornell.edu/alfalfa/ugradteam/ugradj09.php
             ../../ugradteam/ugradj09.html
    → rel    http://egg.astro.cornell.edu/alfalfa/ugradteam/uat_union0807.php
             ../../ugradteam/uat_union0807.html
    → rel    http://egg.astro.cornell.edu/alfalfa/ugradteam/ugradj08.php
             ../../ugradteam/ugradj08.html
    → drive  http://egg.astro.cornell.edu/alfalfa/ugrad/ugradgroupbordersmall.jpg
             https://drive.google.com/file/d/11V5XgvVAAGo-V0PVuNgI4wD8YLgt-x_l/view
    → drive  http://egg.astro.cornell.edu/alfalfa/ugrad/ugradgroupborder.jpg
             https://drive.google.com/file/d/13zR2lAbjwxXBWyTNu9j-r9f3vMPsdjkJ/view
    → rel    http://egg.astro.cornell.edu/alfalfa/news/mtgs/ithaca06.php
             ithaca06.html
    → rel    http://egg.astro.cornell.edu/alfalfa/news/mtgs/agenda060601.php
             agenda060601.html
    → rel    http://egg.astro.cornell.edu/alfalfa/pubs/aas06.php
             ../../pubs/aas06.html
    → rel    http://egg.astro.cornell.edu/alfalfa/ugrad/index.php
             ../../ugrad/index.html
    → rel    http://egg.astro.cornell.edu/alfalfa/news/mtgs/workshop05jun.php
             workshop05jun.html
    → rel    http://egg.astro.cornell.edu/alfalfa/news/mtgs/workshopmilano.php
             workshopmilano.html

  [MOD] rwebhtml/news/mtgs/ithaca06.html
    → rel    http://egg.astro.cornell.edu/alfalfa/alfalfabanner.jpg
             ../../alfalfabanner.jpg

  [MOD] rwebhtml/news/mtgs/union05talks/index.html
    → rel    http://egg.astro.cornell.edu/alfalfa/alfalfabanner.jpg
             ../../../alfalfabanner.jpg
    → rel    http://egg.astro.cornell.edu/alfalfa/ugrad/index.php
             ../../../ugrad/index.html

  [MOD] rwebhtml/news/mtgs/union06talks/index.html
    → rel    http://egg.astro.cornell.edu/alfalfa/alfalfabanner.jpg
             ../../../alfalfabanner.jpg
    → rel    http://egg.astro.cornell.edu/alfalfa/ugrad/index.php
             ../../../ugrad/index.html

  [MOD] rwebhtml/news/mtgs/workshop05jun.html
    → rel    http://egg.astro.cornell.edu/alfalfa/alfalfabanner.jpg
             ../../alfalfabanner.jpg

  [MOD] rwebhtml/news/mtgs/workshopmilano.html
    → rel    http://egg.astro.cornell.edu/alfalfa/alfalfabanner.jpg
             ../../alfalfabanner.jpg

  [MOD] rwebhtml/news/news1.html
    → rel    http://egg.astro.cornell.edu/alfalfa/virgohi21.php
             ../virgohi21.html
    → rel    http://egg.astro.cornell.edu/alfalfa/pubs.php
             ../pubs.html
    → drive  http://egg.astro.cornell.edu/alfalfa/ugrad/ugradgroupbordersmall.jpg
             https://drive.google.com/file/d/11V5XgvVAAGo-V0PVuNgI4wD8YLgt-x_l/view
    → drive  http://egg.astro.cornell.edu/alfalfa/ugrad/ugradgroupborder.jpg
             https://drive.google.com/file/d/13zR2lAbjwxXBWyTNu9j-r9f3vMPsdjkJ/view
    → rel    http://egg.astro.cornell.edu/alfalfa/news/mtgs/ithaca06.php
             mtgs/ithaca06.html
    → rel    http://egg.astro.cornell.edu/alfalfa/news/mtgs/agenda060601.php
             mtgs/agenda060601.html
    → rel    http://egg.astro.cornell.edu/alfalfa/pubs/aas06.php
             ../pubs/aas06.html
    → rel    http://egg.astro.cornell.edu/alfalfa/ugrad/index.php
             ../ugrad/index.html
    → rel    http://egg.astro.cornell.edu/alfalfa/news/mtgs/workshop05jun.php
             mtgs/workshop05jun.html
    → rel    http://egg.astro.cornell.edu/alfalfa/news/mtgs/workshopmilano.php
             mtgs/workshopmilano.html

  [MOD] rwebhtml/observingteam.html
    → rel    http://egg.astro.cornell.edu/alfalfa/scheds/index.php
             scheds/index.html
    → drive  http://egg.astro.cornell.edu/alfalfa/news/photos_jan06/sabrina_cover.jpg
             https://drive.google.com/file/d/1szp_i0lHX_UVFRUZYoL1Xy9-exitIfPc/view
    → drive  http://egg.astro.cornell.edu/alfalfa/news/photos_jan06/sabrina_cover.jpg
             https://drive.google.com/file/d/1szp_i0lHX_UVFRUZYoL1Xy9-exitIfPc/view
    → drive  http://egg.astro.cornell.edu/alfalfa/news/photos_jan06/bilals.jpg
             https://drive.google.com/file/d/16Jz3OepIkNYZ3KLISqTAsvQm-i_F09w2/view
    → drive  http://egg.astro.cornell.edu/alfalfa/news/photos_jan06/bilals.jpg
             https://drive.google.com/file/d/16Jz3OepIkNYZ3KLISqTAsvQm-i_F09w2/view
    → drive  http://egg.astro.cornell.edu/alfalfa/news/photos_jan06/bilalbecky.jpg
             https://drive.google.com/file/d/1WOBK4HTUq2-4Jml-T6csRFMQDcIx5Nnk/view
    → drive  http://egg.astro.cornell.edu/alfalfa/news/photos_jan06/bilalbecky.jpg
             https://drive.google.com/file/d/1WOBK4HTUq2-4Jml-T6csRFMQDcIx5Nnk/view
    → drive  http://egg.astro.cornell.edu/alfalfa/news/aophotos/arik_alfa.jpg
             https://drive.google.com/file/d/1sXDms3CuC44JR3QOxCu3W7H1zjgUplaH/view
    → drive  http://egg.astro.cornell.edu/alfalfa/news/aophotos/arik_alfa.jpg
             https://drive.google.com/file/d/1sXDms3CuC44JR3QOxCu3W7H1zjgUplaH/view
    → rel    http://egg.astro.cornell.edu/alfalfa/ugrad/index.php
             ugrad/index.html
    → drive  http://egg.astro.cornell.edu/alfalfa/news/photos_jan06/tom_control.jpg
             https://drive.google.com/file/d/1TWwCG6lVlxR4Hu9Z1FJyHv4fqhyogrGw/view
    → drive  http://egg.astro.cornell.edu/alfalfa/news/photos_jan06/tom_control.jpg
             https://drive.google.com/file/d/1TWwCG6lVlxR4Hu9Z1FJyHv4fqhyogrGw/view
    → drive  http://egg.astro.cornell.edu/alfalfa/news/photos_jan06/sabrina_brian_control.jpg
             https://drive.google.com/file/d/1j4gYtYviEkFMHk2_CC04FgEWMcL6YJ3K/view
    → drive  http://egg.astro.cornell.edu/alfalfa/news/photos_jan06/sabrina_brian_control.jpg
             https://drive.google.com/file/d/1j4gYtYviEkFMHk2_CC04FgEWMcL6YJ3K/view
    → drive  http://egg.astro.cornell.edu/alfalfa/news/aophotos/amy+shea.jpg
             https://drive.google.com/file/d/1rqx7_yM1TB8BVmzC-AZa4dC8Ufy6geQ5/view
    → drive  http://egg.astro.cornell.edu/alfalfa/news/aophotos/amy+shea.jpg
             https://drive.google.com/file/d/1rqx7_yM1TB8BVmzC-AZa4dC8Ufy6geQ5/view
    → drive  http://egg.astro.cornell.edu/alfalfa/news/aophotos/hsufolks2ed.jpg
             https://drive.google.com/file/d/1a1IFxjNQn51njOkaTe8vprRUt-oGunl-/view
    → drive  http://egg.astro.cornell.edu/alfalfa/news/aophotos/hsufolks2ed.jpg
             https://drive.google.com/file/d/1a1IFxjNQn51njOkaTe8vprRUt-oGunl-/view

  [MOD] rwebhtml/projects/authorshipguidelines.html
    → rel    http://egg.astro.cornell.edu/alfalfa/alfalfabanner.jpg
             ../alfalfabanner.jpg
    → rel    http://egg.astro.cornell.edu/alfalfa
             ../index.html

  [MOD] rwebhtml/projects/groups.html
    → rel    http://egg.astro.cornell.edu/alfalfa/alfalfabanner.jpg
             ../alfalfabanner.jpg

  [MOD] rwebhtml/projects/index.html
    → rel    http://egg.astro.cornell.edu/alfalfa/alfalfabanner.jpg
             ../alfalfabanner.jpg

  [MOD] rwebhtml/projects/phdprojects.html
    → rel    http://egg.astro.cornell.edu/alfalfa/alfalfabanner.jpg
             ../alfalfabanner.jpg
    → rel    http://egg.astro.cornell.edu/alfalfa
             ../index.html

  [MOD] rwebhtml/projects/phdtemplate.html
    → rel    http://egg.astro.cornell.edu/alfalfa/alfalfabanner.jpg
             ../alfalfabanner.jpg

  [MOD] rwebhtml/projects/projectguidelines.html
    → rel    http://egg.astro.cornell.edu/alfalfa/alfalfabanner.jpg
             ../alfalfabanner.jpg
    → rel    http://egg.astro.cornell.edu/alfalfa
             ../index.html

  [MOD] rwebhtml/projects/projects.html
    → rel    http://egg.astro.cornell.edu/alfalfa/alfalfabanner.jpg
             ../alfalfabanner.jpg

  [MOD] rwebhtml/projects/summs/karen2MRS.html
    → rel    http://egg.astro.cornell.edu/alfalfa/alfalfabanner.jpg
             ../../alfalfabanner.jpg

  [MOD] rwebhtml/projects/summs/salucci.html
    → rel    http://egg.astro.cornell.edu/alfalfa/alfalfabanner.jpg
             ../../alfalfabanner.jpg

  [MOD] rwebhtml/projects/teamproject.html
    → rel    http://egg.astro.cornell.edu/alfalfa/alfalfabanner.jpg
             ../alfalfabanner.jpg

  [MOD] rwebhtml/projects/teamprojects.html
    → rel    http://egg.astro.cornell.edu/alfalfa/alfalfabanner.jpg
             ../alfalfabanner.jpg
    → rel    http://egg.astro.cornell.edu/alfalfa/joining.php
             ../joining.html
    → rel    http://egg.astro.cornell.edu/alfalfa/ugradteam/
             ../ugradteam/index.html
    → rel    http://egg.astro.cornell.edu/alfalfa/projects/summs/uatgrpsumm.htm
             summs/uatgrpsumm.htm
    → drive  http://egg.astro.cornell.edu/alfalfa/projects/summs/hevics3.pdf
             https://drive.google.com/file/d/1Mq7yyaenQoUUF2VrT2y_-lura_B3Gejh/view
    → rel    http://egg.astro.cornell.edu/alfalfa
             ../index.html

  [MOD] rwebhtml/projects/teamtemplate.html
    → rel    http://egg.astro.cornell.edu/alfalfa/alfalfabanner.jpg
             ../alfalfabanner.jpg

  [MOD] rwebhtml/projects/ugradprojects.html
    → rel    http://egg.astro.cornell.edu/alfalfa/alfalfabanner.jpg
             ../alfalfabanner.jpg
    → rel    http://egg.astro.cornell.edu/alfalfa/ugradteam/uatgroupsproject.php
             ../ugradteam/uatgroupsproject.html
    → rel    http://egg.astro.cornell.edu/alfalfa/ugradteam/uatgroupsproject.php
             ../ugradteam/uatgroupsproject.html
    → rel    http://egg.astro.cornell.edu/alfalfa/ugradteam/uatgroupsproject.php
             ../ugradteam/uatgroupsproject.html
    → rel    http://egg.astro.cornell.edu/alfalfa/ugradteam/uatgroupsproject.php
             ../ugradteam/uatgroupsproject.html
    → rel    http://egg.astro.cornell.edu/alfalfa/ugradteam/uatgroupsproject.php
             ../ugradteam/uatgroupsproject.html
    → rel    http://egg.astro.cornell.edu/alfalfa/ugradteam/uatgroupsproject.php
             ../ugradteam/uatgroupsproject.html
    → rel    http://egg.astro.cornell.edu/alfalfa
             ../index.html

  [MOD] rwebhtml/projects/ugradtemplate.html
    → rel    http://egg.astro.cornell.edu/alfalfa/alfalfabanner.jpg
             ../alfalfabanner.jpg

  [MOD] rwebhtml/projects/workinggroups.html
    → rel    http://egg.astro.cornell.edu/alfalfa/alfalfabanner.jpg
             ../alfalfabanner.jpg
    → rel    http://egg.astro.cornell.edu/alfalfa
             ../index.html

  [MOD] rwebhtml/pubs/aas06.html
    → drive  http://egg.astro.cornell.edu/alfalfa/pubs/aasjan06/giovanelli_192.03_short.pdf
             https://drive.google.com/file/d/1e36R0-4o8VI4f9ynwek2t0CGepevJHq3/view
    → drive  http://egg.astro.cornell.edu/alfalfa/pubs/aasjan06/ALFALFA_as_small.pdf
             https://drive.google.com/file/d/1IimRUIl7A6rhR_floi_SRBoP1MMvGPjj/view
    → drive  http://egg.astro.cornell.edu/alfalfa/pubs/aasjan06/bkentposter.pdf
             https://drive.google.com/file/d/11SfDkLECKb220H_8wS6IT3ZlaIEb-T1R/view
    → drive  http://egg.astro.cornell.edu/alfalfa/pubs/aasjan06/bkent.jpg
             https://drive.google.com/file/d/1tFBOOdjykqyv1HbWiy4EVMSetw9lzqbM/view
    → drive  http://egg.astro.cornell.edu/alfalfa/pubs/aasjan06/mphposter.pdf
             https://drive.google.com/file/d/1RIHhtvPgMcatrzWY7hXgOCgarItDh0cM/view
    → drive  http://egg.astro.cornell.edu/alfalfa/pubs/aasjan06/rg_aas_jan06.pdf
             https://drive.google.com/file/d/1rlb-CKGL-wFDltkzJ3ohHOXWBC0yv-fm/view
    → drive  http://egg.astro.cornell.edu/alfalfa/pubs/aasjan06/aas06_yellow_spekkens.pdf
             https://drive.google.com/file/d/17GQvNvYlMxmS-4FY-o5iCT2KC8BC_gK-/view
    → drive  http://egg.astro.cornell.edu/alfalfa/pubs/aasjan06/kspekkens.jpg
             https://drive.google.com/file/d/1nzqZFlpbVDJeHZILthsqQnbckGtJn6jQ/view
    → drive  http://egg.astro.cornell.edu/alfalfa/pubs/aasjan06/sabrinaposter.pdf
             https://drive.google.com/file/d/1Tm8z_yvUqNNnwauoseS707hUibHVGkk8/view
    → drive  http://egg.astro.cornell.edu/alfalfa/pubs/aasjan06/sstierwalt.jpg
             https://drive.google.com/file/d/1oVTfGdR8lm_WxvrOuMTdcqngE1TSO_fB/view
    → drive  http://egg.astro.cornell.edu/alfalfa/pubs/aasjan06/aas2006koop.pdf
             https://drive.google.com/file/d/1mtuc6cWhzILDyGfsKmJ7YaOE8LSf9bM4/view
    → drive  http://egg.astro.cornell.edu/alfalfa/pubs/aasjan06/rkoopmann.jpg
             https://drive.google.com/file/d/171N4rSPieamu1ftjn-5ETaU2pPg_haNg/view
    → drive  http://egg.astro.cornell.edu/alfalfa/pubs/aasjan06/johnposter.pdf
             https://drive.google.com/file/d/106-QrLfu50uUC6KP2nkHfvqv3qAW4nXF/view
    → drive  http://egg.astro.cornell.edu/alfalfa/pubs/aasjan06/jayala.jpg
             https://drive.google.com/file/d/1FGdv1M-xuh6_CoTIGJ_TmQrCQw_l4YFz/view
    → drive  http://egg.astro.cornell.edu/alfalfa/pubs/aasjan06/haynes_192.08.pdf
             https://drive.google.com/file/d/1tgTGjn1TPXOZmovWdmxESbCevfRH8rOJ/view

  [MOD] rwebhtml/pubs/cardiff.html
    → drive  http://egg.astro.cornell.edu/alfalfa/pubs/cardiff07/rg_iau244.pdf
             https://drive.google.com/file/d/1LWbuBpLva17EQhoIFTjmz8-Hcqq1XHI6/view
    → drive  http://egg.astro.cornell.edu/alfalfa/pubs/cardiff07/iau244_haynes.pdf
             https://drive.google.com/file/d/10OHqznJo3HM25bCGMi_2ffi7_UWWtAwV/view
    → drive  http://egg.astro.cornell.edu/alfalfa/pubs/cardiff07/iau244_bkent.pdf
             https://drive.google.com/file/d/1ssRWf_DKo7PCfXk_ngaztclp-UVOBjdr/view
    → drive  http://egg.astro.cornell.edu/alfalfa/pubs/cardiff07/RAK2_iau244.pdf
             https://drive.google.com/file/d/19MshibCPkYxVQgi62PXmfMlrQ0HAqkb9/view
    → drive  http://egg.astro.cornell.edu/alfalfa/pubs/cardiff07/RAK1_iau244.pdf
             https://drive.google.com/file/d/1j9WMgWhsuszkAI36j1s2uu2cd96nucrN/view
    → drive  http://egg.astro.cornell.edu/alfalfa/pubs/cardiff07/ann_martin_IAU244.pdf
             https://drive.google.com/file/d/1dAxBolfoinQerKjTrgRVlZzpMqyoxVaz/view
    → drive  http://egg.astro.cornell.edu/alfalfa/pubs/cardiff07/stierwalt_iau244.pdf
             https://drive.google.com/file/d/1pLNcfnE6ZRArHOlPoAQ-5M8MgY61gnqB/view
    → drive  http://egg.astro.cornell.edu/alfalfa/pubs/cardiff07/iau244_higdon.pdf
             https://drive.google.com/file/d/17a7Xqo0MgbPuaWUNFy3NNM8JABgj5eoG/view
    → rel    http://egg.astro.cornell.edu/alfalfa/pubs/cardiff07/tjbabs.htm
             cardiff07/tjbabs.htm
    → rel    http://egg.astro.cornell.edu/alfalfa/pubs/cardiff07/asabs.htm
             cardiff07/asabs.htm

  [MOD] rwebhtml/pubs/index.html
    → drive  http://egg.astro.cornell.edu/alfalfa/pubs/Huang2012b_120702.pdf
             https://drive.google.com/file/d/11LDvT3JlilGcyBm34JlCMUagfhJ37_Pm/view
    → drive  http://egg.astro.cornell.edu/alfalfa/pubs/a40_110825.pdf
             https://drive.google.com/file/d/1QOt0j5bJ84M6qApOaQrXVdNETAvbRfLh/view
    → rel    http://egg.astro.cornell.edu/alfalfa/data
             ../data/index.html

  [MOD] rwebhtml/pubs.html
    → drive  http://egg.astro.cornell.edu/alfalfa/pubs/Huang2012b_120702.pdf
             https://drive.google.com/file/d/11LDvT3JlilGcyBm34JlCMUagfhJ37_Pm/view
    → drive  http://egg.astro.cornell.edu/alfalfa/pubs/a40_110825.pdf
             https://drive.google.com/file/d/1QOt0j5bJ84M6qApOaQrXVdNETAvbRfLh/view
    → rel    http://egg.astro.cornell.edu/alfalfa/data
             data/index.html

  [MOD] rwebhtml/pubsa40.html
    → drive  http://egg.astro.cornell.edu/alfalfa/pubs/a40_110825.pdf
             https://drive.google.com/file/d/1QOt0j5bJ84M6qApOaQrXVdNETAvbRfLh/view
    → rel    http://egg.astro.cornell.edu/alfalfa/data
             data/index.html

  [MOD] rwebhtml/pubsmay.html
    → drive  http://egg.astro.cornell.edu/alfalfa/pubs/a40_110825.pdf
             https://drive.google.com/file/d/1QOt0j5bJ84M6qApOaQrXVdNETAvbRfLh/view
    → rel    http://egg.astro.cornell.edu/alfalfa/data
             data/index.html

  [MOD] rwebhtml/scheds/index.html
    → rel    http://egg.astro.cornell.edu/alfalfa/coverage.php
             ../coverage.html

  [MOD] rwebhtml/scheds/index_old.html
    → rel    http://egg.astro.cornell.edu/alfalfa/coverage.php
             ../coverage.html

  [MOD] rwebhtml/scheds/status_fall05.html
    → rel    http://egg.astro.cornell.edu/alfalfa/coverage.php
             ../coverage.html

  [MOD] rwebhtml/scheds/status_fall06.html
    → rel    http://egg.astro.cornell.edu/alfalfa/coverage.php
             ../coverage.html

  [MOD] rwebhtml/scheds/status_fall08.html
    → rel    http://egg.astro.cornell.edu/alfalfa/pubs.php
             ../pubs.html
    → rel    http://egg.astro.cornell.edu/alfalfa/data/index.php
             ../data/index.html

  [MOD] rwebhtml/scheds/status_fall09.html
    → rel    http://egg.astro.cornell.edu/alfalfa/pubs.php
             ../pubs.html
    → rel    http://egg.astro.cornell.edu/alfalfa/data/index.php
             ../data/index.html

  [MOD] rwebhtml/scheds/status_fall10.html
    → rel    http://egg.astro.cornell.edu/alfalfa/pubs.php
             ../pubs.html
    → rel    http://egg.astro.cornell.edu/alfalfa/data/index.php
             ../data/index.html

  [MOD] rwebhtml/scheds/status_fall11.html
    → rel    http://egg.astro.cornell.edu/alfalfa/pubs.php
             ../pubs.html
    → rel    http://egg.astro.cornell.edu/alfalfa/data/index.php
             ../data/index.html

  [MOD] rwebhtml/scheds/status_fall12.html
    → rel    http://egg.astro.cornell.edu/alfalfa/pubs.php
             ../pubs.html
    → rel    http://egg.astro.cornell.edu/alfalfa/data/index.php
             ../data/index.html

  [MOD] rwebhtml/scheds/status_spr05.html
    → rel    http://egg.astro.cornell.edu/alfalfa/coverage.php
             ../coverage.html

  [MOD] rwebhtml/scheds/status_spr06.html
    → rel    http://egg.astro.cornell.edu/alfalfa/coverage.php
             ../coverage.html

  [MOD] rwebhtml/scheds/status_spr07.html
    → rel    http://egg.astro.cornell.edu/alfalfa/coverage.php
             ../coverage.html
    → rel    http://egg.astro.cornell.edu/alfalfa/pubs.php
             ../pubs.html
    → rel    http://egg.astro.cornell.edu/alfalfa/data/index.php
             ../data/index.html

  [MOD] rwebhtml/scheds/status_spr08.html
    → rel    http://egg.astro.cornell.edu/alfalfa/coverage.php
             ../coverage.html
    → rel    http://egg.astro.cornell.edu/alfalfa/pubs.php
             ../pubs.html
    → rel    http://egg.astro.cornell.edu/alfalfa/data/index.php
             ../data/index.html

  [MOD] rwebhtml/scheds/status_spr09.html
    → rel    http://egg.astro.cornell.edu/alfalfa/coverage.php
             ../coverage.html
    → rel    http://egg.astro.cornell.edu/alfalfa/pubs.php
             ../pubs.html
    → rel    http://egg.astro.cornell.edu/alfalfa/data/index.php
             ../data/index.html

  [MOD] rwebhtml/scheds/status_spr10.html
    → rel    http://egg.astro.cornell.edu/alfalfa/coverage.php
             ../coverage.html
    → rel    http://egg.astro.cornell.edu/alfalfa/pubs.php
             ../pubs.html
    → rel    http://egg.astro.cornell.edu/alfalfa/data/index.php
             ../data/index.html

  [MOD] rwebhtml/scheds/status_spr11.html
    → rel    http://egg.astro.cornell.edu/alfalfa/pubs.php
             ../pubs.html
    → rel    http://egg.astro.cornell.edu/alfalfa/data/index.php
             ../data/index.html

  [MOD] rwebhtml/team/index.html
    → ???    http://egg.astro.cornell.edu/alfalfa/images/alfalfa_sdss_coverage.jpg
    → ???    http://egg.astro.cornell.edu/alfalfa/images/alfalfa_sdss_coverage.jpg
    → rel    http://egg.astro.cornell.edu/alfalfa/ugrad/alfa.htm
             ../ugrad/alfa.htm
    → rel    http://egg.astro.cornell.edu/alfalfa/ugrad/observingmode.htm
             ../ugrad/observingmode.htm
    → rel    http://egg.astro.cornell.edu/alfalfa/ugrad/observingmode.htm
             ../ugrad/observingmode.htm
    → rel    http://egg.astro.cornell.edu/alfalfa/ugrad/twopass.htm
             ../ugrad/twopass.htm
    → rel    http://egg.astro.cornell.edu/alfalfa/ugrad/ALFAforalfalfa.php
             ../ugrad/ALFAforalfalfa.html
    → rel    http://egg.astro.cornell.edu/alfalfa/ugrad/usingalfalfa.php
             ../ugrad/usingalfalfa.html

  [MOD] rwebhtml/ugrad/ALFAforalfalfa.html
    → rel    http://egg.astro.cornell.edu/alfalfa/ugrad/intro2cima.php
             intro2cima.html
    → rel    http://egg.astro.cornell.edu/alfalfa/ugrad/intro2arecibo.php
             intro2arecibo.html
    → rel    http://egg.astro.cornell.edu/alfalfa/ugrad/alfa.htm
             alfa.htm
    → rel    http://egg.astro.cornell.edu/alfalfa/ugrad/alfares.htm
             alfares.htm
    → rel    http://egg.astro.cornell.edu/alfalfa/ugrad/centroid.htm
             centroid.htm
    → rel    http://egg.astro.cornell.edu/alfalfa/ugrad/alfarot.htm
             alfarot.htm
    → rel    http://egg.astro.cornell.edu/alfalfa/ugrad/observingmode.htm
             observingmode.htm
    → rel    http://egg.astro.cornell.edu/alfalfa/ugrad/twopass.htm
             twopass.htm
    → rel    http://egg.astro.cornell.edu/alfalfa/ugrad/precession.php
             precession.html
    → drive  http://egg.astro.cornell.edu/alfalfa/ugrad/images/mh+alfa.jpg
             https://drive.google.com/file/d/1CtCuKAaUHTKdf5ZLHrh4Jtu_gGXYAPlP/view
    → drive  http://egg.astro.cornell.edu/alfalfa/ugrad/images/L-bandwide.jpg
             https://drive.google.com/file/d/1awb62XZSy1Uggmd4rhqV1JiFD8RQ8rQi/view
    → drive  http://egg.astro.cornell.edu/alfalfa/ugrad/images/L-bandwide.jpg
             https://drive.google.com/file/d/1awb62XZSy1Uggmd4rhqV1JiFD8RQ8rQi/view
    → rel    http://egg.astro.cornell.edu/alfalfa/ugrad/galaxysurveys.php
             galaxysurveys.html
    → rel    http://egg.astro.cornell.edu/alfalfa/ugrad/intro2idlalfa.php
             intro2idlalfa.html
    → drive  http://egg.astro.cornell.edu/alfalfa/news/mtgs/union06talks/lh_fundamentals.pdf
             https://drive.google.com/file/d/1WhsWXrcGOYt2ka2-xYqfj4-86zwfu-Sh/view
    → drive  http://egg.astro.cornell.edu/alfalfa/news/mtgs/union06talks/martha_alfaALFALFA.pdf
             https://drive.google.com/file/d/1JYdTmmLsgKI6tgzDNejIN4tWmsS95hJ7/view
    → rel    http://egg.astro.cornell.edu/alfalfa/links.php
             ../links.html
    → rel    http://egg.astro.cornell.edu/alfalfa/ugrad/usingalfalfa.php
             usingalfalfa.html

  [MOD] rwebhtml/ugrad/ALFAforalfalfa05.html
    → drive  http://egg.astro.cornell.edu/alfalfa/news/mtgs/union05talks/UgradALFALFA_Hoffman.pdf
             https://drive.google.com/file/d/19OrAsnjWNEBVchs9aQhjRGetIO4u7rR6/view
    → drive  http://egg.astro.cornell.edu/alfalfa/news/mtgs/union05talks/alfaALFALFA.pdf
             https://drive.google.com/file/d/1wpQBonDnIVYjWz2dDB6sELJ0YcoHdsyJ/view
    → rel    http://egg.astro.cornell.edu/alfalfa/links.php
             ../links.html

  [MOD] rwebhtml/ugrad/ALFAforalfalfa12.html
    → rel    http://egg.astro.cornell.edu/alfalfa/ugrad/intro2arecibo.php
             intro2arecibo.html
    → rel    http://egg.astro.cornell.edu/alfalfa/ugrad/alfa.htm
             alfa.htm
    → rel    http://egg.astro.cornell.edu/alfalfa/ugrad/alfares.htm
             alfares.htm
    → rel    http://egg.astro.cornell.edu/alfalfa/ugrad/centroid.htm
             centroid.htm
    → rel    http://egg.astro.cornell.edu/alfalfa/ugrad/alfarot.htm
             alfarot.htm
    → rel    http://egg.astro.cornell.edu/alfalfa/ugrad/observingmode.htm
             observingmode.htm
    → rel    http://egg.astro.cornell.edu/alfalfa/ugrad/twopass.htm
             twopass.htm
    → rel    http://egg.astro.cornell.edu/alfalfa/ugrad/precession.php
             precession.html
    → rel    http://egg.astro.cornell.edu/alfalfa/ugrad/intro2cima.php
             intro2cima.html
    → rel    http://egg.astro.cornell.edu/alfalfa/ugrad/galaxysurveys.php
             galaxysurveys.html
    → rel    http://egg.astro.cornell.edu/alfalfa/ugrad/intro2idlalfa.php
             intro2idlalfa.html
    → drive  http://egg.astro.cornell.edu/alfalfa/ugrad/images/mh+alfa.jpg
             https://drive.google.com/file/d/1CtCuKAaUHTKdf5ZLHrh4Jtu_gGXYAPlP/view
    → drive  http://egg.astro.cornell.edu/alfalfa/news/mtgs/union06talks/lh_fundamentals.pdf
             https://drive.google.com/file/d/1WhsWXrcGOYt2ka2-xYqfj4-86zwfu-Sh/view
    → drive  http://egg.astro.cornell.edu/alfalfa/news/mtgs/union06talks/martha_alfaALFALFA.pdf
             https://drive.google.com/file/d/1JYdTmmLsgKI6tgzDNejIN4tWmsS95hJ7/view
    → rel    http://egg.astro.cornell.edu/alfalfa/links.php
             ../links.html
    → rel    http://egg.astro.cornell.edu/alfalfa/ugrad/usingalfalfa.php
             usingalfalfa.html

  [MOD] rwebhtml/ugrad/REUworkshops/CCATp17.html
    → rel    http://egg.astro.cornell.edu/alfalfa/ugradteam/hunt16/intro2TOPCAT.htm
             ../../ugradteam/hunt16/intro2TOPCAT.htm

  [MOD] rwebhtml/ugrad/REUworkshops/dustygals16.html
    → rel    http://egg.astro.cornell.edu/alfalfa/ugradteam/hunt16/intro2TOPCAT.htm
             ../../ugradteam/hunt16/intro2TOPCAT.htm

  [MOD] rwebhtml/ugrad/REUworkshops/now.html
    → rel    http://egg.astro.cornell.edu/alfalfa/ugradteam/hunt16/intro2TOPCAT.htm
             ../../ugradteam/hunt16/intro2TOPCAT.htm

  [MOD] rwebhtml/ugrad/alfalfadata.html
    → rel    http://egg.astro.cornell.edu/alfalfa/alfalfabanner.jpg
             ../alfalfabanner.jpg
    → rel    http://egg.astro.cornell.edu/alfalfa/ugrad/u7249.htm
             u7249.htm
    → rel    http://egg.astro.cornell.edu/alfalfa/ugrad/u7345.htm
             u7345.htm
    → rel    http://egg.astro.cornell.edu/alfalfa/ugrad/u7365.htm
             u7365.htm
    → rel    http://egg.astro.cornell.edu/alfalfa/ugrad/u7588.htm
             u7588.htm
    → rel    http://egg.astro.cornell.edu/alfalfa/ugrad/a210822.htm
             a210822.htm
    → rel    http://egg.astro.cornell.edu/alfalfa/ugrad/a224316.htm
             a224316.htm
    → rel    http://egg.astro.cornell.edu/alfalfa/ugrad/a226075.htm
             a226075.htm
    → rel    http://egg.astro.cornell.edu/alfalfa/ugrad/ALFAforalfalfa.php
             ALFAforalfalfa.html
    → rel    http://egg.astro.cornell.edu/alfalfa/ugrad/usingalfalfa.php
             usingalfalfa.html

  [MOD] rwebhtml/ugrad/coords.html
    → rel    http://egg.astro.cornell.edu/alfalfa/ugrad/precession.php
             precession.html

  [MOD] rwebhtml/ugrad/derivinghie.html
    → rel    http://egg.astro.cornell.edu/alfalfa/ugrad/images/eqn_himass.jpg
             images/eqn_himass.jpg
    → rel    http://egg.astro.cornell.edu/alfalfa/ugrad/ALFAforalfalfa.php
             ALFAforalfalfa.html
    → rel    http://egg.astro.cornell.edu/alfalfa/ugrad/usingalfalfa.php
             usingalfalfa.html

  [MOD] rwebhtml/ugrad/derivingstellarmasse.html
    → rel    http://egg.astro.cornell.edu/alfalfa/ugrad/ALFAforalfalfa.php
             ALFAforalfalfa.html
    → rel    http://egg.astro.cornell.edu/alfalfa/ugrad/usingalfalfa.php
             usingalfalfa.html

  [MOD] rwebhtml/ugrad/dynamicalmasse.html
    → ???    http://egg.astro.cornell.edu/alfalfa/ugrad/images/hiprofile
    → rel    http://egg.astro.cornell.edu/alfalfa/ugrad/images/eqn_dynmass.jpg
             images/eqn_dynmass.jpg
    → rel    http://egg.astro.cornell.edu/alfalfa/ugrad/ALFAforalfalfa.php
             ALFAforalfalfa.html
    → rel    http://egg.astro.cornell.edu/alfalfa/ugrad/usingalfalfa.php
             usingalfalfa.html

  [MOD] rwebhtml/ugrad/fall09/index.html
    → rel    http://egg.astro.cornell.edu/alfalfa
             ../../index.html
    → rel    http://egg.astro.cornell.edu/alfalfa/ugrad/ALFAforalfalfa.php
             ../ALFAforalfalfa.html
    → rel    http://egg.astro.cornell.edu/alfalfa/ugrad/usingalfalfa.php
             ../usingalfalfa.html
    → rel    http://egg.astro.cornell.edu/alfalfa/ugrad/NotesOnALFALFAcatalog.html
             ../NotesOnALFALFAcatalog.html
    → rel    http://egg.astro.cornell.edu/alfalfa/ugrad/alfalfadata.html
             ../alfalfadata.html
    → rel    http://egg.astro.cornell.edu/alfalfa/ugrad/agcintro.htm
             ../agcintro.htm
    → rel    http://egg.astro.cornell.edu/alfalfa/ugrad/intro2idlalfa.php
             ../intro2idlalfa.html

  [MOD] rwebhtml/ugrad/fall10/index.html
    → rel    http://egg.astro.cornell.edu/alfalfa
             ../../index.html
    → rel    http://egg.astro.cornell.edu/alfalfa/ugrad/ALFAforalfalfa.php
             ../ALFAforalfalfa.html
    → rel    http://egg.astro.cornell.edu/alfalfa/ugrad/usingalfalfa.php
             ../usingalfalfa.html
    → rel    http://egg.astro.cornell.edu/alfalfa/ugrad/NotesOnALFALFAcatalog.html
             ../NotesOnALFALFAcatalog.html
    → rel    http://egg.astro.cornell.edu/alfalfa/ugrad/alfalfadata.html
             ../alfalfadata.html
    → rel    http://egg.astro.cornell.edu/alfalfa/ugrad/agcintro.htm
             ../agcintro.htm
    → rel    http://egg.astro.cornell.edu/alfalfa/ugrad/intro2idlalfa.php
             ../intro2idlalfa.html

  [MOD] rwebhtml/ugrad/fall14/index.html
    → rel    http://egg.astro.cornell.edu/alfalfa
             ../../index.html
    → rel    http://egg.astro.cornell.edu/alfalfa/ugrad/ALFAforalfalfa.php
             ../ALFAforalfalfa.html
    → rel    http://egg.astro.cornell.edu/alfalfa/ugrad/usingalfalfa.php
             ../usingalfalfa.html
    → rel    http://egg.astro.cornell.edu/alfalfa/ugrad/NotesOnALFALFAcatalog.html
             ../NotesOnALFALFAcatalog.html
    → rel    http://egg.astro.cornell.edu/alfalfa/ugrad/intro_TOPCAT.htm
             ../intro_TOPCAT.htm
    → rel    http://egg.astro.cornell.edu/alfalfa/ugradteam/python/teachpython.html
             ../../ugradteam/python/teachpython.html

  [MOD] rwebhtml/ugrad/galaxysurveys.html
    → rel    http://egg.astro.cornell.edu/alfalfa/data/index.php
             ../data/index.html
    → rel    http://egg.astro.cornell.edu/alfalfa/ugrad/q_set2005.htm
             q_set2005.htm
    → rel    http://egg.astro.cornell.edu/alfalfa/ugrad/findcluster.htm
             findcluster.htm
    → rel    http://egg.astro.cornell.edu/alfalfa/ugrad/findactivegalsA1238.htm
             findactivegalsA1238.htm
    → rel    http://egg.astro.cornell.edu/alfalfa/ugrad/findqsogt5.htm
             findqsogt5.htm
    → rel    http://egg.astro.cornell.edu/alfalfa/ugrad/ALFAforalfalfa.php
             ALFAforalfalfa.html

  [MOD] rwebhtml/ugrad/globalhiprofilee.html
    → rel    http://egg.astro.cornell.edu/alfalfa/ugrad/himass.htm
             himass.htm
    → rel    http://egg.astro.cornell.edu/alfalfa/ugrad/images/hiprofilee.jpg
             images/hiprofilee.jpg
    → rel    http://egg.astro.cornell.edu/alfalfa/ugrad/images/ALFALFAspectrume.gif
             images/ALFALFAspectrume.gif
    → rel    http://egg.astro.cornell.edu/alfalfa/ugrad/ALFAforalfalfa.php
             ALFAforalfalfa.html
    → rel    http://egg.astro.cornell.edu/alfalfa/ugrad/usingalfalfa.php
             usingalfalfa.html

  [MOD] rwebhtml/ugrad/hidistributione.html
    → rel    http://egg.astro.cornell.edu/alfalfa/ugrad/images/m31_opt.jpg
             images/m31_opt.jpg
    → rel    http://egg.astro.cornell.edu/alfalfa/ugrad/images/m31_hi.jpg
             images/m31_hi.jpg
    → rel    http://egg.astro.cornell.edu/alfalfa/ugrad/alfares.htm
             alfares.htm
    → rel    http://egg.astro.cornell.edu/alfalfa/ugrad/hiprofile.htm
             hiprofile.htm
    → rel    http://egg.astro.cornell.edu/alfalfa/ugrad/ALFAforalfalfa.php
             ALFAforalfalfa.html
    → rel    http://egg.astro.cornell.edu/alfalfa/ugrad/usingalfalfa.php
             usingalfalfa.html

  [MOD] rwebhtml/ugrad/index.html
    → rel    http://egg.astro.cornell.edu/alfalfa/ugradteam/ugradteam.php
             ../ugradteam/ugradteam.html
    → rel    http://egg.astro.cornell.edu/alfalfa/ugradteam/ugradj17.php
             ../ugradteam/ugradj17.html
    → rel    http://egg.astro.cornell.edu/alfalfa/ugradteam/ugradj16.php
             ../ugradteam/ugradj16.html
    → rel    http://egg.astro.cornell.edu/alfalfa/ugradteam/ugradj15.php
             ../ugradteam/ugradj15.html
    → rel    http://egg.astro.cornell.edu/alfalfa/ugradteam/ugradj14.php
             ../ugradteam/ugradj14.html
    → rel    http://egg.astro.cornell.edu/alfalfa/ugradteam/ugradj13.php
             ../ugradteam/ugradj13.html
    → rel    http://egg.astro.cornell.edu/alfalfa/ugradteam/ugradj12.php
             ../ugradteam/ugradj12.html
    → rel    http://egg.astro.cornell.edu/alfalfa/ugradteam/ugradj11.php
             ../ugradteam/ugradj11.html
    → rel    http://egg.astro.cornell.edu/alfalfa/ugradteam/ugradj10.php
             ../ugradteam/ugradj10.html
    → rel    http://egg.astro.cornell.edu/alfalfa/ugradteam/ugradj09.php
             ../ugradteam/ugradj09.html
    → rel    http://egg.astro.cornell.edu/alfalfa/ugradteam/ugradj08.php
             ../ugradteam/ugradj08.html
    → rel    http://egg.astro.cornell.edu/alfalfa/ugrad/ALFAforalfalfa.php
             ALFAforalfalfa.html
    → rel    http://egg.astro.cornell.edu/alfalfa/ugrad/usingalfalfa.php
             usingalfalfa.html
    → ???    http://egg.astro.cornell.edu/alfalfa/pract/pract_team.htm
    → rel    http://egg.astro.cornell.edu/alfalfa/ugradteam/python/teachpython.html
             ../ugradteam/python/teachpython.html
    → rel    http://egg.astro.cornell.edu/alfalfa/ugrad/spr15/index.php
             spr15/index.html
    → rel    http://egg.astro.cornell.edu/alfalfa/ugrad/fall14/index.php
             fall14/index.html
    → rel    http://egg.astro.cornell.edu/alfalfa/ugrad/fall10/index.php
             fall10/index.html
    → rel    http://egg.astro.cornell.edu/alfalfa/ugrad/fall09/index.php
             fall09/index.html
    → rel    http://egg.astro.cornell.edu/alfalfa/ugrad/spr09/index.php
             spr09/index.html
    → rel    http://egg.astro.cornell.edu/alfalfa/ugrad/spr08/index.php
             spr08/index.html
    → drive  http://egg.astro.cornell.edu/alfalfa/news/aophotos/arik_alfa.jpg
             https://drive.google.com/file/d/1sXDms3CuC44JR3QOxCu3W7H1zjgUplaH/view
    → drive  http://egg.astro.cornell.edu/alfalfa/news/aophotos/arik_alfa.jpg
             https://drive.google.com/file/d/1sXDms3CuC44JR3QOxCu3W7H1zjgUplaH/view
    → ???    http://egg.astro.cornell.edu/alfalfa/ugradteam/photosnov10/DSC_0123.jpg
    → ???    http://egg.astro.cornell.edu/alfalfa/ugradteam/photosnov10/DSC_0123.jpg
    → ???    http://egg.astro.cornell.edu/alfalfa/ugradteam/photosnov10/DSC_0134.jpg
    → ???    http://egg.astro.cornell.edu/alfalfa/ugradteam/photosnov10/DSC_0134.jpg
    → ???    http://egg.astro.cornell.edu/alfalfa/ugradteam/photosnov10/DSC_0152.jpg
    → ???    http://egg.astro.cornell.edu/alfalfa/ugradteam/photosnov10/DSC_0152.jpg
    → drive  http://egg.astro.cornell.edu/alfalfa/news/photos_jan06/bilals.jpg
             https://drive.google.com/file/d/16Jz3OepIkNYZ3KLISqTAsvQm-i_F09w2/view
    → drive  http://egg.astro.cornell.edu/alfalfa/news/photos_jan06/bilals.jpg
             https://drive.google.com/file/d/16Jz3OepIkNYZ3KLISqTAsvQm-i_F09w2/view
    → drive  http://egg.astro.cornell.edu/alfalfa/news/photos_jan06/sabrina_brian_control.jpg
             https://drive.google.com/file/d/1j4gYtYviEkFMHk2_CC04FgEWMcL6YJ3K/view
    → drive  http://egg.astro.cornell.edu/alfalfa/news/photos_jan06/sabrina_brian_control.jpg
             https://drive.google.com/file/d/1j4gYtYviEkFMHk2_CC04FgEWMcL6YJ3K/view
    → drive  http://egg.astro.cornell.edu/alfalfa/news/aophotos/amy+shea.jpg
             https://drive.google.com/file/d/1rqx7_yM1TB8BVmzC-AZa4dC8Ufy6geQ5/view
    → drive  http://egg.astro.cornell.edu/alfalfa/news/aophotos/amy+shea.jpg
             https://drive.google.com/file/d/1rqx7_yM1TB8BVmzC-AZa4dC8Ufy6geQ5/view
    → drive  http://egg.astro.cornell.edu/alfalfa/news/aophotos/amy_discovers.jpg
             https://drive.google.com/file/d/1PvQKHv04fq_ikZPi22wGjRQkXhzA4gmX/view
    → drive  http://egg.astro.cornell.edu/alfalfa/news/aophotos/amy_discovers.jpg
             https://drive.google.com/file/d/1PvQKHv04fq_ikZPi22wGjRQkXhzA4gmX/view
    → rel    http://egg.astro.cornell.edu/alfalfa/ugradteam/ugradj08.php
             ../ugradteam/ugradj08.html
    → rel    http://egg.astro.cornell.edu/alfalfa/ugradteam/ugradj08.php
             ../ugradteam/ugradj08.html
    → ???    http://egg.astro.cornell.edu/alfalfa/ugradteam/photos08/uatj08group.gif
    → ???    http://egg.astro.cornell.edu/alfalfa/ugradteam/photos08/uatj08group.jpg
    → ???    http://egg.astro.cornell.edu/alfalfa/ugradteam/photosj08.php
    → rel    http://egg.astro.cornell.edu/alfalfa/news/mtgs/union05talks/index.php
             ../news/mtgs/union05talks/index.html
    → drive  http://egg.astro.cornell.edu/alfalfa/pubs/aasjan06/johnposter.pdf
             https://drive.google.com/file/d/106-QrLfu50uUC6KP2nkHfvqv3qAW4nXF/view
    → rel    http://egg.astro.cornell.edu/alfalfa/ugrad/ualfa06.php
             ualfa06.html

  [MOD] rwebhtml/ugrad/index_2013.html
    → rel    http://egg.astro.cornell.edu/alfalfa/ugradteam/ugradteam.php
             ../ugradteam/ugradteam.html
    → rel    http://egg.astro.cornell.edu/alfalfa/ugradteam/ugradj13.php
             ../ugradteam/ugradj13.html
    → rel    http://egg.astro.cornell.edu/alfalfa/ugradteam/ugradj12.php
             ../ugradteam/ugradj12.html
    → rel    http://egg.astro.cornell.edu/alfalfa/ugradteam/ugradj11.php
             ../ugradteam/ugradj11.html
    → rel    http://egg.astro.cornell.edu/alfalfa/ugradteam/ugradj10.php
             ../ugradteam/ugradj10.html
    → rel    http://egg.astro.cornell.edu/alfalfa/ugradteam/ugradj09.php
             ../ugradteam/ugradj09.html
    → rel    http://egg.astro.cornell.edu/alfalfa/ugradteam/ugradj08.php
             ../ugradteam/ugradj08.html
    → rel    http://egg.astro.cornell.edu/alfalfa/ugrad/ALFAforalfalfa.php
             ALFAforalfalfa.html
    → rel    http://egg.astro.cornell.edu/alfalfa/ugrad/usingalfalfa.php
             usingalfalfa.html
    → ???    http://egg.astro.cornell.edu/alfalfa/pract/pract_team.htm
    → rel    http://egg.astro.cornell.edu/alfalfa/ugrad/fall10/index.php
             fall10/index.html
    → rel    http://egg.astro.cornell.edu/alfalfa/ugrad/fall09/index.php
             fall09/index.html
    → rel    http://egg.astro.cornell.edu/alfalfa/ugrad/spr09/index.php
             spr09/index.html
    → rel    http://egg.astro.cornell.edu/alfalfa/ugrad/spr08/index.php
             spr08/index.html
    → drive  http://egg.astro.cornell.edu/alfalfa/news/aophotos/arik_alfa.jpg
             https://drive.google.com/file/d/1sXDms3CuC44JR3QOxCu3W7H1zjgUplaH/view
    → drive  http://egg.astro.cornell.edu/alfalfa/news/aophotos/arik_alfa.jpg
             https://drive.google.com/file/d/1sXDms3CuC44JR3QOxCu3W7H1zjgUplaH/view
    → ???    http://egg.astro.cornell.edu/alfalfa/ugradteam/photosnov10/DSC_0123.jpg
    → ???    http://egg.astro.cornell.edu/alfalfa/ugradteam/photosnov10/DSC_0123.jpg
    → ???    http://egg.astro.cornell.edu/alfalfa/ugradteam/photosnov10/DSC_0134.jpg
    → ???    http://egg.astro.cornell.edu/alfalfa/ugradteam/photosnov10/DSC_0134.jpg
    → ???    http://egg.astro.cornell.edu/alfalfa/ugradteam/photosnov10/DSC_0152.jpg
    → ???    http://egg.astro.cornell.edu/alfalfa/ugradteam/photosnov10/DSC_0152.jpg
    → drive  http://egg.astro.cornell.edu/alfalfa/news/photos_jan06/bilals.jpg
             https://drive.google.com/file/d/16Jz3OepIkNYZ3KLISqTAsvQm-i_F09w2/view
    → drive  http://egg.astro.cornell.edu/alfalfa/news/photos_jan06/bilals.jpg
             https://drive.google.com/file/d/16Jz3OepIkNYZ3KLISqTAsvQm-i_F09w2/view
    → drive  http://egg.astro.cornell.edu/alfalfa/news/photos_jan06/sabrina_brian_control.jpg
             https://drive.google.com/file/d/1j4gYtYviEkFMHk2_CC04FgEWMcL6YJ3K/view
    → drive  http://egg.astro.cornell.edu/alfalfa/news/photos_jan06/sabrina_brian_control.jpg
             https://drive.google.com/file/d/1j4gYtYviEkFMHk2_CC04FgEWMcL6YJ3K/view
    → drive  http://egg.astro.cornell.edu/alfalfa/news/aophotos/amy+shea.jpg
             https://drive.google.com/file/d/1rqx7_yM1TB8BVmzC-AZa4dC8Ufy6geQ5/view
    → drive  http://egg.astro.cornell.edu/alfalfa/news/aophotos/amy+shea.jpg
             https://drive.google.com/file/d/1rqx7_yM1TB8BVmzC-AZa4dC8Ufy6geQ5/view
    → drive  http://egg.astro.cornell.edu/alfalfa/news/aophotos/amy_discovers.jpg
             https://drive.google.com/file/d/1PvQKHv04fq_ikZPi22wGjRQkXhzA4gmX/view
    → drive  http://egg.astro.cornell.edu/alfalfa/news/aophotos/amy_discovers.jpg
             https://drive.google.com/file/d/1PvQKHv04fq_ikZPi22wGjRQkXhzA4gmX/view
    → rel    http://egg.astro.cornell.edu/alfalfa/ugradteam/ugradj08.php
             ../ugradteam/ugradj08.html
    → rel    http://egg.astro.cornell.edu/alfalfa/ugradteam/ugradj08.php
             ../ugradteam/ugradj08.html
    → ???    http://egg.astro.cornell.edu/alfalfa/ugradteam/photos08/uatj08group.gif
    → ???    http://egg.astro.cornell.edu/alfalfa/ugradteam/photos08/uatj08group.jpg
    → ???    http://egg.astro.cornell.edu/alfalfa/ugradteam/photosj08.php
    → rel    http://egg.astro.cornell.edu/alfalfa/news/mtgs/union05talks/index.php
             ../news/mtgs/union05talks/index.html
    → drive  http://egg.astro.cornell.edu/alfalfa/pubs/aasjan06/johnposter.pdf
             https://drive.google.com/file/d/106-QrLfu50uUC6KP2nkHfvqv3qAW4nXF/view
    → rel    http://egg.astro.cornell.edu/alfalfa/ugrad/ualfa06.php
             ualfa06.html

  [MOD] rwebhtml/ugrad/intro2arecibo.html
    → drive  http://egg.astro.cornell.edu/alfalfa/ugrad/backgrnd/intro2arecibo.pdf
             https://drive.google.com/file/d/1GxQ2f7MuaJhLK_DCPCigdrVkxcmEYjcF/view
    → rel    http://egg.astro.cornell.edu/alfalfa/ugrad/ALFAforalfalfa.php
             ALFAforalfalfa.html

  [MOD] rwebhtml/ugrad/intro2cima.html
    → rel    http://egg.astro.cornell.edu/alfalfa/ugrad/ALFAforalfalfa.php
             ALFAforalfalfa.html

  [MOD] rwebhtml/ugrad/intro2idlalfa.html
    → rel    http://egg.astro.cornell.edu/alfalfa/ugrad/ALFAforalfalfa.php
             ALFAforalfalfa.html

  [MOD] rwebhtml/ugrad/precession.html
    → rel    http://egg.astro.cornell.edu/alfalfa/ugrad/ALFAforalfalfa.php
             ALFAforalfalfa.html

  [MOD] rwebhtml/ugrad/spr08/index.html
    → rel    http://egg.astro.cornell.edu/alfalfa
             ../../index.html
    → rel    http://egg.astro.cornell.edu/alfalfa/ugrad/ALFAforalfalfa.php
             ../ALFAforalfalfa.html
    → rel    http://egg.astro.cornell.edu/alfalfa/ugrad/usingalfalfa.php
             ../usingalfalfa.html
    → rel    http://egg.astro.cornell.edu/alfalfa/ugrad/intro2idlalfa.php
             ../intro2idlalfa.html

  [MOD] rwebhtml/ugrad/spr09/index.html
    → rel    http://egg.astro.cornell.edu/alfalfa
             ../../index.html
    → rel    http://egg.astro.cornell.edu/alfalfa/ugrad/ALFAforalfalfa.php
             ../ALFAforalfalfa.html
    → rel    http://egg.astro.cornell.edu/alfalfa/ugrad/usingalfalfa.php
             ../usingalfalfa.html
    → rel    http://egg.astro.cornell.edu/alfalfa/ugrad/NotesOnALFALFAcatalog.html
             ../NotesOnALFALFAcatalog.html
    → rel    http://egg.astro.cornell.edu/alfalfa/ugrad/alfalfadata.html
             ../alfalfadata.html
    → rel    http://egg.astro.cornell.edu/alfalfa/ugrad/agcintro.htm
             ../agcintro.htm
    → rel    http://egg.astro.cornell.edu/alfalfa/ugrad/intro2idlalfa.php
             ../intro2idlalfa.html

  [MOD] rwebhtml/ugrad/spr15/alison.spr15.html
    → rel    http://egg.astro.cornell.edu/alfalfa/ugradteam/python/teachpython.html
             ../../ugradteam/python/teachpython.html

  [MOD] rwebhtml/ugrad/spr15/paola.spr15.html
    → rel    http://egg.astro.cornell.edu/alfalfa/ugradteam/hunt15/hunt3_15teamA.htm
             ../../ugradteam/hunt15/hunt3_15teamA.htm

  [MOD] rwebhtml/ugrad/summ09/index.html
    → rel    http://egg.astro.cornell.edu/alfalfa
             ../../index.html
    → rel    http://egg.astro.cornell.edu/alfalfa/ugrad/ALFAforalfalfa.php
             ../ALFAforalfalfa.html
    → rel    http://egg.astro.cornell.edu/alfalfa/ugrad/usingalfalfa.php
             ../usingalfalfa.html
    → rel    http://egg.astro.cornell.edu/alfalfa/ugrad/NotesOnALFALFAcatalog.html
             ../NotesOnALFALFAcatalog.html
    → rel    http://egg.astro.cornell.edu/alfalfa/ugrad/alfalfadata.html
             ../alfalfadata.html
    → rel    http://egg.astro.cornell.edu/alfalfa/ugrad/agcintro.htm
             ../agcintro.htm
    → rel    http://egg.astro.cornell.edu/alfalfa/ugrad/intro2idlalfa.php
             ../intro2idlalfa.html

  [MOD] rwebhtml/ugrad/summ15/index.html
    → rel    http://egg.astro.cornell.edu/alfalfa/ugradteam/ugradteam.php
             ../../ugradteam/ugradteam.html
    → rel    http://egg.astro.cornell.edu/alfalfa/ugradteam/ugradj17.php
             ../../ugradteam/ugradj17.html
    → rel    http://egg.astro.cornell.edu/alfalfa/ugradteam/ugradj16.php
             ../../ugradteam/ugradj16.html
    → rel    http://egg.astro.cornell.edu/alfalfa/ugradteam/ugradj15.php
             ../../ugradteam/ugradj15.html
    → rel    http://egg.astro.cornell.edu/alfalfa/ugradteam/ugradj14.php
             ../../ugradteam/ugradj14.html
    → rel    http://egg.astro.cornell.edu/alfalfa/ugradteam/ugradj13.php
             ../../ugradteam/ugradj13.html
    → rel    http://egg.astro.cornell.edu/alfalfa/ugradteam/ugradj12.php
             ../../ugradteam/ugradj12.html
    → rel    http://egg.astro.cornell.edu/alfalfa/ugradteam/ugradj11.php
             ../../ugradteam/ugradj11.html
    → rel    http://egg.astro.cornell.edu/alfalfa/ugradteam/ugradj10.php
             ../../ugradteam/ugradj10.html
    → rel    http://egg.astro.cornell.edu/alfalfa/ugradteam/ugradj09.php
             ../../ugradteam/ugradj09.html
    → rel    http://egg.astro.cornell.edu/alfalfa/ugradteam/ugradj08.php
             ../../ugradteam/ugradj08.html
    → rel    http://egg.astro.cornell.edu/alfalfa/ugrad/ALFAforalfalfa.php
             ../ALFAforalfalfa.html
    → rel    http://egg.astro.cornell.edu/alfalfa/ugrad/usingalfalfa.php
             ../usingalfalfa.html
    → ???    http://egg.astro.cornell.edu/alfalfa/pract/pract_team.htm
    → rel    http://egg.astro.cornell.edu/alfalfa/ugradteam/python/teachpython.html
             ../../ugradteam/python/teachpython.html
    → rel    http://egg.astro.cornell.edu/alfalfa/ugrad/spr15/index.php
             ../spr15/index.html
    → rel    http://egg.astro.cornell.edu/alfalfa/ugrad/fall14/index.php
             ../fall14/index.html
    → rel    http://egg.astro.cornell.edu/alfalfa/ugrad/fall10/index.php
             ../fall10/index.html
    → rel    http://egg.astro.cornell.edu/alfalfa/ugrad/fall09/index.php
             ../fall09/index.html
    → rel    http://egg.astro.cornell.edu/alfalfa/ugrad/spr09/index.php
             ../spr09/index.html
    → rel    http://egg.astro.cornell.edu/alfalfa/ugrad/spr08/index.php
             ../spr08/index.html
    → drive  http://egg.astro.cornell.edu/alfalfa/news/aophotos/arik_alfa.jpg
             https://drive.google.com/file/d/1sXDms3CuC44JR3QOxCu3W7H1zjgUplaH/view
    → drive  http://egg.astro.cornell.edu/alfalfa/news/aophotos/arik_alfa.jpg
             https://drive.google.com/file/d/1sXDms3CuC44JR3QOxCu3W7H1zjgUplaH/view
    → ???    http://egg.astro.cornell.edu/alfalfa/ugradteam/photosnov10/DSC_0123.jpg
    → ???    http://egg.astro.cornell.edu/alfalfa/ugradteam/photosnov10/DSC_0123.jpg
    → ???    http://egg.astro.cornell.edu/alfalfa/ugradteam/photosnov10/DSC_0134.jpg
    → ???    http://egg.astro.cornell.edu/alfalfa/ugradteam/photosnov10/DSC_0134.jpg
    → ???    http://egg.astro.cornell.edu/alfalfa/ugradteam/photosnov10/DSC_0152.jpg
    → ???    http://egg.astro.cornell.edu/alfalfa/ugradteam/photosnov10/DSC_0152.jpg
    → drive  http://egg.astro.cornell.edu/alfalfa/news/photos_jan06/bilals.jpg
             https://drive.google.com/file/d/16Jz3OepIkNYZ3KLISqTAsvQm-i_F09w2/view
    → drive  http://egg.astro.cornell.edu/alfalfa/news/photos_jan06/bilals.jpg
             https://drive.google.com/file/d/16Jz3OepIkNYZ3KLISqTAsvQm-i_F09w2/view
    → drive  http://egg.astro.cornell.edu/alfalfa/news/photos_jan06/sabrina_brian_control.jpg
             https://drive.google.com/file/d/1j4gYtYviEkFMHk2_CC04FgEWMcL6YJ3K/view
    → drive  http://egg.astro.cornell.edu/alfalfa/news/photos_jan06/sabrina_brian_control.jpg
             https://drive.google.com/file/d/1j4gYtYviEkFMHk2_CC04FgEWMcL6YJ3K/view
    → drive  http://egg.astro.cornell.edu/alfalfa/news/aophotos/amy+shea.jpg
             https://drive.google.com/file/d/1rqx7_yM1TB8BVmzC-AZa4dC8Ufy6geQ5/view
    → drive  http://egg.astro.cornell.edu/alfalfa/news/aophotos/amy+shea.jpg
             https://drive.google.com/file/d/1rqx7_yM1TB8BVmzC-AZa4dC8Ufy6geQ5/view
    → drive  http://egg.astro.cornell.edu/alfalfa/news/aophotos/amy_discovers.jpg
             https://drive.google.com/file/d/1PvQKHv04fq_ikZPi22wGjRQkXhzA4gmX/view
    → drive  http://egg.astro.cornell.edu/alfalfa/news/aophotos/amy_discovers.jpg
             https://drive.google.com/file/d/1PvQKHv04fq_ikZPi22wGjRQkXhzA4gmX/view
    → rel    http://egg.astro.cornell.edu/alfalfa/ugradteam/ugradj08.php
             ../../ugradteam/ugradj08.html
    → rel    http://egg.astro.cornell.edu/alfalfa/ugradteam/ugradj08.php
             ../../ugradteam/ugradj08.html
    → ???    http://egg.astro.cornell.edu/alfalfa/ugradteam/photos08/uatj08group.gif
    → ???    http://egg.astro.cornell.edu/alfalfa/ugradteam/photos08/uatj08group.jpg
    → ???    http://egg.astro.cornell.edu/alfalfa/ugradteam/photosj08.php
    → rel    http://egg.astro.cornell.edu/alfalfa/news/mtgs/union05talks/index.php
             ../../news/mtgs/union05talks/index.html
    → drive  http://egg.astro.cornell.edu/alfalfa/pubs/aasjan06/johnposter.pdf
             https://drive.google.com/file/d/106-QrLfu50uUC6KP2nkHfvqv3qAW4nXF/view
    → rel    http://egg.astro.cornell.edu/alfalfa/ugrad/ualfa06.php
             ../ualfa06.html

  [MOD] rwebhtml/ugrad/ualfa06.html
    → rel    http://egg.astro.cornell.edu/alfalfa
             ../index.html
    → rel    http://egg.astro.cornell.edu/alfalfa/ugrad/gettingstarted.php
             gettingstarted.html
    → rel    http://egg.astro.cornell.edu/alfalfa/ugrad/scilinks/scilinks.php
             scilinks/scilinks.html

  [MOD] rwebhtml/ugrad/ualfas07.html
    → rel    http://egg.astro.cornell.edu/alfalfa
             ../index.html
    → rel    http://egg.astro.cornell.edu/alfalfa/ugrad/gettingstarted.php
             gettingstarted.html
    → rel    http://egg.astro.cornell.edu/alfalfa/ugrad/scilinks/scilinks.php
             scilinks/scilinks.html
    → rel    http://egg.astro.cornell.edu/alfalfa/ugrad/intro2idlalfa.php
             intro2idlalfa.html

  [MOD] rwebhtml/ugrad/usingalfalfa.html
    → rel    http://egg.astro.cornell.edu/alfalfa/ugrad/hidistrib.htm
             hidistrib.htm
    → rel    http://egg.astro.cornell.edu/alfalfa/ugrad/hiprofile.htm
             hiprofile.htm
    → rel    http://egg.astro.cornell.edu/alfalfa/ugrad/himass.htm
             himass.htm
    → rel    http://egg.astro.cornell.edu/alfalfa/ugrad/dynmass.htm
             dynmass.htm
    → rel    http://egg.astro.cornell.edu/alfalfa/ugrad/stellarmass.htm
             stellarmass.htm
    → rel    http://egg.astro.cornell.edu/alfalfa/ugrad/alfalfadata.html
             alfalfadata.html
    → rel    http://egg.astro.cornell.edu/alfalfa/ugrad/ALFAforalfalfa.php
             ALFAforalfalfa.html

  [MOD] rwebhtml/ugradteam/apps/appssurvey.html
    → rel    http://egg.astro.cornell.edu/alfalfa/alfalfabanner.jpg
             ../../alfalfabanner.jpg
    → rel    http://egg.astro.cornell.edu/alfalfa/ugradteam/lbw/lbw_reduction.htm
             ../lbw/lbw_reduction.htm

  [MOD] rwebhtml/ugradteam/apps/index.html
    → rel    http://egg.astro.cornell.edu/alfalfa/alfalfabanner.jpg
             ../../alfalfabanner.jpg
    → rel    http://egg.astro.cornell.edu/alfalfa/index.php
             ../../index.html
    → rel    http://egg.astro.cornell.edu/alfalfa/people.php
             ../../people.html
    → rel    http://egg.astro.cornell.edu/alfalfa/science.php
             ../../science.html
    → rel    http://egg.astro.cornell.edu/alfalfa/scheds/index.php
             ../../scheds/index.html
    → rel    http://egg.astro.cornell.edu/alfalfa/data/index.php
             ../../data/index.html
    → rel    http://egg.astro.cornell.edu/alfalfa/docs/index.php
             ../../docs/index.html
    → rel    http://egg.astro.cornell.edu/alfalfa/links.php
             ../../links.html
    → rel    http://egg.astro.cornell.edu/alfalfa/pubs.php
             ../../pubs.html
    → rel    http://egg.astro.cornell.edu/alfalfa/ugrad/index.php
             ../../ugrad/index.html
    → rel    http://egg.astro.cornell.edu/alfalfa/epo/index.php
             ../../epo/index.html
    → rel    http://egg.astro.cornell.edu/alfalfa/news/index.php
             ../../news/index.html
    → rel    http://egg.astro.cornell.edu/alfalfa/
             ../../index.html
    → rel    http://egg.astro.cornell.edu/alfalfa/ugradteam/ugradwksp.php
             ../ugradwksp.html
    → ???    http://egg.astro.cornell.edu/alfalfa/ugradteam/travelinfo_obs.php
    → rel    http://egg.astro.cornell.edu/alfalfa/ugradteam/ugradteampubs.php
             ../ugradteampubs.html
    → rel    http://egg.astro.cornell.edu/alfalfa/ugradteam/ugradj20.php
             ../ugradj20.html
    → rel    http://egg.astro.cornell.edu/alfalfa/ugradteam/ugradj19.php
             ../ugradj19.html
    → rel    http://egg.astro.cornell.edu/alfalfa/ugradteam/ugradj18.php
             ../ugradj18.html
    → rel    http://egg.astro.cornell.edu/alfalfa/ugradteam/ugradj17.php
             ../ugradj17.html
    → rel    http://egg.astro.cornell.edu/alfalfa/ugradteam/ugradj16.php
             ../ugradj16.html
    → rel    http://egg.astro.cornell.edu/alfalfa/ugradteam/uat_union1506.php
             ../uat_union1506.html
    → rel    http://egg.astro.cornell.edu/alfalfa/ugradteam/ugradj15.php
             ../ugradj15.html
    → rel    http://egg.astro.cornell.edu/alfalfa/ugradteam/ugradj14.php
             ../ugradj14.html
    → rel    http://egg.astro.cornell.edu/alfalfa/ugradteam/uat_union1306.php
             ../uat_union1306.html
    → rel    http://egg.astro.cornell.edu/alfalfa/ugradteam/ugradj13.php
             ../ugradj13.html
    → rel    http://egg.astro.cornell.edu/alfalfa/ugradteam/ugradj12.php
             ../ugradj12.html
    → rel    http://egg.astro.cornell.edu/alfalfa/ugradteam/uat_union1107.php
             ../uat_union1107.html
    → rel    http://egg.astro.cornell.edu/alfalfa/ugradteam/ugradj11.php
             ../ugradj11.html
    → rel    http://egg.astro.cornell.edu/alfalfa/ugradteam/uat_union1006.php
             ../uat_union1006.html
    → rel    http://egg.astro.cornell.edu/alfalfa/ugradteam/ugradj10.php
             ../ugradj10.html
    → rel    http://egg.astro.cornell.edu/alfalfa/ugradteam/uat_union0907.php
             ../uat_union0907.html
    → rel    http://egg.astro.cornell.edu/alfalfa/ugradteam/ugradj09.php
             ../ugradj09.html
    → rel    http://egg.astro.cornell.edu/alfalfa/ugradteam/uat_siena0810.php
             ../uat_siena0810.html
    → rel    http://egg.astro.cornell.edu/alfalfa/ugradteam/uat_union0807.php
             ../uat_union0807.html
    → rel    http://egg.astro.cornell.edu/alfalfa/ugradteam/ugradj08.php
             ../ugradj08.html
    → ???    http://egg.astro.cornell.edu/alfalfa/ugradteam/NSF_grant_GSUMAG.pdf
    → drive  http://egg.astro.cornell.edu/alfalfa/news/union07oct.pdf
             https://drive.google.com/file/d/1EQjP7EV3s0VCpal3t1qQNmuuk9LyH3WZ/view

  [MOD] rwebhtml/ugradteam/becky_test.html
    → rel    http://egg.astro.cornell.edu/alfalfa/alfalfabanner.jpg
             ../alfalfabanner.jpg
    → drive  http://egg.astro.cornell.edu/alfalfa/ugrad/backgrnd/intro2arecibo.pdf
             https://drive.google.com/file/d/1GxQ2f7MuaJhLK_DCPCigdrVkxcmEYjcF/view
    → rel    http://egg.astro.cornell.edu/alfalfa/ugrad/usingalfalfa.php
             ../ugrad/usingalfalfa.html
    → rel    http://egg.astro.cornell.edu/alfalfa/ugradteam/uat12galaxysurveys.php
             uat12galaxysurveys.html
    → rel    http://egg.astro.cornell.edu/alfalfa/ugrad/coords.php
             ../ugrad/coords.html
    → rel    http://egg.astro.cornell.edu/alfalfa/ugrad/intro2idlalfa.php
             ../ugrad/intro2idlalfa.html
    → rel    http://egg.astro.cornell.edu/alfalfa/ugrad/observingmode.htm
             ../ugrad/observingmode.htm
    → rel    http://egg.astro.cornell.edu/alfalfa/ugrad/alfarot.htm
             ../ugrad/alfarot.htm
    → rel    http://egg.astro.cornell.edu/alfalfa/ugrad/twopass.htm
             ../ugrad/twopass.htm
    → rel    http://egg.astro.cornell.edu/alfalfa/ugrad/ALFAforalfalfa.php
             ../ugrad/ALFAforalfalfa.html

  [MOD] rwebhtml/ugradteam/cat_read.html
    → rel    http://egg.astro.cornell.edu/alfalfa/alfalfabanner.jpg
             ../alfalfabanner.jpg

  [MOD] rwebhtml/ugradteam/darkgals/darkgal2_12.html
    → rel    http://egg.astro.cornell.edu/alfalfa/ugrad/introskylinks.htm
             ../../ugrad/introskylinks.htm
    → rel    http://egg.astro.cornell.edu/alfalfa/ugradteam/uatj13propexercises2.php
             ../uatj13propexercises2.html
    → rel    http://egg.astro.cornell.edu/alfalfa/ugrad/NotesOnALFALFAcatalog.html
             ../../ugrad/NotesOnALFALFAcatalog.html

  [MOD] rwebhtml/ugradteam/darkgals/index.html
    → rel    http://egg.astro.cornell.edu/alfalfa/alfalfabanner.jpg
             ../../alfalfabanner.jpg
    → rel    http://egg.astro.cornell.edu/alfalfa
             ../../index.html

  [MOD] rwebhtml/ugradteam/friedman.html
    → rel    http://egg.astro.cornell.edu/alfalfa/ugradteam/uat09sch.php
             uat09sch.html
    → rel    http://egg.astro.cornell.edu/alfalfa/ugradteam/ugradj09.php
             ugradj09.html

  [MOD] rwebhtml/ugradteam/gal_props_new.html
    → rel    http://egg.astro.cornell.edu/alfalfa/alfalfabanner.jpg
             ../alfalfabanner.jpg
    → rel    http://egg.astro.cornell.edu/alfalfa/ugrad/NotesOnALFALFAcatalog.html
             ../ugrad/NotesOnALFALFAcatalog.html

  [MOD] rwebhtml/ugradteam/gbt.uatlist.html
    → rel    http://egg.astro.cornell.edu/alfalfa/alfalfabanner.jpg
             ../alfalfabanner.jpg

  [MOD] rwebhtml/ugradteam/gbt.uatlistaug18.html
    → rel    http://egg.astro.cornell.edu/alfalfa/alfalfabanner.jpg
             ../alfalfabanner.jpg

  [MOD] rwebhtml/ugradteam/groups/lbwgroup.html
    → rel    http://egg.astro.cornell.edu/alfalfa/styles/style1.css
             ../../styles/style1.css
    → rel    http://egg.astro.cornell.edu/alfalfa/alfalfabanner.jpg
             ../../alfalfabanner.jpg

  [MOD] rwebhtml/ugradteam/groups/lbwgroups.html
    → rel    http://egg.astro.cornell.edu/alfalfa/styles/style1.css
             ../../styles/style1.css
    → rel    http://egg.astro.cornell.edu/alfalfa/alfalfabanner.jpg
             ../../alfalfabanner.jpg

  [MOD] rwebhtml/ugradteam/groups/mkw10.html
    → rel    http://egg.astro.cornell.edu/alfalfa/styles/style1.css
             ../../styles/style1.css
    → rel    http://egg.astro.cornell.edu/alfalfa/alfalfabanner.jpg
             ../../alfalfabanner.jpg

  [MOD] rwebhtml/ugradteam/groups/mkw11.html
    → rel    http://egg.astro.cornell.edu/alfalfa/styles/style1.css
             ../../styles/style1.css
    → rel    http://egg.astro.cornell.edu/alfalfa/alfalfabanner.jpg
             ../../alfalfabanner.jpg

  [MOD] rwebhtml/ugradteam/groups/mkw12.html
    → rel    http://egg.astro.cornell.edu/alfalfa/styles/style1.css
             ../../styles/style1.css
    → rel    http://egg.astro.cornell.edu/alfalfa/alfalfabanner.jpg
             ../../alfalfabanner.jpg

  [MOD] rwebhtml/ugradteam/groups/mkw8.html
    → rel    http://egg.astro.cornell.edu/alfalfa/styles/style1.css
             ../../styles/style1.css
    → rel    http://egg.astro.cornell.edu/alfalfa/alfalfabanner.jpg
             ../../alfalfabanner.jpg

  [MOD] rwebhtml/ugradteam/groups/n5846.html
    → rel    http://egg.astro.cornell.edu/alfalfa/styles/style1.css
             ../../styles/style1.css
    → rel    http://egg.astro.cornell.edu/alfalfa/alfalfabanner.jpg
             ../../alfalfabanner.jpg

  [MOD] rwebhtml/ugradteam/groups/nrgb041.html
    → rel    http://egg.astro.cornell.edu/alfalfa/styles/style1.css
             ../../styles/style1.css
    → rel    http://egg.astro.cornell.edu/alfalfa/alfalfabanner.jpg
             ../../alfalfabanner.jpg

  [MOD] rwebhtml/ugradteam/groups/nrgb054.html
    → rel    http://egg.astro.cornell.edu/alfalfa/styles/style1.css
             ../../styles/style1.css
    → rel    http://egg.astro.cornell.edu/alfalfa/alfalfabanner.jpg
             ../../alfalfabanner.jpg

  [MOD] rwebhtml/ugradteam/groups/nrgb151.html
    → rel    http://egg.astro.cornell.edu/alfalfa/styles/style1.css
             ../../styles/style1.css
    → rel    http://egg.astro.cornell.edu/alfalfa/alfalfabanner.jpg
             ../../alfalfabanner.jpg

  [MOD] rwebhtml/ugradteam/groups/nrgb168.html
    → rel    http://egg.astro.cornell.edu/alfalfa/styles/style1.css
             ../../styles/style1.css
    → rel    http://egg.astro.cornell.edu/alfalfa/alfalfabanner.jpg
             ../../alfalfabanner.jpg

  [MOD] rwebhtml/ugradteam/groups/nrgb301.html
    → rel    http://egg.astro.cornell.edu/alfalfa/styles/style1.css
             ../../styles/style1.css
    → rel    http://egg.astro.cornell.edu/alfalfa/alfalfabanner.jpg
             ../../alfalfabanner.jpg

  [MOD] rwebhtml/ugradteam/groups/nrgb331.html
    → rel    http://egg.astro.cornell.edu/alfalfa/styles/style1.css
             ../../styles/style1.css
    → rel    http://egg.astro.cornell.edu/alfalfa/alfalfabanner.jpg
             ../../alfalfabanner.jpg

  [MOD] rwebhtml/ugradteam/hidistribution_spanish.html
    → rel    http://egg.astro.cornell.edu/alfalfa/ugrad/images/m31_opt.jpg
             ../ugrad/images/m31_opt.jpg
    → rel    http://egg.astro.cornell.edu/alfalfa/ugrad/images/m31_hi.jpg
             ../ugrad/images/m31_hi.jpg
    → rel    http://egg.astro.cornell.edu/alfalfa/ugrad/alfares.htm
             ../ugrad/alfares.htm
    → rel    http://egg.astro.cornell.edu/alfalfa/ugrad/hiprofile.htm
             ../ugrad/hiprofile.htm
    → rel    http://egg.astro.cornell.edu/alfalfa/ugrad/ALFAforalfalfa.php
             ../ugrad/ALFAforalfalfa.html
    → rel    http://egg.astro.cornell.edu/alfalfa/ugrad/usingalfalfa.php
             ../ugrad/usingalfalfa.html

  [MOD] rwebhtml/ugradteam/hunt11/huntobs_11.html
    → rel    http://egg.astro.cornell.edu/alfalfa/alfalfabanner.jpg
             ../../alfalfabanner.jpg
    → rel    http://egg.astro.cornell.edu/alfalfa/ugrad/ALFAforalfalfa.php
             ../../ugrad/ALFAforalfalfa.html
    → rel    http://egg.astro.cornell.edu/alfalfa
             ../../index.html

  [MOD] rwebhtml/ugradteam/hunt11/uat11_obs.html
    → rel    http://egg.astro.cornell.edu/alfalfa/alfalfabanner.jpg
             ../../alfalfabanner.jpg
    → rel    http://egg.astro.cornell.edu/alfalfa/ugradteam/ugradj11.php
             ../ugradj11.html

  [MOD] rwebhtml/ugradteam/hunt11/uatgroups_sample.html
    → rel    http://egg.astro.cornell.edu/alfalfa/alfalfabanner.jpg
             ../../alfalfabanner.jpg

  [MOD] rwebhtml/ugradteam/hunt12/huntlbw_12.html
    → rel    http://egg.astro.cornell.edu/alfalfa/alfalfabanner.jpg
             ../../alfalfabanner.jpg
    → rel    http://egg.astro.cornell.edu/alfalfa/ugrad/ALFAforalfalfa.php
             ../../ugrad/ALFAforalfalfa.html
    → ???    http://egg.astro.cornell.edu/alfalfa/ugradteam/dark_mhdec11.php
    → rel    http://egg.astro.cornell.edu/alfalfa/data
             ../../data/index.html
    → rel    http://egg.astro.cornell.edu/alfalfa
             ../../index.html

  [MOD] rwebhtml/ugradteam/hunt12/huntobs_11.html
    → rel    http://egg.astro.cornell.edu/alfalfa/alfalfabanner.jpg
             ../../alfalfabanner.jpg
    → rel    http://egg.astro.cornell.edu/alfalfa/ugrad/ALFAforalfalfa.php
             ../../ugrad/ALFAforalfalfa.html
    → rel    http://egg.astro.cornell.edu/alfalfa
             ../../index.html

  [MOD] rwebhtml/ugradteam/hunt12/huntobs_12.html
    → rel    http://egg.astro.cornell.edu/alfalfa/alfalfabanner.jpg
             ../../alfalfabanner.jpg
    → rel    http://egg.astro.cornell.edu/alfalfa/ugrad/ALFAforalfalfa.php
             ../../ugrad/ALFAforalfalfa.html

  [MOD] rwebhtml/ugradteam/hunt12/huntobs_12t.html
    → rel    http://egg.astro.cornell.edu/alfalfa/alfalfabanner.jpg
             ../../alfalfabanner.jpg
    → rel    http://egg.astro.cornell.edu/alfalfa/ugrad/ALFAforalfalfa.php
             ../../ugrad/ALFAforalfalfa.html
    → rel    http://egg.astro.cornell.edu/alfalfa
             ../../index.html

  [MOD] rwebhtml/ugradteam/hunt12/uat11_obs.html
    → rel    http://egg.astro.cornell.edu/alfalfa/alfalfabanner.jpg
             ../../alfalfabanner.jpg
    → rel    http://egg.astro.cornell.edu/alfalfa/ugradteam/ugradj11.php
             ../ugradj11.html

  [MOD] rwebhtml/ugradteam/hunt12/uat12_obs.html
    → rel    http://egg.astro.cornell.edu/alfalfa/alfalfabanner.jpg
             ../../alfalfabanner.jpg
    → rel    http://egg.astro.cornell.edu/alfalfa/ugradteam/ugradj12.php
             ../ugradj12.html

  [MOD] rwebhtml/ugradteam/hunt12/uat12_shuttle.html
    → rel    http://egg.astro.cornell.edu/alfalfa/alfalfabanner.jpg
             ../../alfalfabanner.jpg
    → rel    http://egg.astro.cornell.edu/alfalfa/ugradteam/ugradj12.php
             ../ugradj12.html

  [MOD] rwebhtml/ugradteam/hunt12/uatgroups_sample.html
    → rel    http://egg.astro.cornell.edu/alfalfa/alfalfabanner.jpg
             ../../alfalfabanner.jpg

  [MOD] rwebhtml/ugradteam/hunt13/huntdemo_13.html
    → rel    http://egg.astro.cornell.edu/alfalfa/alfalfabanner.jpg
             ../../alfalfabanner.jpg
    → rel    http://egg.astro.cornell.edu/alfalfa/ugradteam/hunt13/hunt1_13.htm
             hunt1_13.htm
    → rel    http://egg.astro.cornell.edu/alfalfa/ugradteam/hunt13/hunt2_13.htm
             hunt2_13.htm
    → rel    http://egg.astro.cornell.edu/alfalfa/ugradteam/hunt13/hunt1_13.htm
             hunt1_13.htm

  [MOD] rwebhtml/ugradteam/hunt13/huntobs_13.html
    → rel    http://egg.astro.cornell.edu/alfalfa/alfalfabanner.jpg
             ../../alfalfabanner.jpg
    → rel    http://egg.astro.cornell.edu/alfalfa/ugrad/ALFAforalfalfa.php
             ../../ugrad/ALFAforalfalfa.html

  [MOD] rwebhtml/ugradteam/hunt14/huntobs_14.html
    → rel    http://egg.astro.cornell.edu/alfalfa/alfalfabanner.jpg
             ../../alfalfabanner.jpg
    → rel    http://egg.astro.cornell.edu/alfalfa/ugrad/ALFAforalfalfa.php
             ../../ugrad/ALFAforalfalfa.html
    → rel    http://egg.astro.cornell.edu/alfalfa/ugradteam/hunt14/hunt1_14.htm
             hunt1_14.htm

  [MOD] rwebhtml/ugradteam/hunt14/huntt_14.html
    → rel    http://egg.astro.cornell.edu/alfalfa/alfalfabanner.jpg
             ../../alfalfabanner.jpg
    → rel    http://egg.astro.cornell.edu/alfalfa/ugrad/ALFAforalfalfa.php
             ../../ugrad/ALFAforalfalfa.html
    → rel    http://egg.astro.cornell.edu/alfalfa
             ../../index.html

  [MOD] rwebhtml/ugradteam/hunt15/uat_union_1506_hunt.html
    → rel    http://egg.astro.cornell.edu/alfalfa/data
             ../../data/index.html
    → rel    http://egg.astro.cornell.edu/alfalfa/ugradteam/hunt15/hunt3_15teamA.htm
             hunt3_15teamA.htm
    → ???    http://egg.astro.cornell.edu/alfalfa/ugradteam/apps/files/ppsagc_21june15.csv

  [MOD] rwebhtml/ugradteam/hunt15/uat_union_1506_hunt1.html
    → rel    http://egg.astro.cornell.edu/alfalfa/data
             ../../data/index.html
    → rel    http://egg.astro.cornell.edu/alfalfa/ugradteam/hunt15/hunt3_15teamA.htm
             hunt3_15teamA.htm

  [MOD] rwebhtml/ugradteam/hunt15/uat_union_1506_hunt2.html
    → ???    http://egg.astro.cornell.edu/alfalfa/ugradteam/apps/files/ppsagc_21june15.csv

  [MOD] rwebhtml/ugradteam/hunt15u/uat_union_1506_hunt.html
    → rel    http://egg.astro.cornell.edu/alfalfa/data
             ../../data/index.html
    → rel    http://egg.astro.cornell.edu/alfalfa/ugradteam/hunt15/hunt3_15teamA.htm
             ../hunt15/hunt3_15teamA.htm
    → ???    http://egg.astro.cornell.edu/alfalfa/ugradteam/apps/files/ppsagc_21june15.csv

  [MOD] rwebhtml/ugradteam/hunt15u/uat_union_1506_hunt1.html
    → rel    http://egg.astro.cornell.edu/alfalfa/data
             ../../data/index.html
    → rel    http://egg.astro.cornell.edu/alfalfa/ugradteam/hunt15/hunt3_15teamA.htm
             ../hunt15/hunt3_15teamA.htm

  [MOD] rwebhtml/ugradteam/hunt15u/uat_union_1506_hunt2.html
    → drive  http://egg.astro.cornell.edu/alfalfa/ugradteam/apps/files/ppsagc_27june15.csv
             https://drive.google.com/file/d/1RB6kUuGN_g5c8MXze04YBtJVo6L_dWcG/view

  [MOD] rwebhtml/ugradteam/hunt19/ugradobs_telj19.html
    → rel    http://egg.astro.cornell.edu/alfalfa/ugradteam/ugradprepj19.php
             ../ugradprepj19.html
    → rel    http://egg.astro.cornell.edu/alfalfa/ugradteam/hunt19/hunt0_19.htm
             hunt0_19.htm
    → ???    http://egg.astro.cornell.edu/alfalfa/ugradteam/uat19teams1.php
    → ???    http://egg.astro.cornell.edu/alfalfa/ugradteam/travelinfoj19.php
    → drive  http://egg.astro.cornell.edu/alfalfa/ugradteam/docs/ALFALFAProposal2008.pdf
             https://drive.google.com/file/d/1p7gGW74yKbEgZF2cmmiKobrvW5nSTbHC/view
    → ???    http://egg.astro.cornell.edu/alfalfa/ugradteam/Prop06.pdf
    → drive  http://egg.astro.cornell.edu/alfalfa/ugrad/prop050630.pdf
             https://drive.google.com/file/d/1oBxR4sG-Q31A6vOcRu3vXQzp2nMUT4i9/view

  [MOD] rwebhtml/ugradteam/hunt20/hunt20.html
    → rel    http://egg.astro.cornell.edu/alfalfa/alfalfabanner.jpg
             ../../alfalfabanner.jpg

  [MOD] rwebhtml/ugradteam/hunt20/index.html
    → rel    http://egg.astro.cornell.edu/alfalfa/alfalfabanner.jpg
             ../../alfalfabanner.jpg

  [MOD] rwebhtml/ugradteam/huntlbw_12.html
    → rel    http://egg.astro.cornell.edu/alfalfa/alfalfabanner.jpg
             ../alfalfabanner.jpg
    → rel    http://egg.astro.cornell.edu/alfalfa/ugrad/ALFAforalfalfa.php
             ../ugrad/ALFAforalfalfa.html
    → ???    http://egg.astro.cornell.edu/alfalfa/ugradteam/dark_mhdec11.php
    → rel    http://egg.astro.cornell.edu/alfalfa/data
             ../data/index.html
    → rel    http://egg.astro.cornell.edu/alfalfa
             ../index.html

  [MOD] rwebhtml/ugradteam/huntobs_11.html
    → rel    http://egg.astro.cornell.edu/alfalfa/alfalfabanner.jpg
             ../alfalfabanner.jpg
    → rel    http://egg.astro.cornell.edu/alfalfa/ugrad/ALFAforalfalfa.php
             ../ugrad/ALFAforalfalfa.html
    → rel    http://egg.astro.cornell.edu/alfalfa
             ../index.html

  [MOD] rwebhtml/ugradteam/huntobs_12.html
    → rel    http://egg.astro.cornell.edu/alfalfa/alfalfabanner.jpg
             ../alfalfabanner.jpg
    → rel    http://egg.astro.cornell.edu/alfalfa/ugrad/ALFAforalfalfa.php
             ../ugrad/ALFAforalfalfa.html

  [MOD] rwebhtml/ugradteam/index.html
    → rel    http://egg.astro.cornell.edu/alfalfa/alfalfabanner.jpg
             ../alfalfabanner.jpg
    → rel    http://egg.astro.cornell.edu/alfalfa/index.php
             ../index.html
    → rel    http://egg.astro.cornell.edu/alfalfa/people.php
             ../people.html
    → rel    http://egg.astro.cornell.edu/alfalfa/science.php
             ../science.html
    → rel    http://egg.astro.cornell.edu/alfalfa/scheds/index.php
             ../scheds/index.html
    → rel    http://egg.astro.cornell.edu/alfalfa/data/index.php
             ../data/index.html
    → rel    http://egg.astro.cornell.edu/alfalfa/docs/index.php
             ../docs/index.html
    → rel    http://egg.astro.cornell.edu/alfalfa/links.php
             ../links.html
    → rel    http://egg.astro.cornell.edu/alfalfa/pubs.php
             ../pubs.html
    → rel    http://egg.astro.cornell.edu/alfalfa/ugrad/index.php
             ../ugrad/index.html
    → rel    http://egg.astro.cornell.edu/alfalfa/epo/index.php
             ../epo/index.html
    → rel    http://egg.astro.cornell.edu/alfalfa/news/index.php
             ../news/index.html
    → rel    http://egg.astro.cornell.edu/alfalfa/
             ../index.html
    → rel    http://egg.astro.cornell.edu/alfalfa/ugradteam/ugradwksp.php
             ugradwksp.html
    → ???    http://egg.astro.cornell.edu/alfalfa/ugradteam/travelinfo_obs.php
    → rel    http://egg.astro.cornell.edu/alfalfa/ugradteam/ugradteampubs.php
             ugradteampubs.html
    → rel    http://egg.astro.cornell.edu/alfalfa/ugradteam/ugradj20.php
             ugradj20.html
    → rel    http://egg.astro.cornell.edu/alfalfa/ugradteam/ugradj19.php
             ugradj19.html
    → rel    http://egg.astro.cornell.edu/alfalfa/ugradteam/ugradj18.php
             ugradj18.html
    → rel    http://egg.astro.cornell.edu/alfalfa/ugradteam/ugradj17.php
             ugradj17.html
    → rel    http://egg.astro.cornell.edu/alfalfa/ugradteam/ugradj16.php
             ugradj16.html
    → rel    http://egg.astro.cornell.edu/alfalfa/ugradteam/uat_union1506.php
             uat_union1506.html
    → rel    http://egg.astro.cornell.edu/alfalfa/ugradteam/ugradj15.php
             ugradj15.html
    → rel    http://egg.astro.cornell.edu/alfalfa/ugradteam/ugradj14.php
             ugradj14.html
    → rel    http://egg.astro.cornell.edu/alfalfa/ugradteam/uat_union1306.php
             uat_union1306.html
    → rel    http://egg.astro.cornell.edu/alfalfa/ugradteam/ugradj13.php
             ugradj13.html
    → rel    http://egg.astro.cornell.edu/alfalfa/ugradteam/ugradj12.php
             ugradj12.html
    → rel    http://egg.astro.cornell.edu/alfalfa/ugradteam/uat_union1107.php
             uat_union1107.html
    → rel    http://egg.astro.cornell.edu/alfalfa/ugradteam/ugradj11.php
             ugradj11.html
    → rel    http://egg.astro.cornell.edu/alfalfa/ugradteam/uat_union1006.php
             uat_union1006.html
    → rel    http://egg.astro.cornell.edu/alfalfa/ugradteam/ugradj10.php
             ugradj10.html
    → rel    http://egg.astro.cornell.edu/alfalfa/ugradteam/uat_union0907.php
             uat_union0907.html
    → rel    http://egg.astro.cornell.edu/alfalfa/ugradteam/ugradj09.php
             ugradj09.html
    → rel    http://egg.astro.cornell.edu/alfalfa/ugradteam/uat_siena0810.php
             uat_siena0810.html
    → rel    http://egg.astro.cornell.edu/alfalfa/ugradteam/uat_union0807.php
             uat_union0807.html
    → rel    http://egg.astro.cornell.edu/alfalfa/ugradteam/ugradj08.php
             ugradj08.html
    → ???    http://egg.astro.cornell.edu/alfalfa/ugradteam/NSF_grant_GSUMAG.pdf
    → drive  http://egg.astro.cornell.edu/alfalfa/news/union07oct.pdf
             https://drive.google.com/file/d/1EQjP7EV3s0VCpal3t1qQNmuuk9LyH3WZ/view

  [MOD] rwebhtml/ugradteam/introskylinksj14.html
    → rel    http://egg.astro.cornell.edu/alfalfa/styles/style1.css
             ../styles/style1.css
    → rel    http://egg.astro.cornell.edu/alfalfa/alfalfabanner.jpg
             ../alfalfabanner.jpg
    → rel    http://egg.astro.cornell.edu/alfalfa/ugradteam/ugradobspropj14.php
             ugradobspropj14.html
    → rel    http://egg.astro.cornell.edu/alfalfa/ugradteam/uatj14galaxysurveys.php
             uatj14galaxysurveys.html
    → rel    http://egg.astro.cornell.edu/alfalfa
             ../index.html
    → rel    http://egg.astro.cornell.edu/alfalfa/ugrad/ALFAforalfalfa.php
             ../ugrad/ALFAforalfalfa.html

  [MOD] rwebhtml/ugradteam/lbw/index.html
    → rel    http://egg.astro.cornell.edu/alfalfa/alfalfabanner.jpg
             ../../alfalfabanner.jpg

  [MOD] rwebhtml/ugradteam/observe_aug10.html
    → rel    http://egg.astro.cornell.edu/alfalfa/alfalfabanner.jpg
             ../alfalfabanner.jpg
    → rel    http://egg.astro.cornell.edu/alfalfa/index.php
             ../index.html
    → rel    http://egg.astro.cornell.edu/alfalfa/people.php
             ../people.html
    → rel    http://egg.astro.cornell.edu/alfalfa/science.php
             ../science.html
    → rel    http://egg.astro.cornell.edu/alfalfa/scheds/index.php
             ../scheds/index.html
    → rel    http://egg.astro.cornell.edu/alfalfa/data/index.php
             ../data/index.html
    → rel    http://egg.astro.cornell.edu/alfalfa/docs/index.php
             ../docs/index.html
    → rel    http://egg.astro.cornell.edu/alfalfa/links.php
             ../links.html
    → rel    http://egg.astro.cornell.edu/alfalfa/pubs.php
             ../pubs.html
    → rel    http://egg.astro.cornell.edu/alfalfa/ugrad/index.php
             ../ugrad/index.html
    → rel    http://egg.astro.cornell.edu/alfalfa/epo/index.php
             ../epo/index.html
    → rel    http://egg.astro.cornell.edu/alfalfa/news/index.php
             ../news/index.html
    → rel    http://egg.astro.cornell.edu/alfalfa/ugradteam/ugradteam.php
             ugradteam.html
    → rel    http://egg.astro.cornell.edu/alfalfa/
             ../index.html

  [MOD] rwebhtml/ugradteam/pps/alison.html
    → rel    http://egg.astro.cornell.edu/alfalfa/ugradteam/lbw/lbw_reduction.htm
             ../lbw/lbw_reduction.htm

  [MOD] rwebhtml/ugradteam/proposalex2012.html
    → ???    http://egg.astro.cornell.edu/alfalfa/data/a40files/a40.datafile1.txt
    → drive  http://egg.astro.cornell.edu/alfalfa/ugradteam/hunt11/gifs/A214473_gridbf.gif
             https://drive.google.com/file/d/1lRadmMbZJf5FXK5jb8WP6RmLQozAbxPM/view
    → drive  http://egg.astro.cornell.edu/alfalfa/ugradteam/hunt11/gifs/A214473_galcat.gif
             https://drive.google.com/file/d/1WnGwm_4CkGrQcm68rHRFXK_SuVqK0P2u/view
    → drive  http://egg.astro.cornell.edu/alfalfa/ugradteam/hunt11/gifs/A214473_galcat.gif
             https://drive.google.com/file/d/1WnGwm_4CkGrQcm68rHRFXK_SuVqK0P2u/view
    → ???    http://egg.astro.cornell.edu/alfalfa/data/a40files/a40.datafile1.txt

  [MOD] rwebhtml/ugradteam/research/uat_ay_budget_guide.html
    → rel    http://egg.astro.cornell.edu/alfalfa/alfalfabanner.jpg
             ../../alfalfabanner.jpg

  [MOD] rwebhtml/ugradteam/research/uat_budget_guide.html
    → rel    http://egg.astro.cornell.edu/alfalfa/alfalfabanner.jpg
             ../../alfalfabanner.jpg

  [MOD] rwebhtml/ugradteam/research/uat_budget_guide_s10.html
    → rel    http://egg.astro.cornell.edu/alfalfa/alfalfabanner.jpg
             ../../alfalfabanner.jpg
    → rel    http://egg.astro.cornell.edu/alfalfa/index.php
             ../../index.html
    → rel    http://egg.astro.cornell.edu/alfalfa/people.php
             ../../people.html
    → rel    http://egg.astro.cornell.edu/alfalfa/science.php
             ../../science.html
    → rel    http://egg.astro.cornell.edu/alfalfa/scheds/index.php
             ../../scheds/index.html
    → rel    http://egg.astro.cornell.edu/alfalfa/data/index.php
             ../../data/index.html
    → rel    http://egg.astro.cornell.edu/alfalfa/docs/index.php
             ../../docs/index.html
    → rel    http://egg.astro.cornell.edu/alfalfa/links.php
             ../../links.html
    → rel    http://egg.astro.cornell.edu/alfalfa/pubs.php
             ../../pubs.html
    → rel    http://egg.astro.cornell.edu/alfalfa/ugrad/index.php
             ../../ugrad/index.html
    → rel    http://egg.astro.cornell.edu/alfalfa/epo/index.php
             ../../epo/index.html
    → rel    http://egg.astro.cornell.edu/alfalfa/news/index.php
             ../../news/index.html

  [MOD] rwebhtml/ugradteam/research/uat_research.html
    → rel    http://egg.astro.cornell.edu/alfalfa/alfalfabanner.jpg
             ../../alfalfabanner.jpg

  [MOD] rwebhtml/ugradteam/research/uat_research08.html
    → rel    http://egg.astro.cornell.edu/alfalfa/alfalfabanner.jpg
             ../../alfalfabanner.jpg
    → rel    http://egg.astro.cornell.edu/alfalfa/index.php
             ../../index.html
    → rel    http://egg.astro.cornell.edu/alfalfa/people.php
             ../../people.html
    → rel    http://egg.astro.cornell.edu/alfalfa/science.php
             ../../science.html
    → rel    http://egg.astro.cornell.edu/alfalfa/scheds/index.php
             ../../scheds/index.html
    → rel    http://egg.astro.cornell.edu/alfalfa/data/index.php
             ../../data/index.html
    → rel    http://egg.astro.cornell.edu/alfalfa/docs/index.php
             ../../docs/index.html
    → rel    http://egg.astro.cornell.edu/alfalfa/links.php
             ../../links.html
    → rel    http://egg.astro.cornell.edu/alfalfa/pubs.php
             ../../pubs.html
    → rel    http://egg.astro.cornell.edu/alfalfa/ugrad/index.php
             ../../ugrad/index.html
    → rel    http://egg.astro.cornell.edu/alfalfa/epo/index.php
             ../../epo/index.html
    → rel    http://egg.astro.cornell.edu/alfalfa/news/index.php
             ../../news/index.html

  [MOD] rwebhtml/ugradteam/research/uat_research_fall14.html
    → rel    http://egg.astro.cornell.edu/alfalfa/alfalfabanner.jpg
             ../../alfalfabanner.jpg

  [MOD] rwebhtml/ugradteam/research/uat_research_fall15.html
    → rel    http://egg.astro.cornell.edu/alfalfa/alfalfabanner.jpg
             ../../alfalfabanner.jpg

  [MOD] rwebhtml/ugradteam/research/uat_research_s10.html
    → rel    http://egg.astro.cornell.edu/alfalfa/alfalfabanner.jpg
             ../../alfalfabanner.jpg
    → rel    http://egg.astro.cornell.edu/alfalfa/index.php
             ../../index.html
    → rel    http://egg.astro.cornell.edu/alfalfa/people.php
             ../../people.html
    → rel    http://egg.astro.cornell.edu/alfalfa/science.php
             ../../science.html
    → rel    http://egg.astro.cornell.edu/alfalfa/scheds/index.php
             ../../scheds/index.html
    → rel    http://egg.astro.cornell.edu/alfalfa/data/index.php
             ../../data/index.html
    → rel    http://egg.astro.cornell.edu/alfalfa/docs/index.php
             ../../docs/index.html
    → rel    http://egg.astro.cornell.edu/alfalfa/links.php
             ../../links.html
    → rel    http://egg.astro.cornell.edu/alfalfa/pubs.php
             ../../pubs.html
    → rel    http://egg.astro.cornell.edu/alfalfa/ugrad/index.php
             ../../ugrad/index.html
    → rel    http://egg.astro.cornell.edu/alfalfa/epo/index.php
             ../../epo/index.html
    → rel    http://egg.astro.cornell.edu/alfalfa/news/index.php
             ../../news/index.html

  [MOD] rwebhtml/ugradteam/research/uat_research_s11.html
    → rel    http://egg.astro.cornell.edu/alfalfa/alfalfabanner.jpg
             ../../alfalfabanner.jpg
    → rel    http://egg.astro.cornell.edu/alfalfa/index.php
             ../../index.html
    → rel    http://egg.astro.cornell.edu/alfalfa/people.php
             ../../people.html
    → rel    http://egg.astro.cornell.edu/alfalfa/science.php
             ../../science.html
    → rel    http://egg.astro.cornell.edu/alfalfa/scheds/index.php
             ../../scheds/index.html
    → rel    http://egg.astro.cornell.edu/alfalfa/data/index.php
             ../../data/index.html
    → rel    http://egg.astro.cornell.edu/alfalfa/docs/index.php
             ../../docs/index.html
    → rel    http://egg.astro.cornell.edu/alfalfa/links.php
             ../../links.html
    → rel    http://egg.astro.cornell.edu/alfalfa/pubs.php
             ../../pubs.html
    → rel    http://egg.astro.cornell.edu/alfalfa/ugrad/index.php
             ../../ugrad/index.html
    → rel    http://egg.astro.cornell.edu/alfalfa/epo/index.php
             ../../epo/index.html
    → rel    http://egg.astro.cornell.edu/alfalfa/news/index.php
             ../../news/index.html

  [MOD] rwebhtml/ugradteam/research/uat_research_spring14.html
    → rel    http://egg.astro.cornell.edu/alfalfa/alfalfabanner.jpg
             ../../alfalfabanner.jpg

  [MOD] rwebhtml/ugradteam/research/uat_research_spring15.html
    → rel    http://egg.astro.cornell.edu/alfalfa/alfalfabanner.jpg
             ../../alfalfabanner.jpg

  [MOD] rwebhtml/ugradteam/spphotosj08.html
    → rel    http://egg.astro.cornell.edu/alfalfa/
             ../index.html
    → rel    http://egg.astro.cornell.edu/alfalfa/alfalfabanner.jpg
             ../alfalfabanner.jpg
    → rel    http://egg.astro.cornell.edu/alfalfa/ugradteam/ugradj08.php
             ugradj08.html
    → rel    http://egg.astro.cornell.edu/alfalfa/ugradteam/ugradteam.php
             ugradteam.html
    → rel    http://egg.astro.cornell.edu/alfalfa/
             ../index.html

  [MOD] rwebhtml/ugradteam/summer11.html
    → rel    http://egg.astro.cornell.edu/alfalfa/alfalfabanner.jpg
             ../alfalfabanner.jpg
    → rel    http://egg.astro.cornell.edu/alfalfa/ugradteam/ugradteam.php
             ugradteam.html
    → rel    http://egg.astro.cornell.edu/alfalfa/
             ../index.html
    → rel    http://egg.astro.cornell.edu/alfalfa/ugradteam/uatgroups.php
             uatgroups.html
    → rel    http://egg.astro.cornell.edu/alfalfa/ugradteam/uatgroups_files.php
             uatgroups_files.html
    → rel    http://egg.astro.cornell.edu/alfalfa/ugradteam/zw1400_files.htm
             zw1400_files.htm
    → rel    http://egg.astro.cornell.edu/alfalfa/ugrad/agcintro.htm
             ../ugrad/agcintro.htm
    → rel    http://egg.astro.cornell.edu/alfalfa/ugrad/usingalfalfa.php
             ../ugrad/usingalfalfa.html
    → rel    http://egg.astro.cornell.edu/alfalfa/ugrad/stellarmass.htm
             ../ugrad/stellarmass.htm

  [MOD] rwebhtml/ugradteam/taskoutline.html
    → rel    http://egg.astro.cornell.edu/alfalfa/alfalfabanner.jpg
             ../alfalfabanner.jpg

  [MOD] rwebhtml/ugradteam/test.html
    → rel    http://egg.astro.cornell.edu/alfalfa/alfalfabanner.jpg
             ../alfalfabanner.jpg
    → rel    http://egg.astro.cornell.edu/alfalfa/ugradteam/ugradj10.php
             ugradj10.html

  [MOD] rwebhtml/ugradteam/tourphotosj08.html
    → rel    http://egg.astro.cornell.edu/alfalfa/
             ../index.html
    → rel    http://egg.astro.cornell.edu/alfalfa/alfalfabanner.jpg
             ../alfalfabanner.jpg
    → rel    http://egg.astro.cornell.edu/alfalfa/ugradteam/ugradj08.php
             ugradj08.html
    → rel    http://egg.astro.cornell.edu/alfalfa/ugradteam/ugradteam.php
             ugradteam.html
    → rel    http://egg.astro.cornell.edu/alfalfa/
             ../index.html

  [MOD] rwebhtml/ugradteam/tshirtj13.html
    → rel    http://egg.astro.cornell.edu/alfalfa/alfalfabanner.jpg
             ../alfalfabanner.jpg
    → ???    http://egg.astro.cornell.edu/alfalfa/ugradteam/photos11/j11_tshirt2_tb.jpg
    → ???    http://egg.astro.cornell.edu/alfalfa/ugradteam/photos10/tb_shirtfront.jpg
    → ???    http://egg.astro.cornell.edu/alfalfa/ugradteam/photos10/tb_shirtback.jpg

  [MOD] rwebhtml/ugradteam/tshirtj14.html
    → rel    http://egg.astro.cornell.edu/alfalfa/alfalfabanner.jpg
             ../alfalfabanner.jpg
    → ???    http://egg.astro.cornell.edu/alfalfa/ugradteam/photos13/tb_tshirtj14.jpg
    → ???    http://egg.astro.cornell.edu/alfalfa/ugradteam/photos11/j11_tshirt2_tb.jpg
    → ???    http://egg.astro.cornell.edu/alfalfa/ugradteam/photos10/tb_shirtfront.jpg
    → ???    http://egg.astro.cornell.edu/alfalfa/ugradteam/photos10/tb_shirtback.jpg

  [MOD] rwebhtml/ugradteam/ualfa.html
    → rel    http://egg.astro.cornell.edu/alfalfa/alfalfabanner.jpg
             ../alfalfabanner.jpg
    → rel    http://egg.astro.cornell.edu/alfalfa/index.php
             ../index.html
    → rel    http://egg.astro.cornell.edu/alfalfa/people.php
             ../people.html
    → rel    http://egg.astro.cornell.edu/alfalfa/science.php
             ../science.html
    → rel    http://egg.astro.cornell.edu/alfalfa/scheds/index.php
             ../scheds/index.html
    → rel    http://egg.astro.cornell.edu/alfalfa/data/index.php
             ../data/index.html
    → rel    http://egg.astro.cornell.edu/alfalfa/docs/index.php
             ../docs/index.html
    → rel    http://egg.astro.cornell.edu/alfalfa/links.php
             ../links.html
    → rel    http://egg.astro.cornell.edu/alfalfa/pubs.php
             ../pubs.html
    → rel    http://egg.astro.cornell.edu/alfalfa/ugrad/index.php
             ../ugrad/index.html
    → rel    http://egg.astro.cornell.edu/alfalfa/epo/index.php
             ../epo/index.html
    → rel    http://egg.astro.cornell.edu/alfalfa/news/index.php
             ../news/index.html

  [MOD] rwebhtml/ugradteam/ualfa06.html
    → rel    http://egg.astro.cornell.edu/alfalfa/alfalfabanner.jpg
             ../alfalfabanner.jpg
    → rel    http://egg.astro.cornell.edu/alfalfa/index.php
             ../index.html
    → rel    http://egg.astro.cornell.edu/alfalfa/people.php
             ../people.html
    → rel    http://egg.astro.cornell.edu/alfalfa/science.php
             ../science.html
    → rel    http://egg.astro.cornell.edu/alfalfa/scheds/index.php
             ../scheds/index.html
    → rel    http://egg.astro.cornell.edu/alfalfa/data/index.php
             ../data/index.html
    → rel    http://egg.astro.cornell.edu/alfalfa/docs/index.php
             ../docs/index.html
    → rel    http://egg.astro.cornell.edu/alfalfa/links.php
             ../links.html
    → rel    http://egg.astro.cornell.edu/alfalfa/pubs.php
             ../pubs.html
    → rel    http://egg.astro.cornell.edu/alfalfa/ugrad/index.php
             ../ugrad/index.html
    → rel    http://egg.astro.cornell.edu/alfalfa/epo/index.php
             ../epo/index.html
    → rel    http://egg.astro.cornell.edu/alfalfa/news/index.php
             ../news/index.html

  [MOD] rwebhtml/ugradteam/ualfaaccom.html
    → rel    http://egg.astro.cornell.edu/alfalfa/alfalfabanner.jpg
             ../alfalfabanner.jpg
    → rel    http://egg.astro.cornell.edu/alfalfa/index.php
             ../index.html
    → rel    http://egg.astro.cornell.edu/alfalfa/people.php
             ../people.html
    → rel    http://egg.astro.cornell.edu/alfalfa/science.php
             ../science.html
    → rel    http://egg.astro.cornell.edu/alfalfa/scheds/index.php
             ../scheds/index.html
    → rel    http://egg.astro.cornell.edu/alfalfa/data/index.php
             ../data/index.html
    → rel    http://egg.astro.cornell.edu/alfalfa/docs/index.php
             ../docs/index.html
    → rel    http://egg.astro.cornell.edu/alfalfa/links.php
             ../links.html
    → rel    http://egg.astro.cornell.edu/alfalfa/pubs.php
             ../pubs.html
    → rel    http://egg.astro.cornell.edu/alfalfa/ugrad/index.php
             ../ugrad/index.html
    → rel    http://egg.astro.cornell.edu/alfalfa/epo/index.php
             ../epo/index.html
    → rel    http://egg.astro.cornell.edu/alfalfa/news/index.php
             ../news/index.html

  [MOD] rwebhtml/ugradteam/ualfaaccom06.html
    → rel    http://egg.astro.cornell.edu/alfalfa/alfalfabanner.jpg
             ../alfalfabanner.jpg
    → rel    http://egg.astro.cornell.edu/alfalfa/index.php
             ../index.html
    → rel    http://egg.astro.cornell.edu/alfalfa/people.php
             ../people.html
    → rel    http://egg.astro.cornell.edu/alfalfa/science.php
             ../science.html
    → rel    http://egg.astro.cornell.edu/alfalfa/scheds/index.php
             ../scheds/index.html
    → rel    http://egg.astro.cornell.edu/alfalfa/data/index.php
             ../data/index.html
    → rel    http://egg.astro.cornell.edu/alfalfa/docs/index.php
             ../docs/index.html
    → rel    http://egg.astro.cornell.edu/alfalfa/links.php
             ../links.html
    → rel    http://egg.astro.cornell.edu/alfalfa/pubs.php
             ../pubs.html
    → rel    http://egg.astro.cornell.edu/alfalfa/ugrad/index.php
             ../ugrad/index.html
    → rel    http://egg.astro.cornell.edu/alfalfa/epo/index.php
             ../epo/index.html
    → rel    http://egg.astro.cornell.edu/alfalfa/news/index.php
             ../news/index.html

  [MOD] rwebhtml/ugradteam/ualfaagenda.html
    → rel    http://egg.astro.cornell.edu/alfalfa/alfalfabanner.jpg
             ../alfalfabanner.jpg
    → rel    http://egg.astro.cornell.edu/alfalfa/index.php
             ../index.html
    → rel    http://egg.astro.cornell.edu/alfalfa/people.php
             ../people.html
    → rel    http://egg.astro.cornell.edu/alfalfa/science.php
             ../science.html
    → rel    http://egg.astro.cornell.edu/alfalfa/scheds/index.php
             ../scheds/index.html
    → rel    http://egg.astro.cornell.edu/alfalfa/data/index.php
             ../data/index.html
    → rel    http://egg.astro.cornell.edu/alfalfa/docs/index.php
             ../docs/index.html
    → rel    http://egg.astro.cornell.edu/alfalfa/links.php
             ../links.html
    → rel    http://egg.astro.cornell.edu/alfalfa/pubs.php
             ../pubs.html
    → rel    http://egg.astro.cornell.edu/alfalfa/ugrad/index.php
             ../ugrad/index.html
    → rel    http://egg.astro.cornell.edu/alfalfa/epo/index.php
             ../epo/index.html
    → rel    http://egg.astro.cornell.edu/alfalfa/news/index.php
             ../news/index.html

  [MOD] rwebhtml/ugradteam/ualfaagenda06.html
    → rel    http://egg.astro.cornell.edu/alfalfa/alfalfabanner.jpg
             ../alfalfabanner.jpg
    → rel    http://egg.astro.cornell.edu/alfalfa/index.php
             ../index.html
    → rel    http://egg.astro.cornell.edu/alfalfa/people.php
             ../people.html
    → rel    http://egg.astro.cornell.edu/alfalfa/science.php
             ../science.html
    → rel    http://egg.astro.cornell.edu/alfalfa/scheds/index.php
             ../scheds/index.html
    → rel    http://egg.astro.cornell.edu/alfalfa/data/index.php
             ../data/index.html
    → rel    http://egg.astro.cornell.edu/alfalfa/docs/index.php
             ../docs/index.html
    → rel    http://egg.astro.cornell.edu/alfalfa/links.php
             ../links.html
    → rel    http://egg.astro.cornell.edu/alfalfa/pubs.php
             ../pubs.html
    → rel    http://egg.astro.cornell.edu/alfalfa/ugrad/index.php
             ../ugrad/index.html
    → rel    http://egg.astro.cornell.edu/alfalfa/epo/index.php
             ../epo/index.html
    → rel    http://egg.astro.cornell.edu/alfalfa/news/index.php
             ../news/index.html

  [MOD] rwebhtml/ugradteam/uat08sch.html
    → rel    http://egg.astro.cornell.edu/alfalfa/alfalfabanner.jpg
             ../alfalfabanner.jpg
    → rel    http://egg.astro.cornell.edu/alfalfa/ugradteam/ugradj08.php
             ugradj08.html

  [MOD] rwebhtml/ugradteam/uat09sch.html
    → rel    http://egg.astro.cornell.edu/alfalfa/alfalfabanner.jpg
             ../alfalfabanner.jpg
    → rel    http://egg.astro.cornell.edu/alfalfa/ugradteam/ugradj09.php
             ugradj09.html

  [MOD] rwebhtml/ugradteam/uat09sch_detail.html
    → rel    http://egg.astro.cornell.edu/alfalfa/alfalfabanner.jpg
             ../alfalfabanner.jpg
    → rel    http://egg.astro.cornell.edu/alfalfa/ugradteam/ugradj09.php
             ugradj09.html

  [MOD] rwebhtml/ugradteam/uat10_obs.html
    → rel    http://egg.astro.cornell.edu/alfalfa/alfalfabanner.jpg
             ../alfalfabanner.jpg
    → rel    http://egg.astro.cornell.edu/alfalfa/ugradteam/ugradj10.php
             ugradj10.html

  [MOD] rwebhtml/ugradteam/uat10_obs2.html
    → rel    http://egg.astro.cornell.edu/alfalfa/alfalfabanner.jpg
             ../alfalfabanner.jpg
    → rel    http://egg.astro.cornell.edu/alfalfa/ugradteam/ugradj10.php
             ugradj10.html

  [MOD] rwebhtml/ugradteam/uat10sch+links09.html
    → rel    http://egg.astro.cornell.edu/alfalfa/alfalfabanner.jpg
             ../alfalfabanner.jpg
    → rel    http://egg.astro.cornell.edu/alfalfa/ugradteam/ugradj10.php
             ugradj10.html

  [MOD] rwebhtml/ugradteam/uat10sch.html
    → rel    http://egg.astro.cornell.edu/alfalfa/alfalfabanner.jpg
             ../alfalfabanner.jpg
    → ???    http://egg.astro.cornell.edu/alfalfa/ugradteam/uat10teams12.php
    → rel    http://egg.astro.cornell.edu/alfalfa/ugradteam/hunt10/huntt_10.htm
             hunt10/huntt_10.htm
    → ???    http://egg.astro.cornell.edu/alfalfa/ugradteam/uat10teams23.php
    → ???    http://egg.astro.cornell.edu/alfalfa/ugradteam/uat10_shuttle.html
    → rel    http://egg.astro.cornell.edu/alfalfa/ugradteam/ugradj10.php
             ugradj10.html

  [MOD] rwebhtml/ugradteam/uat10schtest.html
    → rel    http://egg.astro.cornell.edu/alfalfa/alfalfabanner.jpg
             ../alfalfabanner.jpg
    → rel    http://egg.astro.cornell.edu/alfalfa/ugradteam/ugradj10.php
             ugradj10.html

  [MOD] rwebhtml/ugradteam/uat11_obs.html
    → rel    http://egg.astro.cornell.edu/alfalfa/alfalfabanner.jpg
             ../alfalfabanner.jpg
    → rel    http://egg.astro.cornell.edu/alfalfa/ugradteam/ugradj11.php
             ugradj11.html

  [MOD] rwebhtml/ugradteam/uat11_obs_wed.html
    → rel    http://egg.astro.cornell.edu/alfalfa/alfalfabanner.jpg
             ../alfalfabanner.jpg
    → rel    http://egg.astro.cornell.edu/alfalfa/ugradteam/ugradj11.php
             ugradj11.html

  [MOD] rwebhtml/ugradteam/uat11sch.html
    → rel    http://egg.astro.cornell.edu/alfalfa/alfalfabanner.jpg
             ../alfalfabanner.jpg
    → ???    http://egg.astro.cornell.edu/alfalfa/ugradteam/uat11teams01.php
    → rel    http://egg.astro.cornell.edu/alfalfa/ugradteam/hunt11/huntobs_11.html
             hunt11/huntobs_11.html
    → rel    http://egg.astro.cornell.edu/alfalfa/ugradteam/hunt11/huntt_11.htm
             hunt11/huntt_11.htm
    → ???    http://egg.astro.cornell.edu/alfalfa/ugradteam/uat11teams23.php
    → ???    http://egg.astro.cornell.edu/alfalfa/ugradteam/uat11_shuttle.html
    → rel    http://egg.astro.cornell.edu/alfalfa/ugradteam/ugradj11.php
             ugradj11.html

  [MOD] rwebhtml/ugradteam/uat12_obs.html
    → rel    http://egg.astro.cornell.edu/alfalfa/alfalfabanner.jpg
             ../alfalfabanner.jpg
    → rel    http://egg.astro.cornell.edu/alfalfa/ugradteam/ugradj12.php
             ugradj12.html

  [MOD] rwebhtml/ugradteam/uat12_obs_wed.html
    → rel    http://egg.astro.cornell.edu/alfalfa/alfalfabanner.jpg
             ../alfalfabanner.jpg
    → rel    http://egg.astro.cornell.edu/alfalfa/ugradteam/ugradj12.php
             ugradj12.html

  [MOD] rwebhtml/ugradteam/uat12galaxysurveys.html
    → rel    http://egg.astro.cornell.edu/alfalfa/data/index.php
             ../data/index.html
    → rel    http://egg.astro.cornell.edu/alfalfa/ugrad/introskylinks.htm
             ../ugrad/introskylinks.htm
    → rel    http://egg.astro.cornell.edu/alfalfa/ugrad/q_set2005.htm
             ../ugrad/q_set2005.htm
    → rel    http://egg.astro.cornell.edu/alfalfa/ugradteam/ugradobsprop.php
             ugradobsprop.html

  [MOD] rwebhtml/ugradteam/uat12propexercises.html
    → rel    http://egg.astro.cornell.edu/alfalfa/ugradteam/ugradprep.php
             ugradprep.html
    → drive  http://egg.astro.cornell.edu/alfalfa/ugrad/backgrnd/intro2arecibo.pdf
             https://drive.google.com/file/d/1GxQ2f7MuaJhLK_DCPCigdrVkxcmEYjcF/view
    → rel    http://egg.astro.cornell.edu/alfalfa/ugrad/alfares.htm
             ../ugrad/alfares.htm
    → ???    http://egg.astro.cornell.edu/alfalfa/ugrad/hiprofile.ht
    → drive  http://egg.astro.cornell.edu/alfalfa/pubs/a40_110825.pdf
             https://drive.google.com/file/d/1QOt0j5bJ84M6qApOaQrXVdNETAvbRfLh/view
    → rel    http://egg.astro.cornell.edu/alfalfa/virgohi21.php
             ../virgohi21.html

  [MOD] rwebhtml/ugradteam/uat12sch.html
    → rel    http://egg.astro.cornell.edu/alfalfa/alfalfabanner.jpg
             ../alfalfabanner.jpg
    → ???    http://egg.astro.cornell.edu/alfalfa/ugradteam/uat12teams01.php
    → rel    http://egg.astro.cornell.edu/alfalfa/ugradteam/hunt12/huntobs_12.html
             hunt12/huntobs_12.html
    → ???    http://egg.astro.cornell.edu/alfalfa/ugradteam/uat12teams3.php
    → ???    http://egg.astro.cornell.edu/alfalfa/ugradteam/uat12_shuttle.html
    → rel    http://egg.astro.cornell.edu/alfalfa/ugradteam/ugradj12.php
             ugradj12.html

  [MOD] rwebhtml/ugradteam/uat12schdraft.html
    → rel    http://egg.astro.cornell.edu/alfalfa/alfalfabanner.jpg
             ../alfalfabanner.jpg
    → ???    http://egg.astro.cornell.edu/alfalfa/ugradteam/uat12teams01.php
    → rel    http://egg.astro.cornell.edu/alfalfa/ugradteam/hunt12/huntobs_12.html
             hunt12/huntobs_12.html
    → rel    http://egg.astro.cornell.edu/alfalfa/ugradteam/hunt12/huntt_12.htm
             hunt12/huntt_12.htm
    → ???    http://egg.astro.cornell.edu/alfalfa/ugradteam/uat12teams23.php
    → ???    http://egg.astro.cornell.edu/alfalfa/ugradteam/uat12_shuttle.html
    → rel    http://egg.astro.cornell.edu/alfalfa/ugradteam/ugradj12.php
             ugradj12.html

  [MOD] rwebhtml/ugradteam/uat13_obs1.html
    → rel    http://egg.astro.cornell.edu/alfalfa/alfalfabanner.jpg
             ../alfalfabanner.jpg
    → rel    http://egg.astro.cornell.edu/alfalfa/ugradteam/ugradj13.php
             ugradj13.html

  [MOD] rwebhtml/ugradteam/uat13_obs2.html
    → rel    http://egg.astro.cornell.edu/alfalfa/alfalfabanner.jpg
             ../alfalfabanner.jpg
    → rel    http://egg.astro.cornell.edu/alfalfa/ugradteam/ugradj13.php
             ugradj13.html

  [MOD] rwebhtml/ugradteam/uat13galaxysurveys.html
    → rel    http://egg.astro.cornell.edu/alfalfa/data/index.php
             ../data/index.html
    → rel    http://egg.astro.cornell.edu/alfalfa/ugrad/introskylinks.htm
             ../ugrad/introskylinks.htm
    → rel    http://egg.astro.cornell.edu/alfalfa/ugradteam/ugradobsprop.php
             ugradobsprop.html

  [MOD] rwebhtml/ugradteam/uat13sch.html
    → rel    http://egg.astro.cornell.edu/alfalfa/alfalfabanner.jpg
             ../alfalfabanner.jpg
    → rel    http://egg.astro.cornell.edu/alfalfa/ugradteam/uat13teams01.php
             uat13teams01.html
    → ???    http://egg.astro.cornell.edu/alfalfa/ugradteam/uat13teams2.php
    → rel    http://egg.astro.cornell.edu/alfalfa/ugradteam/hunt13/huntobs_13.html
             hunt13/huntobs_13.html
    → rel    http://egg.astro.cornell.edu/alfalfa/ugradteam/hunt13/huntt_13.htm
             hunt13/huntt_13.htm
    → ???    http://egg.astro.cornell.edu/alfalfa/ugradteam/uat13teams3.php
    → ???    http://egg.astro.cornell.edu/alfalfa/ugradteam/uat13_shuttle.html
    → rel    http://egg.astro.cornell.edu/alfalfa/ugradteam/ugradj13.php
             ugradj13.html

  [MOD] rwebhtml/ugradteam/uat13teams01.html
    → rel    http://egg.astro.cornell.edu/alfalfa/alfalfabanner.jpg
             ../alfalfabanner.jpg
    → rel    http://egg.astro.cornell.edu/alfalfa/ugradteam/ugradj13.php
             ugradj13.html

  [MOD] rwebhtml/ugradteam/uat14_obs1.html
    → rel    http://egg.astro.cornell.edu/alfalfa/alfalfabanner.jpg
             ../alfalfabanner.jpg
    → rel    http://egg.astro.cornell.edu/alfalfa/ugradteam/uat14sch.php
             uat14sch.html
    → rel    http://egg.astro.cornell.edu/alfalfa/ugradteam/ugradj14.php
             ugradj14.html

  [MOD] rwebhtml/ugradteam/uat14sch.html
    → rel    http://egg.astro.cornell.edu/alfalfa/alfalfabanner.jpg
             ../alfalfabanner.jpg
    → rel    http://egg.astro.cornell.edu/alfalfa/ugradteam/uat14teams01.php
             uat14teams01.html
    → ???    http://egg.astro.cornell.edu/alfalfa/ugradteam/uat14teams2.php
    → rel    http://egg.astro.cornell.edu/alfalfa/ugradteam/hunt14/huntobs_14.html
             hunt14/huntobs_14.html
    → rel    http://egg.astro.cornell.edu/alfalfa/ugradteam/hunt14/huntt_14.htm
             hunt14/huntt_14.htm
    → ???    http://egg.astro.cornell.edu/alfalfa/ugradteam/uat14teams3.php
    → ???    http://egg.astro.cornell.edu/alfalfa/ugradteam/uat14teams3.php
    → ???    http://egg.astro.cornell.edu/alfalfa/ugradteam/uat14_shuttle.html
    → rel    http://egg.astro.cornell.edu/alfalfa/ugradteam/ugradj14.php
             ugradj14.html

  [MOD] rwebhtml/ugradteam/uat14teams01.html
    → rel    http://egg.astro.cornell.edu/alfalfa/alfalfabanner.jpg
             ../alfalfabanner.jpg
    → rel    http://egg.astro.cornell.edu/alfalfa/ugradteam/ugradj13.php
             ugradj13.html

  [MOD] rwebhtml/ugradteam/uat14teams01alt.html
    → rel    http://egg.astro.cornell.edu/alfalfa/alfalfabanner.jpg
             ../alfalfabanner.jpg
    → rel    http://egg.astro.cornell.edu/alfalfa/ugradteam/ugradj13.php
             ugradj13.html

  [MOD] rwebhtml/ugradteam/uat15_obs1.html
    → rel    http://egg.astro.cornell.edu/alfalfa/alfalfabanner.jpg
             ../alfalfabanner.jpg
    → rel    http://egg.astro.cornell.edu/alfalfa/ugradteam/uat15sch.php
             uat15sch.html
    → rel    http://egg.astro.cornell.edu/alfalfa/ugradteam/ugradj15.php
             ugradj15.html

  [MOD] rwebhtml/ugradteam/uat15_obs2.html
    → rel    http://egg.astro.cornell.edu/alfalfa/alfalfabanner.jpg
             ../alfalfabanner.jpg
    → rel    http://egg.astro.cornell.edu/alfalfa/ugradteam/uat15sch.php
             uat15sch.html
    → rel    http://egg.astro.cornell.edu/alfalfa/ugradteam/ugradj15.php
             ugradj15.html

  [MOD] rwebhtml/ugradteam/uat15sch.html
    → rel    http://egg.astro.cornell.edu/alfalfa/alfalfabanner.jpg
             ../alfalfabanner.jpg
    → ???    http://egg.astro.cornell.edu/alfalfa/ugradteam/uat15teams01.php
    → ???    http://egg.astro.cornell.edu/alfalfa/ugradteam/uat15teams2.php
    → ???    http://egg.astro.cornell.edu/alfalfa/ugradteam/hunt15/huntobs_15.html
    → ???    http://egg.astro.cornell.edu/alfalfa/ugradteam/hunt15/huntt_15.htm
    → ???    http://egg.astro.cornell.edu/alfalfa/ugradteam/uat15teams2.php
    → ???    http://egg.astro.cornell.edu/alfalfa/ugradteam/uat15teams3.php
    → ???    http://egg.astro.cornell.edu/alfalfa/ugradteam/uat15teams3.php
    → ???    http://egg.astro.cornell.edu/alfalfa/ugradteam/uat15_shuttle.html
    → rel    http://egg.astro.cornell.edu/alfalfa/ugradteam/ugradj15.php
             ugradj15.html

  [MOD] rwebhtml/ugradteam/uat16sch.html
    → rel    http://egg.astro.cornell.edu/alfalfa/ugradteam/uat16sch.php
             uat16sch.html
    → rel    http://egg.astro.cornell.edu/alfalfa/ugradteam/hunt16/hunt0_16.htm
             hunt16/hunt0_16.htm
    → ???    http://egg.astro.cornell.edu/alfalfa/ugradteam/uat16teams1.php
    → ???    http://egg.astro.cornell.edu/alfalfa/ugradteam/uat15teams01.php
    → ???    http://egg.astro.cornell.edu/alfalfa/ugradteam/uat16talks/uat16_introRadAstro.pdf
    → ???    http://egg.astro.cornell.edu/alfalfa/ugradteam/uat16talks/UATWorkshopGBT2016.pdf
    → ???    http://egg.astro.cornell.edu/alfalfa/ugradteam/uat16talks/GBT_science_June16.pdf
    → ???    http://egg.astro.cornell.edu/alfalfa/ugradteam/uat16talks/uat16_HIscience.pdf
    → rel    http://egg.astro.cornell.edu/alfalfa/ugradteam/hunt16/hunt0_16.htm
             hunt16/hunt0_16.htm
    → rel    http://egg.astro.cornell.edu/alfalfa/ugradteam/hunt16/hunt1_16.htm
             hunt16/hunt1_16.htm
    → ???    http://egg.astro.cornell.edu/alfalfa/ugradteam/uat16teams1.php
    → rel    http://egg.astro.cornell.edu/alfalfa/ugradteam/hunt16/hunt1_16.htm
             hunt16/hunt1_16.htm
    → rel    http://egg.astro.cornell.edu/alfalfa/ugradteam/hunt16/hunt1_16.htm
             hunt16/hunt1_16.htm
    → ???    http://egg.astro.cornell.edu/alfalfa/ugradteam/uat16talks/uat16_introAPPSS.pdf
    → rel    http://egg.astro.cornell.edu/alfalfa/ugradteam/hunt16/hunt1_16.htm
             hunt16/hunt1_16.htm
    → ???    http://egg.astro.cornell.edu/alfalfa/ugradteam/uat16teams2.php
    → rel    http://egg.astro.cornell.edu/alfalfa/ugradteam/hunt16/hunt1_16.htm
             hunt16/hunt1_16.htm
    → rel    http://egg.astro.cornell.edu/alfalfa/ugradteam/hunt16/hunt2_16.htm
             hunt16/hunt2_16.htm
    → rel    http://egg.astro.cornell.edu/alfalfa/ugradteam/hunt16/hunt2_16.htm
             hunt16/hunt2_16.htm
    → ???    http://egg.astro.cornell.edu/alfalfa/ugradteam/uat16teams2.php
    → ???    http://egg.astro.cornell.edu/alfalfa/ugradteam/uat16talks/uat16_interferometers.pdf
    → rel    http://egg.astro.cornell.edu/alfalfa/ugradteam/hunt16/hunt2_16.htm
             hunt16/hunt2_16.htm
    → rel    http://egg.astro.cornell.edu/alfalfa/ugradteam/hunt16/hunt2_16.htm
             hunt16/hunt2_16.htm
    → rel    http://egg.astro.cornell.edu/alfalfa/ugradteam/hunt16/hunt2_16.htm
             hunt16/hunt2_16.htm
    → ???    http://egg.astro.cornell.edu/alfalfa/ugradteam/uat16talks/uat16_careers+gradschool.pdf
    → rel    http://egg.astro.cornell.edu/alfalfa/ugradteam/hunt16/hunt3_16.htm
             hunt16/hunt3_16.htm
    → ???    http://egg.astro.cornell.edu/alfalfa/ugradteam/uat16teams3.php
    → ???    http://egg.astro.cornell.edu/alfalfa/ugradteam/uat16talks/gordonUATgreen.pdf
    → rel    http://egg.astro.cornell.edu/alfalfa/ugradteam/hunt16/hunt3_16.htm
             hunt16/hunt3_16.htm
    → ???    http://egg.astro.cornell.edu/alfalfa/ugradteam/uat16teams3.php
    → rel    http://egg.astro.cornell.edu/alfalfa/ugradteam/hunt16/hunt3_16.htm
             hunt16/hunt3_16.htm
    → rel    http://egg.astro.cornell.edu/alfalfa/ugradteam/ugradj16.php
             ugradj16.html

  [MOD] rwebhtml/ugradteam/uat16sch_draft.html
    → rel    http://egg.astro.cornell.edu/alfalfa/alfalfabanner.jpg
             ../alfalfabanner.jpg
    → ???    http://egg.astro.cornell.edu/alfalfa/ugradteam/uat15teams01.php
    → ???    http://egg.astro.cornell.edu/alfalfa/ugradteam/uat16teams1.php
    → ???    http://egg.astro.cornell.edu/alfalfa/ugradteam/uat16teams2.php
    → ???    http://egg.astro.cornell.edu/alfalfa/ugradteam/uat16teams2.php
    → ???    http://egg.astro.cornell.edu/alfalfa/ugradteam/uat15teams3.php
    → ???    http://egg.astro.cornell.edu/alfalfa/ugradteam/uat15teams3.php
    → rel    http://egg.astro.cornell.edu/alfalfa/ugradteam/ugradj16.php
             ugradj16.html

  [MOD] rwebhtml/ugradteam/uat17sch.html
    → rel    http://egg.astro.cornell.edu/alfalfa/
             ../index.html
    → rel    http://egg.astro.cornell.edu/alfalfa/alfalfabanner.jpg
             ../alfalfabanner.jpg
    → rel    http://egg.astro.cornell.edu/alfalfa/ugradteam/hunt17/hunt0_17.htm
             hunt17/hunt0_17.htm
    → ???    http://egg.astro.cornell.edu/alfalfa/ugradteam/uat17teams1.php
    → ???    http://egg.astro.cornell.edu/alfalfa/ugradteam/uat15teams01.php
    → ???    http://egg.astro.cornell.edu/alfalfa/ugradteam/uat17talks/uat17_intro_radio_astronomy.pdf
    → ???    http://egg.astro.cornell.edu/alfalfa/ugradteam/uat17talks/uat17_HIscience.pdf
    → rel    http://egg.astro.cornell.edu/alfalfa/ugradteam/hunt17/hunt0_17.htm
             hunt17/hunt0_17.htm
    → rel    http://egg.astro.cornell.edu/alfalfa/ugradteam/hunt17/hunt1_17.htm
             hunt17/hunt1_17.htm
    → ???    http://egg.astro.cornell.edu/alfalfa/ugradteam/uat17teams1.php
    → ???    http://egg.astro.cornell.edu/alfalfa/ugradteam/uat17talks/uat17_introAPPSS.pdf
    → rel    http://egg.astro.cornell.edu/alfalfa/ugradteam/hunt17/hunt1_17.htm
             hunt17/hunt1_17.htm
    → rel    http://egg.astro.cornell.edu/alfalfa/ugradteam/hunt17/hunt1_17.htm
             hunt17/hunt1_17.htm
    → rel    http://egg.astro.cornell.edu/alfalfa/ugradteam/hunt17/hunt1_17.htm
             hunt17/hunt1_17.htm
    → rel    http://egg.astro.cornell.edu/alfalfa/ugradteam/hunt17/hunt1_17.htm
             hunt17/hunt1_17.htm
    → rel    http://egg.astro.cornell.edu/alfalfa/ugradteam/hunt17/hunt1_17.htm
             hunt17/hunt1_17.htm
    → rel    http://egg.astro.cornell.edu/alfalfa/ugradteam/hunt17/hunt2_17.htm
             hunt17/hunt2_17.htm
    → ???    http://egg.astro.cornell.edu/alfalfa/ugradteam/uat17teams2.php
    → rel    http://egg.astro.cornell.edu/alfalfa/ugradteam/hunt17/hunt2_17.htm
             hunt17/hunt2_17.htm
    → rel    http://egg.astro.cornell.edu/alfalfa/ugradteam/hunt17/hunt2_17.htm
             hunt17/hunt2_17.htm
    → ???    http://egg.astro.cornell.edu/alfalfa/ugradteam/uat17teams2.php
    → rel    http://egg.astro.cornell.edu/alfalfa/ugradteam/hunt17/hunt2_17.htm
             hunt17/hunt2_17.htm
    → ???    http://egg.astro.cornell.edu/alfalfa/ugradteam/uat16teams2.php
    → rel    http://egg.astro.cornell.edu/alfalfa/ugradteam/uat17colloquium.php
             uat17colloquium.html
    → rel    http://egg.astro.cornell.edu/alfalfa/ugradteam/hunt17/hunt2_17.htm
             hunt17/hunt2_17.htm
    → rel    http://egg.astro.cornell.edu/alfalfa/ugradteam/hunt17/hunt2_17.htm
             hunt17/hunt2_17.htm
    → rel    http://egg.astro.cornell.edu/alfalfa/ugradteam/hunt17/hunt2_17.htm
             hunt17/hunt2_17.htm
    → rel    http://egg.astro.cornell.edu/alfalfa/ugradteam/hunt17/hunt3_17.htm
             hunt17/hunt3_17.htm
    → ???    http://egg.astro.cornell.edu/alfalfa/ugradteam/uat17teams3.php
    → rel    http://egg.astro.cornell.edu/alfalfa/ugradteam/hunt17/hunt3_17.htm
             hunt17/hunt3_17.htm
    → ???    http://egg.astro.cornell.edu/alfalfa/ugradteam/uat17teams3.php
    → rel    http://egg.astro.cornell.edu/alfalfa/ugradteam/hunt17/hunt3_17.htm
             hunt17/hunt3_17.htm
    → rel    http://egg.astro.cornell.edu/alfalfa/ugradteam/hunt17/hunt3_17.htm
             hunt17/hunt3_17.htm
    → rel    http://egg.astro.cornell.edu/alfalfa/ugradteam/hunt17/hunt3_17.htm
             hunt17/hunt3_17.htm
    → rel    http://egg.astro.cornell.edu/alfalfa/ugradteam/hunt17/hunt3_17.htm
             hunt17/hunt3_17.htm
    → rel    http://egg.astro.cornell.edu/alfalfa/ugradteam/ugradj17.php
             ugradj17.html

  [MOD] rwebhtml/ugradteam/uat17schdraft.html
    → rel    http://egg.astro.cornell.edu/alfalfa/
             ../index.html
    → rel    http://egg.astro.cornell.edu/alfalfa/alfalfabanner.jpg
             ../alfalfabanner.jpg
    → rel    http://egg.astro.cornell.edu/alfalfa/ugradteam/hunt17/hunt0_17.htm
             hunt17/hunt0_17.htm
    → ???    http://egg.astro.cornell.edu/alfalfa/ugradteam/uat16teams1.php
    → ???    http://egg.astro.cornell.edu/alfalfa/ugradteam/uat15teams01.php
    → rel    http://egg.astro.cornell.edu/alfalfa/ugradteam/hunt17/hunt0_17.htm
             hunt17/hunt0_17.htm
    → rel    http://egg.astro.cornell.edu/alfalfa/ugradteam/hunt17/hunt1_17.htm
             hunt17/hunt1_17.htm
    → ???    http://egg.astro.cornell.edu/alfalfa/ugradteam/uat16teams1.php
    → rel    http://egg.astro.cornell.edu/alfalfa/ugradteam/hunt17/hunt1_17.htm
             hunt17/hunt1_17.htm
    → rel    http://egg.astro.cornell.edu/alfalfa/ugradteam/hunt17/hunt1_17.htm
             hunt17/hunt1_17.htm
    → rel    http://egg.astro.cornell.edu/alfalfa/ugradteam/hunt17/hunt1_17.htm
             hunt17/hunt1_17.htm
    → rel    http://egg.astro.cornell.edu/alfalfa/ugradteam/hunt17/hunt1_17.htm
             hunt17/hunt1_17.htm
    → ???    http://egg.astro.cornell.edu/alfalfa/ugradteam/uat16teams2.php
    → rel    http://egg.astro.cornell.edu/alfalfa/ugradteam/hunt17/hunt1_17.htm
             hunt17/hunt1_17.htm
    → rel    http://egg.astro.cornell.edu/alfalfa/ugradteam/hunt17/hunt1_17.htm
             hunt17/hunt1_17.htm
    → rel    http://egg.astro.cornell.edu/alfalfa/ugradteam/hunt17/hunt2_17.htm
             hunt17/hunt2_17.htm
    → ???    http://egg.astro.cornell.edu/alfalfa/ugradteam/uat17talks/gordonUATgreen.pdf
    → rel    http://egg.astro.cornell.edu/alfalfa/ugradteam/hunt17/hunt2_17.htm
             hunt17/hunt2_17.htm
    → ???    http://egg.astro.cornell.edu/alfalfa/ugradteam/uat16teams2.php
    → rel    http://egg.astro.cornell.edu/alfalfa/ugradteam/hunt17/hunt2_17.htm
             hunt17/hunt2_17.htm
    → rel    http://egg.astro.cornell.edu/alfalfa/ugradteam/hunt17/hunt2_17.htm
             hunt17/hunt2_17.htm
    → rel    http://egg.astro.cornell.edu/alfalfa/ugradteam/hunt17/hunt2_17.htm
             hunt17/hunt2_17.htm
    → ???    http://egg.astro.cornell.edu/alfalfa/ugradteam/uat17talks/uat16_careers+gradschool.pdf
    → rel    http://egg.astro.cornell.edu/alfalfa/ugradteam/hunt17/hunt3_17.htm
             hunt17/hunt3_17.htm
    → ???    http://egg.astro.cornell.edu/alfalfa/ugradteam/uat16teams3.php
    → rel    http://egg.astro.cornell.edu/alfalfa/ugradteam/hunt17/hunt3_17.htm
             hunt17/hunt3_17.htm
    → rel    http://egg.astro.cornell.edu/alfalfa/ugradteam/hunt17/hunt3_17.htm
             hunt17/hunt3_17.htm
    → rel    http://egg.astro.cornell.edu/alfalfa/ugradteam/hunt17/hunt3_17.htm
             hunt17/hunt3_17.htm
    → rel    http://egg.astro.cornell.edu/alfalfa/ugradteam/ugradj17.php
             ugradj17.html

  [MOD] rwebhtml/ugradteam/uat18_obs_faculty.html
    → rel    http://egg.astro.cornell.edu/alfalfa/alfalfabanner.jpg
             ../alfalfabanner.jpg
    → rel    http://egg.astro.cornell.edu/alfalfa/ugradteam/uat18sch.php
             uat18sch.html
    → rel    http://egg.astro.cornell.edu/alfalfa/ugradteam/ugradj18.php
             ugradj18.html

  [MOD] rwebhtml/ugradteam/uat18_obs_students.html
    → rel    http://egg.astro.cornell.edu/alfalfa/alfalfabanner.jpg
             ../alfalfabanner.jpg
    → rel    http://egg.astro.cornell.edu/alfalfa/ugradteam/uat18sch.php
             uat18sch.html
    → rel    http://egg.astro.cornell.edu/alfalfa/ugradteam/ugradj18.php
             ugradj18.html

  [MOD] rwebhtml/ugradteam/uat18sch.html
    → rel    http://egg.astro.cornell.edu/alfalfa/
             ../index.html
    → rel    http://egg.astro.cornell.edu/alfalfa/alfalfabanner.jpg
             ../alfalfabanner.jpg
    → rel    http://egg.astro.cornell.edu/alfalfa/ugradteam/hunt18/hunt0_18.htm
             hunt18/hunt0_18.htm
    → ???    http://egg.astro.cornell.edu/alfalfa/ugradteam/uat18teams1.php
    → rel    http://egg.astro.cornell.edu/alfalfa/ugradteam/uat_gbttraining_2018.htm
             uat_gbttraining_2018.htm
    → ???    http://egg.astro.cornell.edu/alfalfa/ugradteam/uat15teams01.php
    → rel    http://egg.astro.cornell.edu/alfalfa/ugradteam/hunt18/hunt0_18.htm
             hunt18/hunt0_18.htm
    → rel    http://egg.astro.cornell.edu/alfalfa/ugradteam/hunt18/hunt1_18.htm
             hunt18/hunt1_18.htm
    → ???    http://egg.astro.cornell.edu/alfalfa/ugradteam/uat18teams1.php
    → ???    http://egg.astro.cornell.edu/alfalfa/ugradteam/uat18talks/uat18_intro_radio_astronomy.pdf
    → ???    http://egg.astro.cornell.edu/alfalfa/ugradteam/uat18talks/uat18_HIscience.pdf
    → rel    http://egg.astro.cornell.edu/alfalfa/ugradteam/hunt18/hunt1_18.htm
             hunt18/hunt1_18.htm
    → ???    http://egg.astro.cornell.edu/alfalfa/ugradteam/uat18teams1.php
    → ???    http://egg.astro.cornell.edu/alfalfa/ugradteam/uat18talks/uat18_appssintro.pdf
    → ???    http://egg.astro.cornell.edu/alfalfa/ugradteam/uat18talks/uat_pisano_0618.pdf
    → rel    http://egg.astro.cornell.edu/alfalfa/ugradteam/hunt18/hunt1_18.htm
             hunt18/hunt1_18.htm
    → rel    http://egg.astro.cornell.edu/alfalfa/ugradteam/hunt18/hunt1_18.htm
             hunt18/hunt1_18.htm
    → rel    http://egg.astro.cornell.edu/alfalfa/ugradteam/hunt18/hunt1_18.htm
             hunt18/hunt1_18.htm
    → rel    http://egg.astro.cornell.edu/alfalfa/ugradteam/hunt18/hunt1_18.htm
             hunt18/hunt1_18.htm
    → rel    http://egg.astro.cornell.edu/alfalfa/ugradteam/hunt18/hunt1_18.htm
             hunt18/hunt1_18.htm
    → rel    http://egg.astro.cornell.edu/alfalfa/ugradteam/uat_gbtidl_training.htm
             uat_gbtidl_training.htm
    → ???    http://egg.astro.cornell.edu/alfalfa/ugradteam/uat18talks/uat18_tim_appss_clustering.pdf
    → ???    http://egg.astro.cornell.edu/alfalfa/ugradteam/uat18talks/uat18_omar_apps_reduction.pdf
    → ???    http://egg.astro.cornell.edu/alfalfa/ugradteam/uat18talks/uat18_chelsey_appss_jupyter_notebook.pdf
    → ???    http://egg.astro.cornell.edu/alfalfa/ugradteam/uat18talks/uat18_mariah_machine_learning.pdf
    → rel    http://egg.astro.cornell.edu/alfalfa/ugradteam/hunt18/hunt2_18.htm
             hunt18/hunt2_18.htm
    → rel    http://egg.astro.cornell.edu/alfalfa/ugradteam/hunt18/hunt2_18.htm
             hunt18/hunt2_18.htm
    → ???    http://egg.astro.cornell.edu/alfalfa/ugradteam/uat18teams2.php
    → rel    http://egg.astro.cornell.edu/alfalfa/ugradteam/hunt18/hunt2_18.htm
             hunt18/hunt2_18.htm
    → rel    http://egg.astro.cornell.edu/alfalfa/ugradteam/hunt18/hunt2_18.htm
             hunt18/hunt2_18.htm
    → ???    http://egg.astro.cornell.edu/alfalfa/ugradteam/uat16teams2.php
    → rel    http://egg.astro.cornell.edu/alfalfa/ugradteam/hunt18/hunt2_18.htm
             hunt18/hunt2_18.htm
    → rel    http://egg.astro.cornell.edu/alfalfa/ugradteam/hunt18/hunt2_18.htm
             hunt18/hunt2_18.htm
    → rel    http://egg.astro.cornell.edu/alfalfa/ugradteam/hunt18/hunt2_18.htm
             hunt18/hunt2_18.htm
    → rel    http://egg.astro.cornell.edu/alfalfa/ugradteam/hunt18/hunt3_18.htm
             hunt18/hunt3_18.htm
    → ???    http://egg.astro.cornell.edu/alfalfa/ugradteam/uat18teams3.php
    → rel    http://egg.astro.cornell.edu/alfalfa/ugradteam/uat18_obs_faculty.php
             uat18_obs_faculty.html
    → rel    http://egg.astro.cornell.edu/alfalfa/ugradteam/uat_gbtidl_training.htm
             uat_gbtidl_training.htm
    → rel    http://egg.astro.cornell.edu/alfalfa/ugradteam/uat18_obs_students.php
             uat18_obs_students.html
    → rel    http://egg.astro.cornell.edu/alfalfa/ugradteam/hunt18/hunt3_18.htm
             hunt18/hunt3_18.htm
    → ???    http://egg.astro.cornell.edu/alfalfa/ugradteam/uat18teams3.php
    → rel    http://egg.astro.cornell.edu/alfalfa/ugradteam/hunt18/hunt3_18.htm
             hunt18/hunt3_18.htm
    → rel    http://egg.astro.cornell.edu/alfalfa/ugradteam/hunt18/hunt3_18.htm
             hunt18/hunt3_18.htm
    → rel    http://egg.astro.cornell.edu/alfalfa/ugradteam/hunt18/hunt3_18.htm
             hunt18/hunt3_18.htm
    → rel    http://egg.astro.cornell.edu/alfalfa/ugradteam/ugradj18.php
             ugradj18.html

  [MOD] rwebhtml/ugradteam/uat18schdraft.html
    → rel    http://egg.astro.cornell.edu/alfalfa/
             ../index.html
    → rel    http://egg.astro.cornell.edu/alfalfa/alfalfabanner.jpg
             ../alfalfabanner.jpg
    → rel    http://egg.astro.cornell.edu/alfalfa/ugradteam/hunt18/hunt0_18.htm
             hunt18/hunt0_18.htm
    → ???    http://egg.astro.cornell.edu/alfalfa/ugradteam/uat18teams1.php
    → ???    http://egg.astro.cornell.edu/alfalfa/ugradteam/uat15teams01.php
    → ???    http://egg.astro.cornell.edu/alfalfa/ugradteam/uat18talks/uat18_HIscience.pdf
    → rel    http://egg.astro.cornell.edu/alfalfa/ugradteam/hunt18/hunt0_18.htm
             hunt18/hunt0_18.htm
    → rel    http://egg.astro.cornell.edu/alfalfa/ugradteam/hunt18/hunt1_18.htm
             hunt18/hunt1_18.htm
    → ???    http://egg.astro.cornell.edu/alfalfa/ugradteam/uat18teams1.php
    → ???    http://egg.astro.cornell.edu/alfalfa/ugradteam/uat18talks/uat18_introAPPSS.pdf
    → rel    http://egg.astro.cornell.edu/alfalfa/ugradteam/hunt18/hunt1_18.htm
             hunt18/hunt1_18.htm
    → rel    http://egg.astro.cornell.edu/alfalfa/ugradteam/hunt18/hunt1_18.htm
             hunt18/hunt1_18.htm
    → rel    http://egg.astro.cornell.edu/alfalfa/ugradteam/hunt18/hunt1_18.htm
             hunt18/hunt1_18.htm
    → rel    http://egg.astro.cornell.edu/alfalfa/ugradteam/hunt18/hunt1_18.htm
             hunt18/hunt1_18.htm
    → rel    http://egg.astro.cornell.edu/alfalfa/ugradteam/hunt18/hunt1_18.htm
             hunt18/hunt1_18.htm
    → rel    http://egg.astro.cornell.edu/alfalfa/ugradteam/hunt18/hunt2_18.htm
             hunt18/hunt2_18.htm
    → rel    http://egg.astro.cornell.edu/alfalfa/ugradteam/hunt18/hunt2_18.htm
             hunt18/hunt2_18.htm
    → ???    http://egg.astro.cornell.edu/alfalfa/ugradteam/uat18teams2.php
    → rel    http://egg.astro.cornell.edu/alfalfa/ugradteam/hunt18/hunt2_18.htm
             hunt18/hunt2_18.htm
    → rel    http://egg.astro.cornell.edu/alfalfa/ugradteam/hunt18/hunt2_18.htm
             hunt18/hunt2_18.htm
    → ???    http://egg.astro.cornell.edu/alfalfa/ugradteam/uat16teams2.php
    → rel    http://egg.astro.cornell.edu/alfalfa/ugradteam/hunt18/hunt2_18.htm
             hunt18/hunt2_18.htm
    → rel    http://egg.astro.cornell.edu/alfalfa/ugradteam/hunt18/hunt2_18.htm
             hunt18/hunt2_18.htm
    → rel    http://egg.astro.cornell.edu/alfalfa/ugradteam/hunt18/hunt2_18.htm
             hunt18/hunt2_18.htm
    → rel    http://egg.astro.cornell.edu/alfalfa/ugradteam/hunt18/hunt3_18.htm
             hunt18/hunt3_18.htm
    → ???    http://egg.astro.cornell.edu/alfalfa/ugradteam/uat18teams3.php
    → rel    http://egg.astro.cornell.edu/alfalfa/ugradteam/hunt18/hunt3_18.htm
             hunt18/hunt3_18.htm
    → ???    http://egg.astro.cornell.edu/alfalfa/ugradteam/uat18teams3.php
    → rel    http://egg.astro.cornell.edu/alfalfa/ugradteam/hunt18/hunt3_18.htm
             hunt18/hunt3_18.htm
    → rel    http://egg.astro.cornell.edu/alfalfa/ugradteam/hunt18/hunt3_18.htm
             hunt18/hunt3_18.htm
    → rel    http://egg.astro.cornell.edu/alfalfa/ugradteam/hunt18/hunt3_18.htm
             hunt18/hunt3_18.htm
    → rel    http://egg.astro.cornell.edu/alfalfa/ugradteam/ugradj17.php
             ugradj17.html

  [MOD] rwebhtml/ugradteam/uat19sch.html
    → rel    http://egg.astro.cornell.edu/alfalfa/
             ../index.html
    → rel    http://egg.astro.cornell.edu/alfalfa/alfalfabanner.jpg
             ../alfalfabanner.jpg
    → rel    http://egg.astro.cornell.edu/alfalfa/ugradteam/hunt19/hunt0_19.htm
             hunt19/hunt0_19.htm
    → ???    http://egg.astro.cornell.edu/alfalfa/ugradteam/uat19teams1.php
    → rel    http://egg.astro.cornell.edu/alfalfa/ugradteam/uat_gbttraining_2019.htm
             uat_gbttraining_2019.htm
    → rel    http://egg.astro.cornell.edu/alfalfa/ugradteam/hunt19/hunt0_19.htm
             hunt19/hunt0_19.htm
    → ???    http://egg.astro.cornell.edu/alfalfa/ugradteam/uat19_radio_basics_I.pdf
    → ???    http://egg.astro.cornell.edu/alfalfa/ugradteam/uat19_Ball_HI_Emission.pdf
    → rel    http://egg.astro.cornell.edu/alfalfa/ugradteam/hunt19/hunt0_19.htm
             hunt19/hunt0_19.htm
    → rel    http://egg.astro.cornell.edu/alfalfa/ugradteam/hunt19/hunt1_19.htm
             hunt19/hunt1_19.htm
    → ???    http://egg.astro.cornell.edu/alfalfa/ugradteam/uat19teams1.php
    → ???    http://egg.astro.cornell.edu/alfalfa/ugradteam/uat19_radio_basics_II.pdf
    → ???    http://egg.astro.cornell.edu/alfalfa/ugradteam/uat19_HIscience.pdf
    → rel    http://egg.astro.cornell.edu/alfalfa/ugradteam/hunt19/hunt1_19.htm
             hunt19/hunt1_19.htm
    → ???    http://egg.astro.cornell.edu/alfalfa/ugradteam/uat19teams1.php
    → rel    http://egg.astro.cornell.edu/alfalfa/ugradteam/hunt19/hunt1_19.htm
             hunt19/hunt1_19.htm
    → ???    http://egg.astro.cornell.edu/alfalfa/ugradteam/uat19_appssintro.pdf
    → ???    http://egg.astro.cornell.edu/alfalfa/ugradteam/uat19_PowerPoint_Pointers.pdf
    → rel    http://egg.astro.cornell.edu/alfalfa/ugradteam/hunt19/hunt1_19.htm
             hunt19/hunt1_19.htm
    → rel    http://egg.astro.cornell.edu/alfalfa/ugradteam/hunt19/hunt1_19.htm
             hunt19/hunt1_19.htm
    → rel    http://egg.astro.cornell.edu/alfalfa/ugradteam/uat_gbtidl_training.htm
             uat_gbtidl_training.htm
    → rel    http://egg.astro.cornell.edu/alfalfa/ugradteam/hunt19/hunt2_19.htm
             hunt19/hunt2_19.htm
    → rel    http://egg.astro.cornell.edu/alfalfa/ugradteam/hunt19/hunt2_19.htm
             hunt19/hunt2_19.htm
    → ???    http://egg.astro.cornell.edu/alfalfa/ugradteam/uat19teams2.php
    → rel    http://egg.astro.cornell.edu/alfalfa/ugradteam/hunt19/hunt2_19.htm
             hunt19/hunt2_19.htm
    → ???    http://egg.astro.cornell.edu/alfalfa/ugradteam/uat16teams2.php
    → rel    http://egg.astro.cornell.edu/alfalfa/ugradteam/hunt19/hunt2_19.htm
             hunt19/hunt2_19.htm
    → rel    http://egg.astro.cornell.edu/alfalfa/ugradteam/hunt19/hunt2_19.htm
             hunt19/hunt2_19.htm
    → ???    http://egg.astro.cornell.edu/alfalfa/ugradteam/uat16teams2.php
    → ???    http://egg.astro.cornell.edu/alfalfa/ugradteam/uat19_careers+gradschool.pdf
    → rel    http://egg.astro.cornell.edu/alfalfa/ugradteam/hunt19/hunt3_19.htm
             hunt19/hunt3_19.htm
    → ???    http://egg.astro.cornell.edu/alfalfa/ugradteam/uat19teams3.php
    → rel    http://egg.astro.cornell.edu/alfalfa/ugradteam/hunt19/hunt2_19.htm
             hunt19/hunt2_19.htm
    → rel    http://egg.astro.cornell.edu/alfalfa/ugradteam/hunt19/hunt2_19.htm
             hunt19/hunt2_19.htm
    → rel    http://egg.astro.cornell.edu/alfalfa/ugradteam/hunt19/hunt3_19.htm
             hunt19/hunt3_19.htm
    → ???    http://egg.astro.cornell.edu/alfalfa/ugradteam/uat19teams3.php
    → rel    http://egg.astro.cornell.edu/alfalfa/ugradteam/hunt19/team-20m-obs.html
             hunt19/team-20m-obs.html
    → ???    http://egg.astro.cornell.edu/alfalfa/ugradteam/uat19_obs_faculty.php
    → rel    http://egg.astro.cornell.edu/alfalfa/ugradteam/uat_gbtidl_training.htm
             uat_gbtidl_training.htm
    → ???    http://egg.astro.cornell.edu/alfalfa/ugradteam/uat19_obs_students.php
    → rel    http://egg.astro.cornell.edu/alfalfa/ugradteam/hunt19/hunt3_19.htm
             hunt19/hunt3_19.htm
    → ???    http://egg.astro.cornell.edu/alfalfa/ugradteam/uat19teams3.php
    → rel    http://egg.astro.cornell.edu/alfalfa/ugradteam/hunt19/hunt3_19.htm
             hunt19/hunt3_19.htm
    → ???    http://egg.astro.cornell.edu/alfalfa/ugradteam/uat19teams3.php
    → rel    http://egg.astro.cornell.edu/alfalfa/ugradteam/hunt19/hunt3_19.htm
             hunt19/hunt3_19.htm
    → rel    http://egg.astro.cornell.edu/alfalfa/ugradteam/uat19colloquium.php
             uat19colloquium.html
    → rel    http://egg.astro.cornell.edu/alfalfa/ugradteam/hunt19/hunt3_19.htm
             hunt19/hunt3_19.htm
    → rel    http://egg.astro.cornell.edu/alfalfa/ugradteam/hunt19/hunt3_19.htm
             hunt19/hunt3_19.htm
    → rel    http://egg.astro.cornell.edu/alfalfa/ugradteam/ugradj19.php
             ugradj19.html

  [MOD] rwebhtml/ugradteam/uat_budget_guide.html
    → rel    http://egg.astro.cornell.edu/alfalfa/alfalfabanner.jpg
             ../alfalfabanner.jpg

  [MOD] rwebhtml/ugradteam/uat_groups_f10todo.html
    → rel    http://egg.astro.cornell.edu/alfalfa/alfalfabanner.jpg
             ../alfalfabanner.jpg
    → rel    http://egg.astro.cornell.edu/alfalfa/ugrad/agcintro.htm
             ../ugrad/agcintro.htm
    → rel    http://egg.astro.cornell.edu/alfalfa/ugrad/stellarmass.htm
             ../ugrad/stellarmass.htm
    → rel    http://egg.astro.cornell.edu/alfalfa/ugrad/himass.htm
             ../ugrad/himass.htm

  [MOD] rwebhtml/ugradteam/uat_project.html
    → rel    http://egg.astro.cornell.edu/alfalfa/alfalfabanner.jpg
             ../alfalfabanner.jpg
    → rel    http://egg.astro.cornell.edu/alfalfa/ugradteam/ugradteam.php
             ugradteam.html
    → rel    http://egg.astro.cornell.edu/alfalfa/
             ../index.html

  [MOD] rwebhtml/ugradteam/uat_research.html
    → rel    http://egg.astro.cornell.edu/alfalfa/alfalfabanner.jpg
             ../alfalfabanner.jpg

  [MOD] rwebhtml/ugradteam/uat_research08.html
    → rel    http://egg.astro.cornell.edu/alfalfa/alfalfabanner.jpg
             ../alfalfabanner.jpg
    → rel    http://egg.astro.cornell.edu/alfalfa/index.php
             ../index.html
    → rel    http://egg.astro.cornell.edu/alfalfa/people.php
             ../people.html
    → rel    http://egg.astro.cornell.edu/alfalfa/science.php
             ../science.html
    → rel    http://egg.astro.cornell.edu/alfalfa/scheds/index.php
             ../scheds/index.html
    → rel    http://egg.astro.cornell.edu/alfalfa/data/index.php
             ../data/index.html
    → rel    http://egg.astro.cornell.edu/alfalfa/docs/index.php
             ../docs/index.html
    → rel    http://egg.astro.cornell.edu/alfalfa/links.php
             ../links.html
    → rel    http://egg.astro.cornell.edu/alfalfa/pubs.php
             ../pubs.html
    → rel    http://egg.astro.cornell.edu/alfalfa/ugrad/index.php
             ../ugrad/index.html
    → rel    http://egg.astro.cornell.edu/alfalfa/epo/index.php
             ../epo/index.html
    → rel    http://egg.astro.cornell.edu/alfalfa/news/index.php
             ../news/index.html

  [MOD] rwebhtml/ugradteam/uat_research09.html
    → rel    http://egg.astro.cornell.edu/alfalfa/alfalfabanner.jpg
             ../alfalfabanner.jpg
    → rel    http://egg.astro.cornell.edu/alfalfa/index.php
             ../index.html
    → rel    http://egg.astro.cornell.edu/alfalfa/people.php
             ../people.html
    → rel    http://egg.astro.cornell.edu/alfalfa/science.php
             ../science.html
    → rel    http://egg.astro.cornell.edu/alfalfa/scheds/index.php
             ../scheds/index.html
    → rel    http://egg.astro.cornell.edu/alfalfa/data/index.php
             ../data/index.html
    → rel    http://egg.astro.cornell.edu/alfalfa/docs/index.php
             ../docs/index.html
    → rel    http://egg.astro.cornell.edu/alfalfa/links.php
             ../links.html
    → rel    http://egg.astro.cornell.edu/alfalfa/pubs.php
             ../pubs.html
    → rel    http://egg.astro.cornell.edu/alfalfa/ugrad/index.php
             ../ugrad/index.html
    → rel    http://egg.astro.cornell.edu/alfalfa/epo/index.php
             ../epo/index.html
    → rel    http://egg.astro.cornell.edu/alfalfa/news/index.php
             ../news/index.html

  [MOD] rwebhtml/ugradteam/uat_research10.html
    → rel    http://egg.astro.cornell.edu/alfalfa/alfalfabanner.jpg
             ../alfalfabanner.jpg
    → rel    http://egg.astro.cornell.edu/alfalfa/index.php
             ../index.html
    → rel    http://egg.astro.cornell.edu/alfalfa/people.php
             ../people.html
    → rel    http://egg.astro.cornell.edu/alfalfa/science.php
             ../science.html
    → rel    http://egg.astro.cornell.edu/alfalfa/scheds/index.php
             ../scheds/index.html
    → rel    http://egg.astro.cornell.edu/alfalfa/data/index.php
             ../data/index.html
    → rel    http://egg.astro.cornell.edu/alfalfa/docs/index.php
             ../docs/index.html
    → rel    http://egg.astro.cornell.edu/alfalfa/links.php
             ../links.html
    → rel    http://egg.astro.cornell.edu/alfalfa/pubs.php
             ../pubs.html
    → rel    http://egg.astro.cornell.edu/alfalfa/ugrad/index.php
             ../ugrad/index.html
    → rel    http://egg.astro.cornell.edu/alfalfa/epo/index.php
             ../epo/index.html
    → rel    http://egg.astro.cornell.edu/alfalfa/news/index.php
             ../news/index.html

  [MOD] rwebhtml/ugradteam/uat_research11.html
    → rel    http://egg.astro.cornell.edu/alfalfa/alfalfabanner.jpg
             ../alfalfabanner.jpg
    → rel    http://egg.astro.cornell.edu/alfalfa/index.php
             ../index.html
    → rel    http://egg.astro.cornell.edu/alfalfa/people.php
             ../people.html
    → rel    http://egg.astro.cornell.edu/alfalfa/science.php
             ../science.html
    → rel    http://egg.astro.cornell.edu/alfalfa/scheds/index.php
             ../scheds/index.html
    → rel    http://egg.astro.cornell.edu/alfalfa/data/index.php
             ../data/index.html
    → rel    http://egg.astro.cornell.edu/alfalfa/docs/index.php
             ../docs/index.html
    → rel    http://egg.astro.cornell.edu/alfalfa/links.php
             ../links.html
    → rel    http://egg.astro.cornell.edu/alfalfa/pubs.php
             ../pubs.html
    → rel    http://egg.astro.cornell.edu/alfalfa/ugrad/index.php
             ../ugrad/index.html
    → rel    http://egg.astro.cornell.edu/alfalfa/epo/index.php
             ../epo/index.html
    → rel    http://egg.astro.cornell.edu/alfalfa/news/index.php
             ../news/index.html

  [MOD] rwebhtml/ugradteam/uat_research12.html
    → rel    http://egg.astro.cornell.edu/alfalfa/alfalfabanner.jpg
             ../alfalfabanner.jpg
    → rel    http://egg.astro.cornell.edu/alfalfa/index.php
             ../index.html
    → rel    http://egg.astro.cornell.edu/alfalfa/people.php
             ../people.html
    → rel    http://egg.astro.cornell.edu/alfalfa/science.php
             ../science.html
    → rel    http://egg.astro.cornell.edu/alfalfa/scheds/index.php
             ../scheds/index.html
    → rel    http://egg.astro.cornell.edu/alfalfa/data/index.php
             ../data/index.html
    → rel    http://egg.astro.cornell.edu/alfalfa/docs/index.php
             ../docs/index.html
    → rel    http://egg.astro.cornell.edu/alfalfa/links.php
             ../links.html
    → rel    http://egg.astro.cornell.edu/alfalfa/pubs.php
             ../pubs.html
    → rel    http://egg.astro.cornell.edu/alfalfa/ugrad/index.php
             ../ugrad/index.html
    → rel    http://egg.astro.cornell.edu/alfalfa/epo/index.php
             ../epo/index.html
    → rel    http://egg.astro.cornell.edu/alfalfa/news/index.php
             ../news/index.html

  [MOD] rwebhtml/ugradteam/uat_research13.html
    → rel    http://egg.astro.cornell.edu/alfalfa/alfalfabanner.jpg
             ../alfalfabanner.jpg
    → rel    http://egg.astro.cornell.edu/alfalfa/index.php
             ../index.html
    → rel    http://egg.astro.cornell.edu/alfalfa/people.php
             ../people.html
    → rel    http://egg.astro.cornell.edu/alfalfa/science.php
             ../science.html
    → rel    http://egg.astro.cornell.edu/alfalfa/scheds/index.php
             ../scheds/index.html
    → rel    http://egg.astro.cornell.edu/alfalfa/data/index.php
             ../data/index.html
    → rel    http://egg.astro.cornell.edu/alfalfa/docs/index.php
             ../docs/index.html
    → rel    http://egg.astro.cornell.edu/alfalfa/links.php
             ../links.html
    → rel    http://egg.astro.cornell.edu/alfalfa/pubs.php
             ../pubs.html
    → rel    http://egg.astro.cornell.edu/alfalfa/ugrad/index.php
             ../ugrad/index.html
    → rel    http://egg.astro.cornell.edu/alfalfa/epo/index.php
             ../epo/index.html
    → rel    http://egg.astro.cornell.edu/alfalfa/news/index.php
             ../news/index.html

  [MOD] rwebhtml/ugradteam/uat_research14.html
    → rel    http://egg.astro.cornell.edu/alfalfa/alfalfabanner.jpg
             ../alfalfabanner.jpg
    → rel    http://egg.astro.cornell.edu/alfalfa/index.php
             ../index.html
    → rel    http://egg.astro.cornell.edu/alfalfa/people.php
             ../people.html
    → rel    http://egg.astro.cornell.edu/alfalfa/science.php
             ../science.html
    → rel    http://egg.astro.cornell.edu/alfalfa/scheds/index.php
             ../scheds/index.html
    → rel    http://egg.astro.cornell.edu/alfalfa/data/index.php
             ../data/index.html
    → rel    http://egg.astro.cornell.edu/alfalfa/docs/index.php
             ../docs/index.html
    → rel    http://egg.astro.cornell.edu/alfalfa/links.php
             ../links.html
    → rel    http://egg.astro.cornell.edu/alfalfa/pubs.php
             ../pubs.html
    → rel    http://egg.astro.cornell.edu/alfalfa/ugrad/index.php
             ../ugrad/index.html
    → rel    http://egg.astro.cornell.edu/alfalfa/epo/index.php
             ../epo/index.html
    → rel    http://egg.astro.cornell.edu/alfalfa/news/index.php
             ../news/index.html

  [MOD] rwebhtml/ugradteam/uat_research15.html
    → rel    http://egg.astro.cornell.edu/alfalfa/alfalfabanner.jpg
             ../alfalfabanner.jpg
    → rel    http://egg.astro.cornell.edu/alfalfa/index.php
             ../index.html
    → rel    http://egg.astro.cornell.edu/alfalfa/people.php
             ../people.html
    → rel    http://egg.astro.cornell.edu/alfalfa/science.php
             ../science.html
    → rel    http://egg.astro.cornell.edu/alfalfa/scheds/index.php
             ../scheds/index.html
    → rel    http://egg.astro.cornell.edu/alfalfa/data/index.php
             ../data/index.html
    → rel    http://egg.astro.cornell.edu/alfalfa/docs/index.php
             ../docs/index.html
    → rel    http://egg.astro.cornell.edu/alfalfa/links.php
             ../links.html
    → rel    http://egg.astro.cornell.edu/alfalfa/pubs.php
             ../pubs.html
    → rel    http://egg.astro.cornell.edu/alfalfa/ugrad/index.php
             ../ugrad/index.html
    → rel    http://egg.astro.cornell.edu/alfalfa/epo/index.php
             ../epo/index.html
    → rel    http://egg.astro.cornell.edu/alfalfa/news/index.php
             ../news/index.html

  [MOD] rwebhtml/ugradteam/uat_research16.html
    → rel    http://egg.astro.cornell.edu/alfalfa/alfalfabanner.jpg
             ../alfalfabanner.jpg
    → rel    http://egg.astro.cornell.edu/alfalfa/index.php
             ../index.html
    → rel    http://egg.astro.cornell.edu/alfalfa/people.php
             ../people.html
    → rel    http://egg.astro.cornell.edu/alfalfa/science.php
             ../science.html
    → rel    http://egg.astro.cornell.edu/alfalfa/scheds/index.php
             ../scheds/index.html
    → rel    http://egg.astro.cornell.edu/alfalfa/data/index.php
             ../data/index.html
    → rel    http://egg.astro.cornell.edu/alfalfa/docs/index.php
             ../docs/index.html
    → rel    http://egg.astro.cornell.edu/alfalfa/links.php
             ../links.html
    → rel    http://egg.astro.cornell.edu/alfalfa/pubs.php
             ../pubs.html
    → rel    http://egg.astro.cornell.edu/alfalfa/ugrad/index.php
             ../ugrad/index.html
    → rel    http://egg.astro.cornell.edu/alfalfa/epo/index.php
             ../epo/index.html
    → rel    http://egg.astro.cornell.edu/alfalfa/news/index.php
             ../news/index.html

  [MOD] rwebhtml/ugradteam/uat_research_spring14.html
    → rel    http://egg.astro.cornell.edu/alfalfa/alfalfabanner.jpg
             ../alfalfabanner.jpg

  [MOD] rwebhtml/ugradteam/uat_siena0810.html
    → rel    http://egg.astro.cornell.edu/alfalfa/alfalfabanner.jpg
             ../alfalfabanner.jpg
    → rel    http://egg.astro.cornell.edu/alfalfa/index.php
             ../index.html
    → rel    http://egg.astro.cornell.edu/alfalfa/people.php
             ../people.html
    → rel    http://egg.astro.cornell.edu/alfalfa/science.php
             ../science.html
    → rel    http://egg.astro.cornell.edu/alfalfa/scheds/index.php
             ../scheds/index.html
    → rel    http://egg.astro.cornell.edu/alfalfa/data/index.php
             ../data/index.html
    → rel    http://egg.astro.cornell.edu/alfalfa/docs/index.php
             ../docs/index.html
    → rel    http://egg.astro.cornell.edu/alfalfa/links.php
             ../links.html
    → rel    http://egg.astro.cornell.edu/alfalfa/pubs.php
             ../pubs.html
    → rel    http://egg.astro.cornell.edu/alfalfa/ugrad/index.php
             ../ugrad/index.html
    → rel    http://egg.astro.cornell.edu/alfalfa/epo/index.php
             ../epo/index.html
    → rel    http://egg.astro.cornell.edu/alfalfa/news/index.php
             ../news/index.html

  [MOD] rwebhtml/ugradteam/uat_union0807.html
    → rel    http://egg.astro.cornell.edu/alfalfa/alfalfabanner.jpg
             ../alfalfabanner.jpg
    → rel    http://egg.astro.cornell.edu/alfalfa/index.php
             ../index.html
    → rel    http://egg.astro.cornell.edu/alfalfa/people.php
             ../people.html
    → rel    http://egg.astro.cornell.edu/alfalfa/science.php
             ../science.html
    → rel    http://egg.astro.cornell.edu/alfalfa/scheds/index.php
             ../scheds/index.html
    → rel    http://egg.astro.cornell.edu/alfalfa/data/index.php
             ../data/index.html
    → rel    http://egg.astro.cornell.edu/alfalfa/docs/index.php
             ../docs/index.html
    → rel    http://egg.astro.cornell.edu/alfalfa/links.php
             ../links.html
    → rel    http://egg.astro.cornell.edu/alfalfa/pubs.php
             ../pubs.html
    → rel    http://egg.astro.cornell.edu/alfalfa/ugrad/index.php
             ../ugrad/index.html
    → rel    http://egg.astro.cornell.edu/alfalfa/epo/index.php
             ../epo/index.html
    → rel    http://egg.astro.cornell.edu/alfalfa/news/index.php
             ../news/index.html

  [MOD] rwebhtml/ugradteam/uat_union0807m.html
    → rel    http://egg.astro.cornell.edu/alfalfa/alfalfabanner.jpg
             ../alfalfabanner.jpg
    → rel    http://egg.astro.cornell.edu/alfalfa/index.php
             ../index.html
    → rel    http://egg.astro.cornell.edu/alfalfa/people.php
             ../people.html
    → rel    http://egg.astro.cornell.edu/alfalfa/science.php
             ../science.html
    → rel    http://egg.astro.cornell.edu/alfalfa/scheds/index.php
             ../scheds/index.html
    → rel    http://egg.astro.cornell.edu/alfalfa/data/index.php
             ../data/index.html
    → rel    http://egg.astro.cornell.edu/alfalfa/docs/index.php
             ../docs/index.html
    → rel    http://egg.astro.cornell.edu/alfalfa/links.php
             ../links.html
    → rel    http://egg.astro.cornell.edu/alfalfa/pubs.php
             ../pubs.html
    → rel    http://egg.astro.cornell.edu/alfalfa/ugrad/index.php
             ../ugrad/index.html
    → rel    http://egg.astro.cornell.edu/alfalfa/epo/index.php
             ../epo/index.html
    → rel    http://egg.astro.cornell.edu/alfalfa/news/index.php
             ../news/index.html
    → rel    http://egg.astro.cornell.edu/alfalfa/ugradteam/ugradgtel0807.php
             ugradgtel0807.html

  [MOD] rwebhtml/ugradteam/uat_union0810.html
    → rel    http://egg.astro.cornell.edu/alfalfa/alfalfabanner.jpg
             ../alfalfabanner.jpg
    → rel    http://egg.astro.cornell.edu/alfalfa/index.php
             ../index.html
    → rel    http://egg.astro.cornell.edu/alfalfa/people.php
             ../people.html
    → rel    http://egg.astro.cornell.edu/alfalfa/science.php
             ../science.html
    → rel    http://egg.astro.cornell.edu/alfalfa/scheds/index.php
             ../scheds/index.html
    → rel    http://egg.astro.cornell.edu/alfalfa/data/index.php
             ../data/index.html
    → rel    http://egg.astro.cornell.edu/alfalfa/docs/index.php
             ../docs/index.html
    → rel    http://egg.astro.cornell.edu/alfalfa/links.php
             ../links.html
    → rel    http://egg.astro.cornell.edu/alfalfa/pubs.php
             ../pubs.html
    → rel    http://egg.astro.cornell.edu/alfalfa/ugrad/index.php
             ../ugrad/index.html
    → rel    http://egg.astro.cornell.edu/alfalfa/epo/index.php
             ../epo/index.html
    → rel    http://egg.astro.cornell.edu/alfalfa/news/index.php
             ../news/index.html

  [MOD] rwebhtml/ugradteam/uat_union0907.html
    → rel    http://egg.astro.cornell.edu/alfalfa/alfalfabanner.jpg
             ../alfalfabanner.jpg
    → rel    http://egg.astro.cornell.edu/alfalfa/index.php
             ../index.html
    → rel    http://egg.astro.cornell.edu/alfalfa/people.php
             ../people.html
    → rel    http://egg.astro.cornell.edu/alfalfa/science.php
             ../science.html
    → rel    http://egg.astro.cornell.edu/alfalfa/scheds/index.php
             ../scheds/index.html
    → rel    http://egg.astro.cornell.edu/alfalfa/data/index.php
             ../data/index.html
    → rel    http://egg.astro.cornell.edu/alfalfa/docs/index.php
             ../docs/index.html
    → rel    http://egg.astro.cornell.edu/alfalfa/links.php
             ../links.html
    → rel    http://egg.astro.cornell.edu/alfalfa/pubs.php
             ../pubs.html
    → rel    http://egg.astro.cornell.edu/alfalfa/ugrad/index.php
             ../ugrad/index.html
    → rel    http://egg.astro.cornell.edu/alfalfa/epo/index.php
             ../epo/index.html
    → rel    http://egg.astro.cornell.edu/alfalfa/news/index.php
             ../news/index.html

  [MOD] rwebhtml/ugradteam/uat_union1006.html
    → rel    http://egg.astro.cornell.edu/alfalfa/alfalfabanner.jpg
             ../alfalfabanner.jpg
    → rel    http://egg.astro.cornell.edu/alfalfa/index.php
             ../index.html
    → rel    http://egg.astro.cornell.edu/alfalfa/people.php
             ../people.html
    → rel    http://egg.astro.cornell.edu/alfalfa/science.php
             ../science.html
    → rel    http://egg.astro.cornell.edu/alfalfa/scheds/index.php
             ../scheds/index.html
    → rel    http://egg.astro.cornell.edu/alfalfa/data/index.php
             ../data/index.html
    → rel    http://egg.astro.cornell.edu/alfalfa/docs/index.php
             ../docs/index.html
    → rel    http://egg.astro.cornell.edu/alfalfa/links.php
             ../links.html
    → rel    http://egg.astro.cornell.edu/alfalfa/pubs.php
             ../pubs.html
    → rel    http://egg.astro.cornell.edu/alfalfa/ugrad/index.php
             ../ugrad/index.html
    → rel    http://egg.astro.cornell.edu/alfalfa/epo/index.php
             ../epo/index.html
    → rel    http://egg.astro.cornell.edu/alfalfa/news/index.php
             ../news/index.html

  [MOD] rwebhtml/ugradteam/uat_union1107.html
    → rel    http://egg.astro.cornell.edu/alfalfa/alfalfabanner.jpg
             ../alfalfabanner.jpg
    → rel    http://egg.astro.cornell.edu/alfalfa/index.php
             ../index.html
    → rel    http://egg.astro.cornell.edu/alfalfa/people.php
             ../people.html
    → rel    http://egg.astro.cornell.edu/alfalfa/science.php
             ../science.html
    → rel    http://egg.astro.cornell.edu/alfalfa/scheds/index.php
             ../scheds/index.html
    → rel    http://egg.astro.cornell.edu/alfalfa/data/index.php
             ../data/index.html
    → rel    http://egg.astro.cornell.edu/alfalfa/docs/index.php
             ../docs/index.html
    → rel    http://egg.astro.cornell.edu/alfalfa/links.php
             ../links.html
    → rel    http://egg.astro.cornell.edu/alfalfa/pubs.php
             ../pubs.html
    → rel    http://egg.astro.cornell.edu/alfalfa/ugrad/index.php
             ../ugrad/index.html
    → rel    http://egg.astro.cornell.edu/alfalfa/epo/index.php
             ../epo/index.html
    → rel    http://egg.astro.cornell.edu/alfalfa/news/index.php
             ../news/index.html

  [MOD] rwebhtml/ugradteam/uat_union1306.html
    → rel    http://egg.astro.cornell.edu/alfalfa/index.php
             ../index.html
    → rel    http://egg.astro.cornell.edu/alfalfa/alfalfabanner.jpg
             ../alfalfabanner.jpg
    → rel    http://egg.astro.cornell.edu/alfalfa/people.php
             ../people.html
    → rel    http://egg.astro.cornell.edu/alfalfa/science.php
             ../science.html
    → rel    http://egg.astro.cornell.edu/alfalfa/scheds/index.php
             ../scheds/index.html
    → rel    http://egg.astro.cornell.edu/alfalfa/data/index.php
             ../data/index.html
    → rel    http://egg.astro.cornell.edu/alfalfa/docs/index.php
             ../docs/index.html
    → rel    http://egg.astro.cornell.edu/alfalfa/links.php
             ../links.html
    → rel    http://egg.astro.cornell.edu/alfalfa/pubs.php
             ../pubs.html
    → rel    http://egg.astro.cornell.edu/alfalfa/ugrad/index.php
             ../ugrad/index.html
    → rel    http://egg.astro.cornell.edu/alfalfa/epo/index.php
             ../epo/index.html
    → rel    http://egg.astro.cornell.edu/alfalfa/news/index.php
             ../news/index.html

  [MOD] rwebhtml/ugradteam/uat_union1506.html
    → rel    http://egg.astro.cornell.edu/alfalfa/index.php
             ../index.html
    → rel    http://egg.astro.cornell.edu/alfalfa/alfalfabanner.jpg
             ../alfalfabanner.jpg
    → rel    http://egg.astro.cornell.edu/alfalfa/people.php
             ../people.html
    → rel    http://egg.astro.cornell.edu/alfalfa/science.php
             ../science.html
    → rel    http://egg.astro.cornell.edu/alfalfa/scheds/index.php
             ../scheds/index.html
    → rel    http://egg.astro.cornell.edu/alfalfa/data/index.php
             ../data/index.html
    → rel    http://egg.astro.cornell.edu/alfalfa/docs/index.php
             ../docs/index.html
    → rel    http://egg.astro.cornell.edu/alfalfa/links.php
             ../links.html
    → rel    http://egg.astro.cornell.edu/alfalfa/pubs.php
             ../pubs.html
    → rel    http://egg.astro.cornell.edu/alfalfa/ugrad/index.php
             ../ugrad/index.html
    → rel    http://egg.astro.cornell.edu/alfalfa/epo/index.php
             ../epo/index.html
    → rel    http://egg.astro.cornell.edu/alfalfa/news/index.php
             ../news/index.html
    → rel    http://egg.astro.cornell.edu/alfalfa/ugradteam/hunt15u/uat_union_1506_hunt1.html
             hunt15u/uat_union_1506_hunt1.html
    → rel    http://egg.astro.cornell.edu/alfalfa/ugradteam/hunt15u/uat_union_1506_hunt2.html
             hunt15u/uat_union_1506_hunt2.html

  [MOD] rwebhtml/ugradteam/uatcomputer.html
    → rel    http://egg.astro.cornell.edu/alfalfa/
             ../index.html
    → rel    http://egg.astro.cornell.edu/alfalfa/alfalfabanner.jpg
             ../alfalfabanner.jpg

  [MOD] rwebhtml/ugradteam/uatcomputer2.html
    → rel    http://egg.astro.cornell.edu/alfalfa/
             ../index.html
    → rel    http://egg.astro.cornell.edu/alfalfa/alfalfabanner.jpg
             ../alfalfabanner.jpg

  [MOD] rwebhtml/ugradteam/uatgroups.html
    → rel    http://egg.astro.cornell.edu/alfalfa/alfalfabanner.jpg
             ../alfalfabanner.jpg
    → rel    http://egg.astro.cornell.edu/alfalfa/ugradteam/ugradprep.php
             ugradprep.html
    → rel    http://egg.astro.cornell.edu/alfalfa/ugrad/agcintro.htm
             ../ugrad/agcintro.htm
    → ???    http://egg.astro.cornell.edu/alfalfa/pract/pract_team.htm

  [MOD] rwebhtml/ugradteam/uatgroups_files.html
    → rel    http://egg.astro.cornell.edu/alfalfa/alfalfabanner.jpg
             ../alfalfabanner.jpg
    → rel    http://egg.astro.cornell.edu/alfalfa/ugradteam/uatgroups.php
             uatgroups.html
    → rel    http://egg.astro.cornell.edu/alfalfa/ugradteam/summer11.php
             summer11.html

  [MOD] rwebhtml/ugradteam/uatgroups_s09todo.html
    → rel    http://egg.astro.cornell.edu/alfalfa/alfalfabanner.jpg
             ../alfalfabanner.jpg

  [MOD] rwebhtml/ugradteam/uatgroups_sample.html
    → rel    http://egg.astro.cornell.edu/alfalfa/alfalfabanner.jpg
             ../alfalfabanner.jpg

  [MOD] rwebhtml/ugradteam/uatgroupsproject.html
    → rel    http://egg.astro.cornell.edu/alfalfa/alfalfabanner.jpg
             ../alfalfabanner.jpg
    → rel    http://egg.astro.cornell.edu/alfalfa/ugradteam/ugradteam.php
             ugradteam.html
    → rel    http://egg.astro.cornell.edu/alfalfa/
             ../index.html

  [MOD] rwebhtml/ugradteam/uatj12propexercises.html
    → rel    http://egg.astro.cornell.edu/alfalfa/ugradteam/ugradprep.php
             ugradprep.html
    → drive  http://egg.astro.cornell.edu/alfalfa/ugrad/backgrnd/intro2arecibo.pdf
             https://drive.google.com/file/d/1GxQ2f7MuaJhLK_DCPCigdrVkxcmEYjcF/view
    → rel    http://egg.astro.cornell.edu/alfalfa/ugrad/alfares.htm
             ../ugrad/alfares.htm
    → ???    http://egg.astro.cornell.edu/alfalfa/ugrad/hiprofile.ht
    → drive  http://egg.astro.cornell.edu/alfalfa/pubs/a40_110825.pdf
             https://drive.google.com/file/d/1QOt0j5bJ84M6qApOaQrXVdNETAvbRfLh/view
    → rel    http://egg.astro.cornell.edu/alfalfa/virgohi21.php
             ../virgohi21.html

  [MOD] rwebhtml/ugradteam/uatj12propexercises2.html
    → drive  http://egg.astro.cornell.edu/alfalfa/ugradteam/hunt11/gifs/A214473_gridbf.gif
             https://drive.google.com/file/d/1lRadmMbZJf5FXK5jb8WP6RmLQozAbxPM/view
    → drive  http://egg.astro.cornell.edu/alfalfa/ugradteam/hunt11/gifs/A214473_galcat.gif
             https://drive.google.com/file/d/1WnGwm_4CkGrQcm68rHRFXK_SuVqK0P2u/view
    → drive  http://egg.astro.cornell.edu/alfalfa/ugradteam/hunt11/gifs/A214473_galcat.gif
             https://drive.google.com/file/d/1WnGwm_4CkGrQcm68rHRFXK_SuVqK0P2u/view
    → ???    http://egg.astro.cornell.edu/alfalfa/data/a40files/a40.datafile1.txt
    → rel    http://egg.astro.cornell.edu/alfalfa/ugrad/himass.htm
             ../ugrad/himass.htm
    → rel    http://egg.astro.cornell.edu/alfalfa/ugrad/centroid.htm
             ../ugrad/centroid.htm

  [MOD] rwebhtml/ugradteam/uatj13propexercises2.html
    → drive  http://egg.astro.cornell.edu/alfalfa/ugradteam/hunt11/gifs/A214473_gridbf.gif
             https://drive.google.com/file/d/1lRadmMbZJf5FXK5jb8WP6RmLQozAbxPM/view
    → drive  http://egg.astro.cornell.edu/alfalfa/ugradteam/hunt11/gifs/A214473_galcat.gif
             https://drive.google.com/file/d/1WnGwm_4CkGrQcm68rHRFXK_SuVqK0P2u/view
    → drive  http://egg.astro.cornell.edu/alfalfa/ugradteam/hunt11/gifs/A214473_galcat.gif
             https://drive.google.com/file/d/1WnGwm_4CkGrQcm68rHRFXK_SuVqK0P2u/view
    → ???    http://egg.astro.cornell.edu/alfalfa/data/a40files/a40.datafile1.txt
    → rel    http://egg.astro.cornell.edu/alfalfa/ugrad/himass.htm
             ../ugrad/himass.htm
    → rel    http://egg.astro.cornell.edu/alfalfa/ugrad/centroid.htm
             ../ugrad/centroid.htm

  [MOD] rwebhtml/ugradteam/uatj13sch_draft.html
    → rel    http://egg.astro.cornell.edu/alfalfa/alfalfabanner.jpg
             ../alfalfabanner.jpg
    → rel    http://egg.astro.cornell.edu/alfalfa/ugradteam/uat13teams01.php
             uat13teams01.html
    → rel    http://egg.astro.cornell.edu/alfalfa/ugradteam/hunt13/huntobs_13.html
             hunt13/huntobs_13.html
    → ???    http://egg.astro.cornell.edu/alfalfa/ugradteam/uat13teams3.php
    → ???    http://egg.astro.cornell.edu/alfalfa/ugradteam/uat13_shuttle.html
    → rel    http://egg.astro.cornell.edu/alfalfa/ugradteam/ugradj13.php
             ugradj13.html

  [MOD] rwebhtml/ugradteam/uatj13telecon1prep.html
    → rel    http://egg.astro.cornell.edu/alfalfa/ugradteam/ugradprep.php
             ugradprep.html
    → drive  http://egg.astro.cornell.edu/alfalfa/ugrad/backgrnd/intro2arecibo.pdf
             https://drive.google.com/file/d/1GxQ2f7MuaJhLK_DCPCigdrVkxcmEYjcF/view
    → ???    http://egg.astro.cornell.edu/alfalfa/ugrad/hiprofile.ht
    → rel    http://egg.astro.cornell.edu/alfalfa/ugradteam/darkgals/darkgal1_12.htm
             darkgals/darkgal1_12.htm
    → rel    http://egg.astro.cornell.edu/alfalfa/virgohi21.php
             ../virgohi21.html

  [MOD] rwebhtml/ugradteam/uatj13telecon2prep.html
    → rel    http://egg.astro.cornell.edu/alfalfa/ugradteam/darkgals/darkgal1_12.htm
             darkgals/darkgal1_12.htm
    → drive  http://egg.astro.cornell.edu/alfalfa/pubs/a40_110825.pdf
             https://drive.google.com/file/d/1QOt0j5bJ84M6qApOaQrXVdNETAvbRfLh/view
    → rel    http://egg.astro.cornell.edu/alfalfa/ugrad/alfares.htm
             ../ugrad/alfares.htm
    → rel    http://egg.astro.cornell.edu/alfalfa/ugradteam/uatj13propexercises2.php
             uatj13propexercises2.html
    → rel    http://egg.astro.cornell.edu/alfalfa/ugradteam/darkgals/darkgal2_12.php
             darkgals/darkgal2_12.html
    → rel    http://egg.astro.cornell.edu/alfalfa/ugradteam/darkgals/darkgal2_12.php
             darkgals/darkgal2_12.html

  [MOD] rwebhtml/ugradteam/uatj14_group_prep.html
    → rel    http://egg.astro.cornell.edu/alfalfa/styles/style1.css
             ../styles/style1.css
    → rel    http://egg.astro.cornell.edu/alfalfa/alfalfabanner.jpg
             ../alfalfabanner.jpg
    → rel    http://egg.astro.cornell.edu/alfalfa
             ../index.html

  [MOD] rwebhtml/ugradteam/uatj14_observing_targets.html
    → rel    http://egg.astro.cornell.edu/alfalfa/styles/style1.css
             ../styles/style1.css
    → rel    http://egg.astro.cornell.edu/alfalfa/alfalfabanner.jpg
             ../alfalfabanner.jpg
    → rel    http://egg.astro.cornell.edu/alfalfa/ugradteam/introskylinksj14.php
             introskylinksj14.html
    → rel    http://egg.astro.cornell.edu/alfalfa/ugradteam/uatj13propexercises2.php
             uatj13propexercises2.html

  [MOD] rwebhtml/ugradteam/uatj14galaxysurveys.html
    → rel    http://egg.astro.cornell.edu/alfalfa/ugradteam/introskylinksj14.php
             introskylinksj14.html
    → rel    http://egg.astro.cornell.edu/alfalfa/data/index.php
             ../data/index.html
    → rel    http://egg.astro.cornell.edu/alfalfa/ugradteam/ugradobspropj14.php
             ugradobspropj14.html

  [MOD] rwebhtml/ugradteam/uatj14telecon1prep.html
    → rel    http://egg.astro.cornell.edu/alfalfa/ugradteam/ugradprep.php
             ugradprep.html
    → drive  http://egg.astro.cornell.edu/alfalfa/ugrad/backgrnd/intro2arecibo.pdf
             https://drive.google.com/file/d/1GxQ2f7MuaJhLK_DCPCigdrVkxcmEYjcF/view
    → ???    http://egg.astro.cornell.edu/alfalfa/ugrad/hiprofile.ht
    → rel    http://egg.astro.cornell.edu/alfalfa/ugradteam/darkgals/darkgal1_12.htm
             darkgals/darkgal1_12.htm
    → ???    http://egg.astro.cornell.edu/alfalfa/ugradteam/groupgal1_13.html
    → rel    http://egg.astro.cornell.edu/alfalfa/virgohi21.php
             ../virgohi21.html

  [MOD] rwebhtml/ugradteam/uatj14telecon2prep.html
    → rel    http://egg.astro.cornell.edu/alfalfa/ugradteam/uatj14_group_prep.php
             uatj14_group_prep.html
    → drive  http://egg.astro.cornell.edu/alfalfa/pubs/a40_110825.pdf
             https://drive.google.com/file/d/1QOt0j5bJ84M6qApOaQrXVdNETAvbRfLh/view
    → rel    http://egg.astro.cornell.edu/alfalfa/ugrad/alfares.htm
             ../ugrad/alfares.htm
    → rel    http://egg.astro.cornell.edu/alfalfa/ugradteam/uatj13propexercises2.php
             uatj13propexercises2.html
    → rel    http://egg.astro.cornell.edu/alfalfa/ugradteam/uatj14_observing_targets.php
             uatj14_observing_targets.html
    → rel    http://egg.astro.cornell.edu/alfalfa/ugradteam/uatj14_observing_targets.php
             uatj14_observing_targets.html

  [MOD] rwebhtml/ugradteam/uatj15telecon1prep.html
    → rel    http://egg.astro.cornell.edu/alfalfa/ugradteam/ugradprep.php
             ugradprep.html
    → drive  http://egg.astro.cornell.edu/alfalfa/ugrad/backgrnd/intro2arecibo.pdf
             https://drive.google.com/file/d/1GxQ2f7MuaJhLK_DCPCigdrVkxcmEYjcF/view
    → ???    http://egg.astro.cornell.edu/alfalfa/ugrad/hiprofile.ht
    → rel    http://egg.astro.cornell.edu/alfalfa/ugradteam/darkgals/darkgal1_12.htm
             darkgals/darkgal1_12.htm
    → ???    http://egg.astro.cornell.edu/alfalfa/ugradteam/groupgal1_13.html
    → rel    http://egg.astro.cornell.edu/alfalfa/science.php
             ../science.html

  [MOD] rwebhtml/ugradteam/uatj15telecon2prep.html
    → rel    http://egg.astro.cornell.edu/alfalfa/ugradteam/uatj14_group_prep.php
             uatj14_group_prep.html
    → drive  http://egg.astro.cornell.edu/alfalfa/pubs/a40_110825.pdf
             https://drive.google.com/file/d/1QOt0j5bJ84M6qApOaQrXVdNETAvbRfLh/view
    → rel    http://egg.astro.cornell.edu/alfalfa/ugrad/alfares.htm
             ../ugrad/alfares.htm

  [MOD] rwebhtml/ugradteam/uatj19telecon2.html
    → rel    http://egg.astro.cornell.edu/alfalfa/ugradteam/ugradprepj19.php
             ugradprepj19.html
    → rel    http://egg.astro.cornell.edu/alfalfa/ugradteam/hunt19/hunt0_19.htm
             hunt19/hunt0_19.htm
    → ???    http://egg.astro.cornell.edu/alfalfa/ugradteam/uat19teams1.php
    → ???    http://egg.astro.cornell.edu/alfalfa/ugradteam/travelinfoj19.php
    → drive  http://egg.astro.cornell.edu/alfalfa/ugradteam/docs/ALFALFAProposal2008.pdf
             https://drive.google.com/file/d/1p7gGW74yKbEgZF2cmmiKobrvW5nSTbHC/view
    → ???    http://egg.astro.cornell.edu/alfalfa/ugradteam/Prop06.pdf
    → drive  http://egg.astro.cornell.edu/alfalfa/ugrad/prop050630.pdf
             https://drive.google.com/file/d/1oBxR4sG-Q31A6vOcRu3vXQzp2nMUT4i9/view

  [MOD] rwebhtml/ugradteam/uatj19telecon2prep.html
    → drive  http://egg.astro.cornell.edu/alfalfa/ugrad/backgrnd/intro2arecibo.pdf
             https://drive.google.com/file/d/1GxQ2f7MuaJhLK_DCPCigdrVkxcmEYjcF/view
    → ???    http://egg.astro.cornell.edu/alfalfa/ugrad/hiprofile.ht
    → rel    http://egg.astro.cornell.edu/alfalfa/ugradteam/ugradprepj19.php
             ugradprepj19.html

  [MOD] rwebhtml/ugradteam/ugrad07.html
    → rel    http://egg.astro.cornell.edu/alfalfa/alfalfabanner.jpg
             ../alfalfabanner.jpg

  [MOD] rwebhtml/ugradteam/ugrad07old.html
    → rel    http://egg.astro.cornell.edu/alfalfa/alfalfabanner.jpg
             ../alfalfabanner.jpg

  [MOD] rwebhtml/ugradteam/ugrad13.html
    → rel    http://egg.astro.cornell.edu/alfalfa/
             ../index.html
    → rel    http://egg.astro.cornell.edu/alfalfa/alfalfabanner.jpg
             ../alfalfabanner.jpg
    → rel    http://egg.astro.cornell.edu/alfalfa/ugradteam/ugradteam.php
             ugradteam.html
    → rel    http://egg.astro.cornell.edu/alfalfa/
             ../index.html

  [MOD] rwebhtml/ugradteam/ugradgparlist.html
    → rel    http://egg.astro.cornell.edu/alfalfa/alfalfabanner.jpg
             ../alfalfabanner.jpg
    → rel    http://egg.astro.cornell.edu/alfalfa/index.php
             ../index.html
    → rel    http://egg.astro.cornell.edu/alfalfa/people.php
             ../people.html
    → rel    http://egg.astro.cornell.edu/alfalfa/science.php
             ../science.html
    → rel    http://egg.astro.cornell.edu/alfalfa/scheds/index.php
             ../scheds/index.html
    → rel    http://egg.astro.cornell.edu/alfalfa/data/index.php
             ../data/index.html
    → rel    http://egg.astro.cornell.edu/alfalfa/docs/index.php
             ../docs/index.html
    → rel    http://egg.astro.cornell.edu/alfalfa/links.php
             ../links.html
    → rel    http://egg.astro.cornell.edu/alfalfa/pubs.php
             ../pubs.html
    → rel    http://egg.astro.cornell.edu/alfalfa/ugrad/index.php
             ../ugrad/index.html
    → rel    http://egg.astro.cornell.edu/alfalfa/epo/index.php
             ../epo/index.html
    → rel    http://egg.astro.cornell.edu/alfalfa/news/index.php
             ../news/index.html

  [MOD] rwebhtml/ugradteam/ugradgtel0807.html
    → rel    http://egg.astro.cornell.edu/alfalfa/alfalfabanner.jpg
             ../alfalfabanner.jpg
    → rel    http://egg.astro.cornell.edu/alfalfa/index.php
             ../index.html
    → rel    http://egg.astro.cornell.edu/alfalfa/people.php
             ../people.html
    → rel    http://egg.astro.cornell.edu/alfalfa/science.php
             ../science.html
    → rel    http://egg.astro.cornell.edu/alfalfa/scheds/index.php
             ../scheds/index.html
    → rel    http://egg.astro.cornell.edu/alfalfa/data/index.php
             ../data/index.html
    → rel    http://egg.astro.cornell.edu/alfalfa/docs/index.php
             ../docs/index.html
    → rel    http://egg.astro.cornell.edu/alfalfa/links.php
             ../links.html
    → rel    http://egg.astro.cornell.edu/alfalfa/pubs.php
             ../pubs.html
    → rel    http://egg.astro.cornell.edu/alfalfa/ugrad/index.php
             ../ugrad/index.html
    → rel    http://egg.astro.cornell.edu/alfalfa/epo/index.php
             ../epo/index.html
    → rel    http://egg.astro.cornell.edu/alfalfa/news/index.php
             ../news/index.html
    → rel    http://egg.astro.cornell.edu/alfalfa/ugradteam/uatgroups.php
             uatgroups.html

  [MOD] rwebhtml/ugradteam/ugradj08.html
    → rel    http://egg.astro.cornell.edu/alfalfa/
             ../index.html
    → rel    http://egg.astro.cornell.edu/alfalfa/alfalfabanner.jpg
             ../alfalfabanner.jpg
    → rel    http://egg.astro.cornell.edu/alfalfa/ugradteam/ugradteam.php
             ugradteam.html
    → rel    http://egg.astro.cornell.edu/alfalfa/
             ../index.html

  [MOD] rwebhtml/ugradteam/ugradj09.html
    → rel    http://egg.astro.cornell.edu/alfalfa/
             ../index.html
    → rel    http://egg.astro.cornell.edu/alfalfa/alfalfabanner.jpg
             ../alfalfabanner.jpg
    → rel    http://egg.astro.cornell.edu/alfalfa/ugradteam/ugradteam.php
             ugradteam.html
    → rel    http://egg.astro.cornell.edu/alfalfa/
             ../index.html

  [MOD] rwebhtml/ugradteam/ugradj10.html
    → rel    http://egg.astro.cornell.edu/alfalfa/
             ../index.html
    → rel    http://egg.astro.cornell.edu/alfalfa/alfalfabanner.jpg
             ../alfalfabanner.jpg
    → rel    http://egg.astro.cornell.edu/alfalfa/ugradteam/ugradteam.php
             ugradteam.html
    → rel    http://egg.astro.cornell.edu/alfalfa/
             ../index.html

  [MOD] rwebhtml/ugradteam/ugradj10_s1.html
    → rel    http://egg.astro.cornell.edu/alfalfa/
             ../index.html
    → rel    http://egg.astro.cornell.edu/alfalfa/alfalfabanner.jpg
             ../alfalfabanner.jpg
    → rel    http://egg.astro.cornell.edu/alfalfa/ugradteam/ugradteam.php
             ugradteam.html
    → rel    http://egg.astro.cornell.edu/alfalfa/
             ../index.html

  [MOD] rwebhtml/ugradteam/ugradj11.html
    → rel    http://egg.astro.cornell.edu/alfalfa/
             ../index.html
    → rel    http://egg.astro.cornell.edu/alfalfa/alfalfabanner.jpg
             ../alfalfabanner.jpg
    → rel    http://egg.astro.cornell.edu/alfalfa/ugradteam/ugradteam.php
             ugradteam.html
    → rel    http://egg.astro.cornell.edu/alfalfa/
             ../index.html

  [MOD] rwebhtml/ugradteam/ugradj12.html
    → rel    http://egg.astro.cornell.edu/alfalfa/
             ../index.html
    → rel    http://egg.astro.cornell.edu/alfalfa/alfalfabanner.jpg
             ../alfalfabanner.jpg
    → rel    http://egg.astro.cornell.edu/alfalfa/ugradteam/ugradteam.php
             ugradteam.html
    → rel    http://egg.astro.cornell.edu/alfalfa/
             ../index.html

  [MOD] rwebhtml/ugradteam/ugradj13.html
    → rel    http://egg.astro.cornell.edu/alfalfa/
             ../index.html
    → rel    http://egg.astro.cornell.edu/alfalfa/alfalfabanner.jpg
             ../alfalfabanner.jpg
    → rel    http://egg.astro.cornell.edu/alfalfa/ugradteam/ugradteam.php
             ugradteam.html
    → rel    http://egg.astro.cornell.edu/alfalfa/
             ../index.html

  [MOD] rwebhtml/ugradteam/ugradj14.html
    → rel    http://egg.astro.cornell.edu/alfalfa/
             ../index.html
    → rel    http://egg.astro.cornell.edu/alfalfa/alfalfabanner.jpg
             ../alfalfabanner.jpg
    → rel    http://egg.astro.cornell.edu/alfalfa/ugradteam/ugradteam.php
             ugradteam.html
    → rel    http://egg.astro.cornell.edu/alfalfa/
             ../index.html

  [MOD] rwebhtml/ugradteam/ugradj15.html
    → rel    http://egg.astro.cornell.edu/alfalfa/
             ../index.html
    → rel    http://egg.astro.cornell.edu/alfalfa/alfalfabanner.jpg
             ../alfalfabanner.jpg
    → rel    http://egg.astro.cornell.edu/alfalfa/ugradteam/ugradteam.php
             ugradteam.html
    → rel    http://egg.astro.cornell.edu/alfalfa/
             ../index.html

  [MOD] rwebhtml/ugradteam/ugradj16.html
    → rel    http://egg.astro.cornell.edu/alfalfa/
             ../index.html
    → rel    http://egg.astro.cornell.edu/alfalfa/alfalfabanner.jpg
             ../alfalfabanner.jpg
    → rel    http://egg.astro.cornell.edu/alfalfa/ugradteam/ugradteam.php
             ugradteam.html
    → rel    http://egg.astro.cornell.edu/alfalfa/
             ../index.html

  [MOD] rwebhtml/ugradteam/ugradj17.html
    → rel    http://egg.astro.cornell.edu/alfalfa/
             ../index.html
    → rel    http://egg.astro.cornell.edu/alfalfa/alfalfabanner.jpg
             ../alfalfabanner.jpg
    → rel    http://egg.astro.cornell.edu/alfalfa/ugradteam/ugradteam.php
             ugradteam.html
    → rel    http://egg.astro.cornell.edu/alfalfa/
             ../index.html

  [MOD] rwebhtml/ugradteam/ugradj18.html
    → rel    http://egg.astro.cornell.edu/alfalfa/
             ../index.html
    → rel    http://egg.astro.cornell.edu/alfalfa/alfalfabanner.jpg
             ../alfalfabanner.jpg
    → rel    http://egg.astro.cornell.edu/alfalfa/ugradteam/ugradteam.php
             ugradteam.html
    → rel    http://egg.astro.cornell.edu/alfalfa/
             ../index.html

  [MOD] rwebhtml/ugradteam/ugradj19.html
    → rel    http://egg.astro.cornell.edu/alfalfa/
             ../index.html
    → rel    http://egg.astro.cornell.edu/alfalfa/alfalfabanner.jpg
             ../alfalfabanner.jpg
    → rel    http://egg.astro.cornell.edu/alfalfa/ugradteam/ugradteam.php
             ugradteam.html
    → rel    http://egg.astro.cornell.edu/alfalfa/
             ../index.html
    → rel    http://egg.astro.cornell.edu/alfalfa/ugradteam/2010GBT_4_squared.jpg
             2010GBT_4_squared.jpg

  [MOD] rwebhtml/ugradteam/ugradj20.html
    → rel    http://egg.astro.cornell.edu/alfalfa/
             ../index.html
    → rel    http://egg.astro.cornell.edu/alfalfa/alfalfabanner.jpg
             ../alfalfabanner.jpg
    → rel    http://egg.astro.cornell.edu/alfalfa/ugradteam/ugradteam.php
             ugradteam.html
    → rel    http://egg.astro.cornell.edu/alfalfa/
             ../index.html
    → rel    http://egg.astro.cornell.edu/alfalfa/ugradteam/imagessquaredArticlesGBT_23_squared.jpg
             imagessquaredArticlesGBT_23_squared.jpg

  [MOD] rwebhtml/ugradteam/ugradobs.html
    → rel    http://egg.astro.cornell.edu/alfalfa/alfalfabanner.jpg
             ../alfalfabanner.jpg

  [MOD] rwebhtml/ugradteam/ugradobs15.html
    → rel    http://egg.astro.cornell.edu/alfalfa/alfalfabanner.jpg
             ../alfalfabanner.jpg

  [MOD] rwebhtml/ugradteam/ugradobs16.html
    → rel    http://egg.astro.cornell.edu/alfalfa/alfalfabanner.jpg
             ../alfalfabanner.jpg

  [MOD] rwebhtml/ugradteam/ugradobs17.html
    → rel    http://egg.astro.cornell.edu/alfalfa/alfalfabanner.jpg
             ../alfalfabanner.jpg

  [MOD] rwebhtml/ugradteam/ugradobs18.html
    → rel    http://egg.astro.cornell.edu/alfalfa/alfalfabanner.jpg
             ../alfalfabanner.jpg

  [MOD] rwebhtml/ugradteam/ugradobs19.html
    → rel    http://egg.astro.cornell.edu/alfalfa/alfalfabanner.jpg
             ../alfalfabanner.jpg

  [MOD] rwebhtml/ugradteam/ugradobs_telj15.html
    → rel    http://egg.astro.cornell.edu/alfalfa/ugradteam/ugradprepj14.php
             ugradprepj14.html
    → rel    http://egg.astro.cornell.edu/alfalfa/ugradteam/uatj15telecon1prep.php
             uatj15telecon1prep.html
    → drive  http://egg.astro.cornell.edu/alfalfa/ugradteam/docs/ALFALFAProposal2008.pdf
             https://drive.google.com/file/d/1p7gGW74yKbEgZF2cmmiKobrvW5nSTbHC/view
    → ???    http://egg.astro.cornell.edu/alfalfa/ugradteam/Prop06.pdf
    → drive  http://egg.astro.cornell.edu/alfalfa/ugrad/prop050630.pdf
             https://drive.google.com/file/d/1oBxR4sG-Q31A6vOcRu3vXQzp2nMUT4i9/view

  [MOD] rwebhtml/ugradteam/ugradobs_telj16.html
    → rel    http://egg.astro.cornell.edu/alfalfa/ugradteam/ugradprepj16.php
             ugradprepj16.html
    → ???    http://egg.astro.cornell.edu/alfalfa/ugradteam/travelinfoj16.php
    → rel    http://egg.astro.cornell.edu/alfalfa/ugradteam/hunt16/hunt0_16.htm
             hunt16/hunt0_16.htm
    → drive  http://egg.astro.cornell.edu/alfalfa/ugradteam/docs/ALFALFAProposal2008.pdf
             https://drive.google.com/file/d/1p7gGW74yKbEgZF2cmmiKobrvW5nSTbHC/view
    → ???    http://egg.astro.cornell.edu/alfalfa/ugradteam/Prop06.pdf
    → drive  http://egg.astro.cornell.edu/alfalfa/ugrad/prop050630.pdf
             https://drive.google.com/file/d/1oBxR4sG-Q31A6vOcRu3vXQzp2nMUT4i9/view

  [MOD] rwebhtml/ugradteam/ugradobs_telj17.html
    → rel    http://egg.astro.cornell.edu/alfalfa/ugradteam/ugradprepj17.php
             ugradprepj17.html
    → rel    http://egg.astro.cornell.edu/alfalfa/ugradteam/hunt17/hunt0_17.htm
             hunt17/hunt0_17.htm
    → ???    http://egg.astro.cornell.edu/alfalfa/ugradteam/uat17teams1.php
    → ???    http://egg.astro.cornell.edu/alfalfa/ugradteam/travelinfoj17.php
    → drive  http://egg.astro.cornell.edu/alfalfa/ugradteam/docs/ALFALFAProposal2008.pdf
             https://drive.google.com/file/d/1p7gGW74yKbEgZF2cmmiKobrvW5nSTbHC/view
    → ???    http://egg.astro.cornell.edu/alfalfa/ugradteam/Prop06.pdf
    → drive  http://egg.astro.cornell.edu/alfalfa/ugrad/prop050630.pdf
             https://drive.google.com/file/d/1oBxR4sG-Q31A6vOcRu3vXQzp2nMUT4i9/view

  [MOD] rwebhtml/ugradteam/ugradobs_telj18.html
    → rel    http://egg.astro.cornell.edu/alfalfa/ugradteam/ugradprepj18.php
             ugradprepj18.html
    → rel    http://egg.astro.cornell.edu/alfalfa/ugradteam/hunt18/hunt0_18.htm
             hunt18/hunt0_18.htm
    → ???    http://egg.astro.cornell.edu/alfalfa/ugradteam/uat18teams1.php
    → ???    http://egg.astro.cornell.edu/alfalfa/ugradteam/travelinfoj18.php
    → drive  http://egg.astro.cornell.edu/alfalfa/ugradteam/docs/ALFALFAProposal2008.pdf
             https://drive.google.com/file/d/1p7gGW74yKbEgZF2cmmiKobrvW5nSTbHC/view
    → ???    http://egg.astro.cornell.edu/alfalfa/ugradteam/Prop06.pdf
    → drive  http://egg.astro.cornell.edu/alfalfa/ugrad/prop050630.pdf
             https://drive.google.com/file/d/1oBxR4sG-Q31A6vOcRu3vXQzp2nMUT4i9/view

  [MOD] rwebhtml/ugradteam/ugradobs_telj19.html
    → rel    http://egg.astro.cornell.edu/alfalfa/ugradteam/ugradprepj19.php
             ugradprepj19.html
    → rel    http://egg.astro.cornell.edu/alfalfa/ugradteam/hunt19/hunt0_19.htm
             hunt19/hunt0_19.htm
    → ???    http://egg.astro.cornell.edu/alfalfa/ugradteam/uat19teams1.php
    → ???    http://egg.astro.cornell.edu/alfalfa/ugradteam/travelinfoj19.php
    → rel    http://egg.astro.cornell.edu/alfalfa/ugradteam/uatj19telecon2prep.php
             uatj19telecon2prep.html
    → drive  http://egg.astro.cornell.edu/alfalfa/ugradteam/docs/ALFALFAProposal2008.pdf
             https://drive.google.com/file/d/1p7gGW74yKbEgZF2cmmiKobrvW5nSTbHC/view
    → ???    http://egg.astro.cornell.edu/alfalfa/ugradteam/Prop06.pdf
    → drive  http://egg.astro.cornell.edu/alfalfa/ugrad/prop050630.pdf
             https://drive.google.com/file/d/1oBxR4sG-Q31A6vOcRu3vXQzp2nMUT4i9/view

  [MOD] rwebhtml/ugradteam/ugradobsprop.html
    → rel    http://egg.astro.cornell.edu/alfalfa/ugradteam/uatj12propexercises.php
             uatj12propexercises.html
    → rel    http://egg.astro.cornell.edu/alfalfa/ugradteam/uat12galaxysurveys.php
             uat12galaxysurveys.html
    → rel    http://egg.astro.cornell.edu/alfalfa/ugradteam/uatj12propexercises2.php
             uatj12propexercises2.html
    → ???    http://egg.astro.cornell.edu/alfalfa/ugradteam/dark_mhdec11.php
    → drive  http://egg.astro.cornell.edu/alfalfa/ugradteam/docs/ALFALFAProposal2008.pdf
             https://drive.google.com/file/d/1p7gGW74yKbEgZF2cmmiKobrvW5nSTbHC/view
    → ???    http://egg.astro.cornell.edu/alfalfa/ugradteam/Prop06.pdf
    → drive  http://egg.astro.cornell.edu/alfalfa/ugrad/prop050630.pdf
             https://drive.google.com/file/d/1oBxR4sG-Q31A6vOcRu3vXQzp2nMUT4i9/view

  [MOD] rwebhtml/ugradteam/ugradobspropj13.html
    → rel    http://egg.astro.cornell.edu/alfalfa/ugradteam/uatj13telecon1prep.php
             uatj13telecon1prep.html
    → drive  http://egg.astro.cornell.edu/alfalfa/ugradteam/docs/ALFALFAProposal2008.pdf
             https://drive.google.com/file/d/1p7gGW74yKbEgZF2cmmiKobrvW5nSTbHC/view
    → ???    http://egg.astro.cornell.edu/alfalfa/ugradteam/Prop06.pdf
    → drive  http://egg.astro.cornell.edu/alfalfa/ugrad/prop050630.pdf
             https://drive.google.com/file/d/1oBxR4sG-Q31A6vOcRu3vXQzp2nMUT4i9/view

  [MOD] rwebhtml/ugradteam/ugradobspropj14.html
    → rel    http://egg.astro.cornell.edu/alfalfa/ugradteam/ugradprepj14.php
             ugradprepj14.html
    → rel    http://egg.astro.cornell.edu/alfalfa/ugradteam/uatj14telecon1prep.php
             uatj14telecon1prep.html
    → drive  http://egg.astro.cornell.edu/alfalfa/ugradteam/docs/ALFALFAProposal2008.pdf
             https://drive.google.com/file/d/1p7gGW74yKbEgZF2cmmiKobrvW5nSTbHC/view
    → ???    http://egg.astro.cornell.edu/alfalfa/ugradteam/Prop06.pdf
    → drive  http://egg.astro.cornell.edu/alfalfa/ugrad/prop050630.pdf
             https://drive.google.com/file/d/1oBxR4sG-Q31A6vOcRu3vXQzp2nMUT4i9/view

  [MOD] rwebhtml/ugradteam/ugradprep.html
    → rel    http://egg.astro.cornell.edu/alfalfa/alfalfabanner.jpg
             ../alfalfabanner.jpg
    → drive  http://egg.astro.cornell.edu/alfalfa/ugrad/backgrnd/intro2arecibo.pdf
             https://drive.google.com/file/d/1GxQ2f7MuaJhLK_DCPCigdrVkxcmEYjcF/view
    → rel    http://egg.astro.cornell.edu/alfalfa/ugrad/usingalfalfa.php
             ../ugrad/usingalfalfa.html
    → rel    http://egg.astro.cornell.edu/alfalfa/ugradteam/uat12galaxysurveys.php
             uat12galaxysurveys.html
    → rel    http://egg.astro.cornell.edu/alfalfa/ugrad/observingmode.htm
             ../ugrad/observingmode.htm
    → rel    http://egg.astro.cornell.edu/alfalfa/ugrad/alfarot.htm
             ../ugrad/alfarot.htm
    → rel    http://egg.astro.cornell.edu/alfalfa/ugrad/twopass.htm
             ../ugrad/twopass.htm
    → rel    http://egg.astro.cornell.edu/alfalfa/ugrad/ALFAforalfalfa.php
             ../ugrad/ALFAforalfalfa.html
    → rel    http://egg.astro.cornell.edu/alfalfa/ugrad/coords.php
             ../ugrad/coords.html
    → rel    http://egg.astro.cornell.edu/alfalfa/ugrad/intro2idlalfa.php
             ../ugrad/intro2idlalfa.html

  [MOD] rwebhtml/ugradteam/ugradprepj13.html
    → rel    http://egg.astro.cornell.edu/alfalfa/alfalfabanner.jpg
             ../alfalfabanner.jpg
    → drive  http://egg.astro.cornell.edu/alfalfa/ugrad/backgrnd/intro2arecibo.pdf
             https://drive.google.com/file/d/1GxQ2f7MuaJhLK_DCPCigdrVkxcmEYjcF/view
    → rel    http://egg.astro.cornell.edu/alfalfa/ugrad/usingalfalfa.php
             ../ugrad/usingalfalfa.html
    → rel    http://egg.astro.cornell.edu/alfalfa/ugradteam/uat12galaxysurveys.php
             uat12galaxysurveys.html
    → rel    http://egg.astro.cornell.edu/alfalfa/ugrad/coords.php
             ../ugrad/coords.html
    → rel    http://egg.astro.cornell.edu/alfalfa/ugrad/intro2idlalfa.php
             ../ugrad/intro2idlalfa.html
    → rel    http://egg.astro.cornell.edu/alfalfa/ugrad/observingmode.htm
             ../ugrad/observingmode.htm
    → rel    http://egg.astro.cornell.edu/alfalfa/ugrad/alfarot.htm
             ../ugrad/alfarot.htm
    → rel    http://egg.astro.cornell.edu/alfalfa/ugrad/twopass.htm
             ../ugrad/twopass.htm
    → rel    http://egg.astro.cornell.edu/alfalfa/ugrad/ALFAforalfalfa.php
             ../ugrad/ALFAforalfalfa.html

  [MOD] rwebhtml/ugradteam/ugradprepj14.html
    → rel    http://egg.astro.cornell.edu/alfalfa/alfalfabanner.jpg
             ../alfalfabanner.jpg
    → drive  http://egg.astro.cornell.edu/alfalfa/ugrad/backgrnd/intro2arecibo.pdf
             https://drive.google.com/file/d/1GxQ2f7MuaJhLK_DCPCigdrVkxcmEYjcF/view
    → rel    http://egg.astro.cornell.edu/alfalfa/ugrad/usingalfalfa.php
             ../ugrad/usingalfalfa.html
    → rel    http://egg.astro.cornell.edu/alfalfa/ugradteam/uat12galaxysurveys.php
             uat12galaxysurveys.html
    → rel    http://egg.astro.cornell.edu/alfalfa/ugrad/coords.php
             ../ugrad/coords.html
    → rel    http://egg.astro.cornell.edu/alfalfa/ugrad/intro2idlalfa.php
             ../ugrad/intro2idlalfa.html
    → rel    http://egg.astro.cornell.edu/alfalfa/ugrad/observingmode.htm
             ../ugrad/observingmode.htm
    → rel    http://egg.astro.cornell.edu/alfalfa/ugrad/alfarot.htm
             ../ugrad/alfarot.htm
    → rel    http://egg.astro.cornell.edu/alfalfa/ugrad/twopass.htm
             ../ugrad/twopass.htm
    → rel    http://egg.astro.cornell.edu/alfalfa/ugrad/ALFAforalfalfa.php
             ../ugrad/ALFAforalfalfa.html

  [MOD] rwebhtml/ugradteam/ugradprepj15.html
    → rel    http://egg.astro.cornell.edu/alfalfa/alfalfabanner.jpg
             ../alfalfabanner.jpg
    → drive  http://egg.astro.cornell.edu/alfalfa/ugrad/backgrnd/intro2arecibo.pdf
             https://drive.google.com/file/d/1GxQ2f7MuaJhLK_DCPCigdrVkxcmEYjcF/view
    → rel    http://egg.astro.cornell.edu/alfalfa/ugrad/usingalfalfa.php
             ../ugrad/usingalfalfa.html
    → rel    http://egg.astro.cornell.edu/alfalfa/ugradteam/uat12galaxysurveys.php
             uat12galaxysurveys.html
    → rel    http://egg.astro.cornell.edu/alfalfa/ugrad/coords.php
             ../ugrad/coords.html
    → rel    http://egg.astro.cornell.edu/alfalfa/ugrad/intro2idlalfa.php
             ../ugrad/intro2idlalfa.html
    → rel    http://egg.astro.cornell.edu/alfalfa/ugrad/observingmode.htm
             ../ugrad/observingmode.htm
    → rel    http://egg.astro.cornell.edu/alfalfa/ugrad/alfarot.htm
             ../ugrad/alfarot.htm
    → rel    http://egg.astro.cornell.edu/alfalfa/ugrad/twopass.htm
             ../ugrad/twopass.htm
    → rel    http://egg.astro.cornell.edu/alfalfa/ugrad/ALFAforalfalfa.php
             ../ugrad/ALFAforalfalfa.html

  [MOD] rwebhtml/ugradteam/ugradprepj16.html
    → rel    http://egg.astro.cornell.edu/alfalfa/alfalfabanner.jpg
             ../alfalfabanner.jpg
    → drive  http://egg.astro.cornell.edu/alfalfa/ugrad/backgrnd/intro2arecibo.pdf
             https://drive.google.com/file/d/1GxQ2f7MuaJhLK_DCPCigdrVkxcmEYjcF/view
    → rel    http://egg.astro.cornell.edu/alfalfa/ugrad/ALFAforalfalfa.php
             ../ugrad/ALFAforalfalfa.html
    → rel    http://egg.astro.cornell.edu/alfalfa/ugrad/usingalfalfa.php
             ../ugrad/usingalfalfa.html
    → rel    http://egg.astro.cornell.edu/alfalfa/ugradteam/uat12galaxysurveys.php
             uat12galaxysurveys.html
    → rel    http://egg.astro.cornell.edu/alfalfa/ugrad/coords.php
             ../ugrad/coords.html
    → rel    http://egg.astro.cornell.edu/alfalfa/ugrad/intro2idlalfa.php
             ../ugrad/intro2idlalfa.html
    → rel    http://egg.astro.cornell.edu/alfalfa/ugrad/observingmode.htm
             ../ugrad/observingmode.htm
    → rel    http://egg.astro.cornell.edu/alfalfa/ugrad/alfarot.htm
             ../ugrad/alfarot.htm
    → rel    http://egg.astro.cornell.edu/alfalfa/ugrad/twopass.htm
             ../ugrad/twopass.htm

  [MOD] rwebhtml/ugradteam/ugradprepj17.html
    → rel    http://egg.astro.cornell.edu/alfalfa/alfalfabanner.jpg
             ../alfalfabanner.jpg
    → drive  http://egg.astro.cornell.edu/alfalfa/ugrad/backgrnd/intro2arecibo.pdf
             https://drive.google.com/file/d/1GxQ2f7MuaJhLK_DCPCigdrVkxcmEYjcF/view
    → rel    http://egg.astro.cornell.edu/alfalfa/ugrad/ALFAforalfalfa.php
             ../ugrad/ALFAforalfalfa.html
    → rel    http://egg.astro.cornell.edu/alfalfa/ugrad/usingalfalfa.php
             ../ugrad/usingalfalfa.html
    → rel    http://egg.astro.cornell.edu/alfalfa/ugradteam/uat12galaxysurveys.php
             uat12galaxysurveys.html
    → rel    http://egg.astro.cornell.edu/alfalfa/ugrad/coords.php
             ../ugrad/coords.html
    → rel    http://egg.astro.cornell.edu/alfalfa/ugrad/intro2idlalfa.php
             ../ugrad/intro2idlalfa.html
    → rel    http://egg.astro.cornell.edu/alfalfa/ugrad/observingmode.htm
             ../ugrad/observingmode.htm
    → rel    http://egg.astro.cornell.edu/alfalfa/ugrad/alfarot.htm
             ../ugrad/alfarot.htm
    → rel    http://egg.astro.cornell.edu/alfalfa/ugrad/twopass.htm
             ../ugrad/twopass.htm

  [MOD] rwebhtml/ugradteam/ugradprepj18.html
    → rel    http://egg.astro.cornell.edu/alfalfa/alfalfabanner.jpg
             ../alfalfabanner.jpg
    → drive  http://egg.astro.cornell.edu/alfalfa/ugrad/backgrnd/intro2arecibo.pdf
             https://drive.google.com/file/d/1GxQ2f7MuaJhLK_DCPCigdrVkxcmEYjcF/view
    → rel    http://egg.astro.cornell.edu/alfalfa/ugrad/ALFAforalfalfa.php
             ../ugrad/ALFAforalfalfa.html
    → rel    http://egg.astro.cornell.edu/alfalfa/ugrad/usingalfalfa.php
             ../ugrad/usingalfalfa.html
    → rel    http://egg.astro.cornell.edu/alfalfa/ugradteam/uat12galaxysurveys.php
             uat12galaxysurveys.html
    → rel    http://egg.astro.cornell.edu/alfalfa/ugrad/coords.php
             ../ugrad/coords.html
    → rel    http://egg.astro.cornell.edu/alfalfa/ugrad/intro2idlalfa.php
             ../ugrad/intro2idlalfa.html
    → rel    http://egg.astro.cornell.edu/alfalfa/ugrad/observingmode.htm
             ../ugrad/observingmode.htm
    → rel    http://egg.astro.cornell.edu/alfalfa/ugrad/alfarot.htm
             ../ugrad/alfarot.htm
    → rel    http://egg.astro.cornell.edu/alfalfa/ugrad/twopass.htm
             ../ugrad/twopass.htm

  [MOD] rwebhtml/ugradteam/ugradprepj19.html
    → rel    http://egg.astro.cornell.edu/alfalfa/alfalfabanner.jpg
             ../alfalfabanner.jpg
    → drive  http://egg.astro.cornell.edu/alfalfa/ugrad/backgrnd/intro2arecibo.pdf
             https://drive.google.com/file/d/1GxQ2f7MuaJhLK_DCPCigdrVkxcmEYjcF/view
    → rel    http://egg.astro.cornell.edu/alfalfa/ugrad/ALFAforalfalfa.php
             ../ugrad/ALFAforalfalfa.html
    → rel    http://egg.astro.cornell.edu/alfalfa/ugrad/usingalfalfa.php
             ../ugrad/usingalfalfa.html
    → rel    http://egg.astro.cornell.edu/alfalfa/ugradteam/uat12galaxysurveys.php
             uat12galaxysurveys.html
    → rel    http://egg.astro.cornell.edu/alfalfa/ugrad/coords.php
             ../ugrad/coords.html
    → rel    http://egg.astro.cornell.edu/alfalfa/ugrad/intro2idlalfa.php
             ../ugrad/intro2idlalfa.html
    → rel    http://egg.astro.cornell.edu/alfalfa/ugrad/observingmode.htm
             ../ugrad/observingmode.htm
    → rel    http://egg.astro.cornell.edu/alfalfa/ugrad/alfarot.htm
             ../ugrad/alfarot.htm
    → rel    http://egg.astro.cornell.edu/alfalfa/ugrad/twopass.htm
             ../ugrad/twopass.htm

  [MOD] rwebhtml/ugradteam/ugradpropj13.html
    → rel    http://egg.astro.cornell.edu/alfalfa/alfalfabanner.jpg
             ../alfalfabanner.jpg
    → drive  http://egg.astro.cornell.edu/alfalfa/ugrad/backgrnd/intro2arecibo.pdf
             https://drive.google.com/file/d/1GxQ2f7MuaJhLK_DCPCigdrVkxcmEYjcF/view
    → rel    http://egg.astro.cornell.edu/alfalfa/ugrad/usingalfalfa.php
             ../ugrad/usingalfalfa.html
    → rel    http://egg.astro.cornell.edu/alfalfa/ugradteam/uat12galaxysurveys.php
             uat12galaxysurveys.html
    → rel    http://egg.astro.cornell.edu/alfalfa/ugrad/coords.php
             ../ugrad/coords.html
    → rel    http://egg.astro.cornell.edu/alfalfa/ugrad/intro2idlalfa.php
             ../ugrad/intro2idlalfa.html
    → rel    http://egg.astro.cornell.edu/alfalfa/ugrad/observingmode.htm
             ../ugrad/observingmode.htm
    → rel    http://egg.astro.cornell.edu/alfalfa/ugrad/alfarot.htm
             ../ugrad/alfarot.htm
    → rel    http://egg.astro.cornell.edu/alfalfa/ugrad/twopass.htm
             ../ugrad/twopass.htm
    → rel    http://egg.astro.cornell.edu/alfalfa/ugrad/ALFAforalfalfa.php
             ../ugrad/ALFAforalfalfa.html

  [MOD] rwebhtml/ugradteam/ugradteam.html
    → rel    http://egg.astro.cornell.edu/alfalfa/alfalfabanner.jpg
             ../alfalfabanner.jpg
    → rel    http://egg.astro.cornell.edu/alfalfa/index.php
             ../index.html
    → rel    http://egg.astro.cornell.edu/alfalfa/people.php
             ../people.html
    → rel    http://egg.astro.cornell.edu/alfalfa/science.php
             ../science.html
    → rel    http://egg.astro.cornell.edu/alfalfa/scheds/index.php
             ../scheds/index.html
    → rel    http://egg.astro.cornell.edu/alfalfa/data/index.php
             ../data/index.html
    → rel    http://egg.astro.cornell.edu/alfalfa/docs/index.php
             ../docs/index.html
    → rel    http://egg.astro.cornell.edu/alfalfa/links.php
             ../links.html
    → rel    http://egg.astro.cornell.edu/alfalfa/pubs.php
             ../pubs.html
    → rel    http://egg.astro.cornell.edu/alfalfa/ugrad/index.php
             ../ugrad/index.html
    → rel    http://egg.astro.cornell.edu/alfalfa/epo/index.php
             ../epo/index.html
    → rel    http://egg.astro.cornell.edu/alfalfa/news/index.php
             ../news/index.html
    → rel    http://egg.astro.cornell.edu/alfalfa/
             ../index.html
    → rel    http://egg.astro.cornell.edu/alfalfa/ugradteam/ugradwksp.php
             ugradwksp.html
    → ???    http://egg.astro.cornell.edu/alfalfa/ugradteam/travelinfo_obs.php
    → rel    http://egg.astro.cornell.edu/alfalfa/ugradteam/ugradteampubs.php
             ugradteampubs.html
    → rel    http://egg.astro.cornell.edu/alfalfa/ugradteam/ugradj20.php
             ugradj20.html
    → rel    http://egg.astro.cornell.edu/alfalfa/ugradteam/ugradj19.php
             ugradj19.html
    → rel    http://egg.astro.cornell.edu/alfalfa/ugradteam/ugradj18.php
             ugradj18.html
    → rel    http://egg.astro.cornell.edu/alfalfa/ugradteam/ugradj17.php
             ugradj17.html
    → rel    http://egg.astro.cornell.edu/alfalfa/ugradteam/ugradj16.php
             ugradj16.html
    → rel    http://egg.astro.cornell.edu/alfalfa/ugradteam/uat_union1506.php
             uat_union1506.html
    → rel    http://egg.astro.cornell.edu/alfalfa/ugradteam/ugradj15.php
             ugradj15.html
    → rel    http://egg.astro.cornell.edu/alfalfa/ugradteam/ugradj14.php
             ugradj14.html
    → rel    http://egg.astro.cornell.edu/alfalfa/ugradteam/uat_union1306.php
             uat_union1306.html
    → rel    http://egg.astro.cornell.edu/alfalfa/ugradteam/ugradj13.php
             ugradj13.html
    → rel    http://egg.astro.cornell.edu/alfalfa/ugradteam/ugradj12.php
             ugradj12.html
    → rel    http://egg.astro.cornell.edu/alfalfa/ugradteam/uat_union1107.php
             uat_union1107.html
    → rel    http://egg.astro.cornell.edu/alfalfa/ugradteam/ugradj11.php
             ugradj11.html
    → rel    http://egg.astro.cornell.edu/alfalfa/ugradteam/uat_union1006.php
             uat_union1006.html
    → rel    http://egg.astro.cornell.edu/alfalfa/ugradteam/ugradj10.php
             ugradj10.html
    → rel    http://egg.astro.cornell.edu/alfalfa/ugradteam/uat_union0907.php
             uat_union0907.html
    → rel    http://egg.astro.cornell.edu/alfalfa/ugradteam/ugradj09.php
             ugradj09.html
    → rel    http://egg.astro.cornell.edu/alfalfa/ugradteam/uat_siena0810.php
             uat_siena0810.html
    → rel    http://egg.astro.cornell.edu/alfalfa/ugradteam/uat_union0807.php
             uat_union0807.html
    → rel    http://egg.astro.cornell.edu/alfalfa/ugradteam/ugradj08.php
             ugradj08.html
    → ???    http://egg.astro.cornell.edu/alfalfa/ugradteam/NSF_grant_GSUMAG.pdf
    → drive  http://egg.astro.cornell.edu/alfalfa/news/union07oct.pdf
             https://drive.google.com/file/d/1EQjP7EV3s0VCpal3t1qQNmuuk9LyH3WZ/view

  [MOD] rwebhtml/ugradteam/ugradteam_1211005.html
    → rel    http://egg.astro.cornell.edu/alfalfa/alfalfabanner.jpg
             ../alfalfabanner.jpg
    → rel    http://egg.astro.cornell.edu/alfalfa/index.php
             ../index.html
    → rel    http://egg.astro.cornell.edu/alfalfa/people.php
             ../people.html
    → rel    http://egg.astro.cornell.edu/alfalfa/science.php
             ../science.html
    → rel    http://egg.astro.cornell.edu/alfalfa/scheds/index.php
             ../scheds/index.html
    → rel    http://egg.astro.cornell.edu/alfalfa/data/index.php
             ../data/index.html
    → rel    http://egg.astro.cornell.edu/alfalfa/docs/index.php
             ../docs/index.html
    → rel    http://egg.astro.cornell.edu/alfalfa/links.php
             ../links.html
    → rel    http://egg.astro.cornell.edu/alfalfa/pubs.php
             ../pubs.html
    → rel    http://egg.astro.cornell.edu/alfalfa/ugrad/index.php
             ../ugrad/index.html
    → rel    http://egg.astro.cornell.edu/alfalfa/epo/index.php
             ../epo/index.html
    → rel    http://egg.astro.cornell.edu/alfalfa/news/index.php
             ../news/index.html
    → rel    http://egg.astro.cornell.edu/alfalfa/
             ../index.html
    → rel    http://egg.astro.cornell.edu/alfalfa/ugradteam/ugradwksp.php
             ugradwksp.html
    → ???    http://egg.astro.cornell.edu/alfalfa/ugradteam/travelinfo_obs.php
    → rel    http://egg.astro.cornell.edu/alfalfa/ugradteam/ugradj16.php
             ugradj16.html
    → rel    http://egg.astro.cornell.edu/alfalfa/ugradteam/uat_union1506.php
             uat_union1506.html
    → rel    http://egg.astro.cornell.edu/alfalfa/ugradteam/ugradj15.php
             ugradj15.html
    → rel    http://egg.astro.cornell.edu/alfalfa/ugradteam/ugradj14.php
             ugradj14.html
    → rel    http://egg.astro.cornell.edu/alfalfa/ugradteam/uat_union1306.php
             uat_union1306.html
    → rel    http://egg.astro.cornell.edu/alfalfa/ugradteam/ugradj13.php
             ugradj13.html
    → rel    http://egg.astro.cornell.edu/alfalfa/ugradteam/ugradj12.php
             ugradj12.html
    → rel    http://egg.astro.cornell.edu/alfalfa/ugradteam/uat_union1107.php
             uat_union1107.html
    → rel    http://egg.astro.cornell.edu/alfalfa/ugradteam/ugradj11.php
             ugradj11.html
    → rel    http://egg.astro.cornell.edu/alfalfa/ugradteam/uat_union1006.php
             uat_union1006.html
    → rel    http://egg.astro.cornell.edu/alfalfa/ugradteam/ugradj10.php
             ugradj10.html
    → rel    http://egg.astro.cornell.edu/alfalfa/ugradteam/uat_union0907.php
             uat_union0907.html
    → rel    http://egg.astro.cornell.edu/alfalfa/ugradteam/ugradj09.php
             ugradj09.html
    → rel    http://egg.astro.cornell.edu/alfalfa/ugradteam/uat_siena0810.php
             uat_siena0810.html
    → rel    http://egg.astro.cornell.edu/alfalfa/ugradteam/uat_union0807.php
             uat_union0807.html
    → rel    http://egg.astro.cornell.edu/alfalfa/ugradteam/ugradj08.php
             ugradj08.html
    → ???    http://egg.astro.cornell.edu/alfalfa/ugradteam/NSF_grant_GSUMAG.pdf
    → drive  http://egg.astro.cornell.edu/alfalfa/news/union07oct.pdf
             https://drive.google.com/file/d/1EQjP7EV3s0VCpal3t1qQNmuuk9LyH3WZ/view

  [MOD] rwebhtml/ugradteam/ugradteampubs.html
    → rel    http://egg.astro.cornell.edu/alfalfa/alfalfabanner.jpg
             ../alfalfabanner.jpg
    → rel    http://egg.astro.cornell.edu/alfalfa/index.php
             ../index.html
    → rel    http://egg.astro.cornell.edu/alfalfa/people.php
             ../people.html
    → rel    http://egg.astro.cornell.edu/alfalfa/science.php
             ../science.html
    → rel    http://egg.astro.cornell.edu/alfalfa/scheds/index.php
             ../scheds/index.html
    → rel    http://egg.astro.cornell.edu/alfalfa/data/index.php
             ../data/index.html
    → rel    http://egg.astro.cornell.edu/alfalfa/docs/index.php
             ../docs/index.html
    → rel    http://egg.astro.cornell.edu/alfalfa/links.php
             ../links.html
    → rel    http://egg.astro.cornell.edu/alfalfa/pubs.php
             ../pubs.html
    → rel    http://egg.astro.cornell.edu/alfalfa/ugrad/index.php
             ../ugrad/index.html
    → rel    http://egg.astro.cornell.edu/alfalfa/epo/index.php
             ../epo/index.html
    → rel    http://egg.astro.cornell.edu/alfalfa/news/index.php
             ../news/index.html
    → drive  http://egg.astro.cornell.edu/alfalfa/pubs/a40_110825.pdf
             https://drive.google.com/file/d/1QOt0j5bJ84M6qApOaQrXVdNETAvbRfLh/view
    → rel    http://egg.astro.cornell.edu/alfalfa/data
             ../data/index.html

  [MOD] rwebhtml/ugradteam/ugradtel0807.html
    → rel    http://egg.astro.cornell.edu/alfalfa/alfalfabanner.jpg
             ../alfalfabanner.jpg
    → rel    http://egg.astro.cornell.edu/alfalfa/index.php
             ../index.html
    → rel    http://egg.astro.cornell.edu/alfalfa/people.php
             ../people.html
    → rel    http://egg.astro.cornell.edu/alfalfa/science.php
             ../science.html
    → rel    http://egg.astro.cornell.edu/alfalfa/scheds/index.php
             ../scheds/index.html
    → rel    http://egg.astro.cornell.edu/alfalfa/data/index.php
             ../data/index.html
    → rel    http://egg.astro.cornell.edu/alfalfa/docs/index.php
             ../docs/index.html
    → rel    http://egg.astro.cornell.edu/alfalfa/links.php
             ../links.html
    → rel    http://egg.astro.cornell.edu/alfalfa/pubs.php
             ../pubs.html
    → rel    http://egg.astro.cornell.edu/alfalfa/ugrad/index.php
             ../ugrad/index.html
    → rel    http://egg.astro.cornell.edu/alfalfa/epo/index.php
             ../epo/index.html
    → rel    http://egg.astro.cornell.edu/alfalfa/news/index.php
             ../news/index.html

  [MOD] rwebhtml/ugradteam/ugradtel0907.html
    → rel    http://egg.astro.cornell.edu/alfalfa/alfalfabanner.jpg
             ../alfalfabanner.jpg
    → rel    http://egg.astro.cornell.edu/alfalfa/index.php
             ../index.html
    → rel    http://egg.astro.cornell.edu/alfalfa/people.php
             ../people.html
    → rel    http://egg.astro.cornell.edu/alfalfa/science.php
             ../science.html
    → rel    http://egg.astro.cornell.edu/alfalfa/scheds/index.php
             ../scheds/index.html
    → rel    http://egg.astro.cornell.edu/alfalfa/data/index.php
             ../data/index.html
    → rel    http://egg.astro.cornell.edu/alfalfa/docs/index.php
             ../docs/index.html
    → rel    http://egg.astro.cornell.edu/alfalfa/links.php
             ../links.html
    → rel    http://egg.astro.cornell.edu/alfalfa/pubs.php
             ../pubs.html
    → rel    http://egg.astro.cornell.edu/alfalfa/ugrad/index.php
             ../ugrad/index.html
    → rel    http://egg.astro.cornell.edu/alfalfa/epo/index.php
             ../epo/index.html
    → rel    http://egg.astro.cornell.edu/alfalfa/news/index.php
             ../news/index.html

  [MOD] rwebhtml/ugradteam/ugradtel1006.html
    → rel    http://egg.astro.cornell.edu/alfalfa/alfalfabanner.jpg
             ../alfalfabanner.jpg
    → rel    http://egg.astro.cornell.edu/alfalfa/index.php
             ../index.html
    → rel    http://egg.astro.cornell.edu/alfalfa/people.php
             ../people.html
    → rel    http://egg.astro.cornell.edu/alfalfa/science.php
             ../science.html
    → rel    http://egg.astro.cornell.edu/alfalfa/scheds/index.php
             ../scheds/index.html
    → rel    http://egg.astro.cornell.edu/alfalfa/data/index.php
             ../data/index.html
    → rel    http://egg.astro.cornell.edu/alfalfa/docs/index.php
             ../docs/index.html
    → rel    http://egg.astro.cornell.edu/alfalfa/links.php
             ../links.html
    → rel    http://egg.astro.cornell.edu/alfalfa/pubs.php
             ../pubs.html
    → rel    http://egg.astro.cornell.edu/alfalfa/ugrad/index.php
             ../ugrad/index.html
    → rel    http://egg.astro.cornell.edu/alfalfa/epo/index.php
             ../epo/index.html
    → rel    http://egg.astro.cornell.edu/alfalfa/news/index.php
             ../news/index.html

  [MOD] rwebhtml/ugradteam/ugradtel1107.html
    → rel    http://egg.astro.cornell.edu/alfalfa/alfalfabanner.jpg
             ../alfalfabanner.jpg
    → rel    http://egg.astro.cornell.edu/alfalfa/index.php
             ../index.html
    → rel    http://egg.astro.cornell.edu/alfalfa/people.php
             ../people.html
    → rel    http://egg.astro.cornell.edu/alfalfa/science.php
             ../science.html
    → rel    http://egg.astro.cornell.edu/alfalfa/scheds/index.php
             ../scheds/index.html
    → rel    http://egg.astro.cornell.edu/alfalfa/data/index.php
             ../data/index.html
    → rel    http://egg.astro.cornell.edu/alfalfa/docs/index.php
             ../docs/index.html
    → rel    http://egg.astro.cornell.edu/alfalfa/links.php
             ../links.html
    → rel    http://egg.astro.cornell.edu/alfalfa/pubs.php
             ../pubs.html
    → rel    http://egg.astro.cornell.edu/alfalfa/ugrad/index.php
             ../ugrad/index.html
    → rel    http://egg.astro.cornell.edu/alfalfa/epo/index.php
             ../epo/index.html
    → rel    http://egg.astro.cornell.edu/alfalfa/news/index.php
             ../news/index.html

  [MOD] rwebhtml/ugradteam/ugradtel1306.html
    → rel    http://egg.astro.cornell.edu/alfalfa/index.php
             ../index.html
    → rel    http://egg.astro.cornell.edu/alfalfa/alfalfabanner.jpg
             ../alfalfabanner.jpg
    → rel    http://egg.astro.cornell.edu/alfalfa/people.php
             ../people.html
    → rel    http://egg.astro.cornell.edu/alfalfa/science.php
             ../science.html
    → rel    http://egg.astro.cornell.edu/alfalfa/scheds/index.php
             ../scheds/index.html
    → rel    http://egg.astro.cornell.edu/alfalfa/data/index.php
             ../data/index.html
    → rel    http://egg.astro.cornell.edu/alfalfa/docs/index.php
             ../docs/index.html
    → rel    http://egg.astro.cornell.edu/alfalfa/links.php
             ../links.html
    → rel    http://egg.astro.cornell.edu/alfalfa/pubs.php
             ../pubs.html
    → rel    http://egg.astro.cornell.edu/alfalfa/ugrad/index.php
             ../ugrad/index.html
    → rel    http://egg.astro.cornell.edu/alfalfa/epo/index.php
             ../epo/index.html
    → rel    http://egg.astro.cornell.edu/alfalfa/news/index.php
             ../news/index.html

  [MOD] rwebhtml/ugradteam/ugradtel1506.html
    → rel    http://egg.astro.cornell.edu/alfalfa/alfalfabanner.jpg
             ../alfalfabanner.jpg
    → rel    http://egg.astro.cornell.edu/alfalfa/index.php
             ../index.html
    → rel    http://egg.astro.cornell.edu/alfalfa/people.php
             ../people.html
    → rel    http://egg.astro.cornell.edu/alfalfa/science.php
             ../science.html
    → rel    http://egg.astro.cornell.edu/alfalfa/scheds/index.php
             ../scheds/index.html
    → rel    http://egg.astro.cornell.edu/alfalfa/data/index.php
             ../data/index.html
    → rel    http://egg.astro.cornell.edu/alfalfa/docs/index.php
             ../docs/index.html
    → rel    http://egg.astro.cornell.edu/alfalfa/links.php
             ../links.html
    → rel    http://egg.astro.cornell.edu/alfalfa/pubs.php
             ../pubs.html
    → rel    http://egg.astro.cornell.edu/alfalfa/ugrad/index.php
             ../ugrad/index.html
    → rel    http://egg.astro.cornell.edu/alfalfa/epo/index.php
             ../epo/index.html
    → rel    http://egg.astro.cornell.edu/alfalfa/news/index.php
             ../news/index.html

  [MOD] rwebhtml/ugradteam/ugradwksp.html
    → rel    http://egg.astro.cornell.edu/alfalfa/
             ../index.html
    → rel    http://egg.astro.cornell.edu/alfalfa/alfalfabanner.jpg
             ../alfalfabanner.jpg
    → rel    http://egg.astro.cornell.edu/alfalfa/ugradteam/ugradteam.php
             ugradteam.html
    → rel    http://egg.astro.cornell.edu/alfalfa/ugradteam/ualfa06.php
             ualfa06.html
    → rel    http://egg.astro.cornell.edu/alfalfa/ugradteam/ualfa.php
             ualfa.html
    → rel    http://egg.astro.cornell.edu/alfalfa/ugradteam/ualfaagenda.php
             ualfaagenda.html
    → rel    http://egg.astro.cornell.edu/alfalfa/news/mtgs/union05talks/index.php
             ../news/mtgs/union05talks/index.html
    → ???    http://egg.astro.cornell.edu/alfalfa/ugradteam/ualfaattend.php
    → drive  http://egg.astro.cornell.edu/alfalfa/pubs/aasjan06/johnposter.pdf
             https://drive.google.com/file/d/106-QrLfu50uUC6KP2nkHfvqv3qAW4nXF/view

  [MOD] aweb/a2010.html
    → rel    http://egg.astro.cornell.edu/alfalfa
             ../rwebhtml/index.html
    → rel    http://egg.astro.cornell.edu/alfalfa
             ../rwebhtml/index.html

  [MOD] aweb/a2010_redirect.html
    → rel    http://egg.astro.cornell.edu/alfalfa
             ../rwebhtml/index.html
    → rel    http://egg.astro.cornell.edu/alfalfa
             ../rwebhtml/index.html

  [MOD] aweb/a2010obs_instr.html
    → rel    http://egg.astro.cornell.edu/alfalfa
             ../rwebhtml/index.html

  [MOD] aweb/a2010obs_instr_081027.html
    → rel    http://egg.astro.cornell.edu/alfalfa
             ../rwebhtml/index.html

  [MOD] aweb/a2010obs_instr_2007.html
    → rel    http://egg.astro.cornell.edu/alfalfa
             ../rwebhtml/index.html

  [MOD] aweb/a2010obs_instr_apr2010.html
    → rel    http://egg.astro.cornell.edu/alfalfa
             ../rwebhtml/index.html

  [MOD] aweb/a2010obs_instr_spr08.html
    → rel    http://egg.astro.cornell.edu/alfalfa
             ../rwebhtml/index.html

  [MOD] aweb/a2010obs_instrnov10.html
    → rel    http://egg.astro.cornell.edu/alfalfa/ugrad/precession.php
             ../rwebhtml/ugrad/precession.html
    → rel    http://egg.astro.cornell.edu/alfalfa/ugrad/observingmode.htm
             ../rwebhtml/ugrad/observingmode.htm
    → rel    http://egg.astro.cornell.edu/alfalfa
             ../rwebhtml/index.html

  [MOD] aweb/a2010whereintheworldis.html
    → rel    http://egg.astro.cornell.edu/alfalfa/
             ../rwebhtml/index.html

  [MOD] aweb/checklist_lbw.150307.html
    → rel    http://egg.astro.cornell.edu/alfalfa/ugradteam/lbw/lbw_reduction.htm
             ../rwebhtml/ugradteam/lbw/lbw_reduction.htm
    → rel    http://egg.astro.cornell.edu/alfalfa/ugradteam/lbw/lbw_reduction.htm
             ../rwebhtml/ugradteam/lbw/lbw_reduction.htm
    → rel    http://egg.astro.cornell.edu/alfalfa
             ../rwebhtml/index.html

  [MOD] aweb/checklist_lbw.html
    → rel    http://egg.astro.cornell.edu/alfalfa/ugradteam/lbw/lbw_reduction.htm
             ../rwebhtml/ugradteam/lbw/lbw_reduction.htm
    → rel    http://egg.astro.cornell.edu/alfalfa/ugradteam/lbw/lbw_reduction.htm
             ../rwebhtml/ugradteam/lbw/lbw_reduction.htm
    → rel    http://egg.astro.cornell.edu/alfalfa
             ../rwebhtml/index.html

  [MOD] aweb/checklist_lbw121126.html
    → rel    http://egg.astro.cornell.edu/alfalfa
             ../rwebhtml/index.html

  [MOD] aweb/checklist_lbw130113.html
    → rel    http://egg.astro.cornell.edu/alfalfa
             ../rwebhtml/index.html

  [MOD] aweb/checklist_lbw130321.html
    → rel    http://egg.astro.cornell.edu/alfalfa
             ../rwebhtml/index.html

  [MOD] aweb/checklist_lbw130326.html
    → rel    http://egg.astro.cornell.edu/alfalfa
             ../rwebhtml/index.html

  [MOD] aweb/checklist_lbw131129.html
    → rel    http://egg.astro.cornell.edu/alfalfa
             ../rwebhtml/index.html

  [MOD] aweb/checklist_lbw140103.html
    → rel    http://egg.astro.cornell.edu/alfalfa
             ../rwebhtml/index.html

  [MOD] aweb/checklist_lbw141125.html
    → rel    http://egg.astro.cornell.edu/alfalfa/ugradteam/lbw/lbw_reduction.htm
             ../rwebhtml/ugradteam/lbw/lbw_reduction.htm
    → rel    http://egg.astro.cornell.edu/alfalfa/ugradteam/lbw/lbw_reduction.htm
             ../rwebhtml/ugradteam/lbw/lbw_reduction.htm
    → rel    http://egg.astro.cornell.edu/alfalfa
             ../rwebhtml/index.html

  [MOD] aweb/checklist_lbw141218.html
    → rel    http://egg.astro.cornell.edu/alfalfa/ugradteam/lbw/lbw_reduction.htm
             ../rwebhtml/ugradteam/lbw/lbw_reduction.htm
    → rel    http://egg.astro.cornell.edu/alfalfa/ugradteam/lbw/lbw_reduction.htm
             ../rwebhtml/ugradteam/lbw/lbw_reduction.htm
    → rel    http://egg.astro.cornell.edu/alfalfa
             ../rwebhtml/index.html

  [MOD] aweb/checklist_lbw150113.html
    → rel    http://egg.astro.cornell.edu/alfalfa/ugradteam/lbw/lbw_reduction.htm
             ../rwebhtml/ugradteam/lbw/lbw_reduction.htm
    → rel    http://egg.astro.cornell.edu/alfalfa/ugradteam/lbw/lbw_reduction.htm
             ../rwebhtml/ugradteam/lbw/lbw_reduction.htm
    → rel    http://egg.astro.cornell.edu/alfalfa
             ../rwebhtml/index.html

  [MOD] aweb/checklist_lbw_140331.html
    → rel    http://egg.astro.cornell.edu/alfalfa
             ../rwebhtml/index.html

  [MOD] aweb/checklist_lbw_jan12.html
    → rel    http://egg.astro.cornell.edu/alfalfa
             ../rwebhtml/index.html

  [MOD] aweb/checklist_lbw_mar12.html
    → rel    http://egg.astro.cornell.edu/alfalfa
             ../rwebhtml/index.html

  [MOD] aweb/checklist_lbw_nov13_preobs.html
    → rel    http://egg.astro.cornell.edu/alfalfa
             ../rwebhtml/index.html

  [MOD] aweb/checklista2010.html
    → rel    http://egg.astro.cornell.edu/alfalfa
             ../rwebhtml/index.html

  [MOD] aweb/checklista2010_081027.html
    → rel    http://egg.astro.cornell.edu/alfalfa
             ../rwebhtml/index.html

  [MOD] aweb/checklista2010_110209.html
    → rel    http://egg.astro.cornell.edu/alfalfa
             ../rwebhtml/index.html

  [MOD] aweb/checklista2010_110906.html
    → rel    http://egg.astro.cornell.edu/alfalfa/ugrad/precession.php
             ../rwebhtml/ugrad/precession.html
    → rel    http://egg.astro.cornell.edu/alfalfa/ugrad/observingmode.htm
             ../rwebhtml/ugrad/observingmode.htm
    → rel    http://egg.astro.cornell.edu/alfalfa
             ../rwebhtml/index.html

  [MOD] aweb/checklista2010_2007.html
    → rel    http://egg.astro.cornell.edu/alfalfa
             ../rwebhtml/index.html

  [MOD] aweb/checklista2010_now.html
    → rel    http://egg.astro.cornell.edu/alfalfa
             ../rwebhtml/index.html

  [MOD] aweb/checklista2010_spr08.html
    → rel    http://egg.astro.cornell.edu/alfalfa
             ../rwebhtml/index.html

  [MOD] aweb/checklista2010new.html
    → rel    http://egg.astro.cornell.edu/alfalfa
             ../rwebhtml/index.html

  [MOD] aweb/galaxy_a2010.html
    → rel    http://egg.astro.cornell.edu/alfalfa
             ../rwebhtml/index.html
    → rel    http://egg.astro.cornell.edu/alfalfa/ugradteam/lbw/lbw_reduction.htm
             ../rwebhtml/ugradteam/lbw/lbw_reduction.htm
    → rel    http://egg.astro.cornell.edu/alfalfa/joining.php
             ../rwebhtml/joining.html
    → rel    http://egg.astro.cornell.edu/alfalfa/ugradteam/lbw/lbw_reduction.htm
             ../rwebhtml/ugradteam/lbw/lbw_reduction.htm
    → ???    http://egg.astro.cornell.edu/alfalfa/pract/pract_team.htm
    → rel    http://egg.astro.cornell.edu/alfalfa
             ../rwebhtml/index.html

  [MOD] aweb/galaxy_a2010_110419.html
    → rel    http://egg.astro.cornell.edu/alfalfa
             ../rwebhtml/index.html
    → rel    http://egg.astro.cornell.edu/alfalfa/joining.php
             ../rwebhtml/joining.html
    → ???    http://egg.astro.cornell.edu/alfalfa/pract/pract_team.htm
    → rel    http://egg.astro.cornell.edu/alfalfa
             ../rwebhtml/index.html

  [MOD] aweb/galaxy_a2010_120101.html
    → rel    http://egg.astro.cornell.edu/alfalfa
             ../rwebhtml/index.html
    → rel    http://egg.astro.cornell.edu/alfalfa/joining.php
             ../rwebhtml/joining.html
    → ???    http://egg.astro.cornell.edu/alfalfa/pract/pract_team.htm
    → rel    http://egg.astro.cornell.edu/alfalfa
             ../rwebhtml/index.html

  [MOD] aweb/galaxy_a2010_1201018.html
    → rel    http://egg.astro.cornell.edu/alfalfa
             ../rwebhtml/index.html
    → rel    http://egg.astro.cornell.edu/alfalfa/joining.php
             ../rwebhtml/joining.html
    → ???    http://egg.astro.cornell.edu/alfalfa/pract/pract_team.htm
    → rel    http://egg.astro.cornell.edu/alfalfa
             ../rwebhtml/index.html

  [MOD] aweb/galaxy_a2010_120328.html
    → rel    http://egg.astro.cornell.edu/alfalfa
             ../rwebhtml/index.html
    → rel    http://egg.astro.cornell.edu/alfalfa/joining.php
             ../rwebhtml/joining.html
    → ???    http://egg.astro.cornell.edu/alfalfa/pract/pract_team.htm
    → rel    http://egg.astro.cornell.edu/alfalfa
             ../rwebhtml/index.html

  [MOD] aweb/galaxy_a2010_120712.html
    → rel    http://egg.astro.cornell.edu/alfalfa
             ../rwebhtml/index.html
    → rel    http://egg.astro.cornell.edu/alfalfa/joining.php
             ../rwebhtml/joining.html
    → ???    http://egg.astro.cornell.edu/alfalfa/pract/pract_team.htm
    → rel    http://egg.astro.cornell.edu/alfalfa
             ../rwebhtml/index.html

  [MOD] aweb/galaxy_a2010_120712b.html
    → rel    http://egg.astro.cornell.edu/alfalfa
             ../rwebhtml/index.html
    → rel    http://egg.astro.cornell.edu/alfalfa/joining.php
             ../rwebhtml/joining.html
    → ???    http://egg.astro.cornell.edu/alfalfa/pract/pract_team.htm
    → rel    http://egg.astro.cornell.edu/alfalfa
             ../rwebhtml/index.html

  [MOD] aweb/galaxy_a2010_130401.html
    → rel    http://egg.astro.cornell.edu/alfalfa
             ../rwebhtml/index.html
    → rel    http://egg.astro.cornell.edu/alfalfa/ugradteam/lbw/lbw_reduction.htm
             ../rwebhtml/ugradteam/lbw/lbw_reduction.htm
    → rel    http://egg.astro.cornell.edu/alfalfa/joining.php
             ../rwebhtml/joining.html
    → rel    http://egg.astro.cornell.edu/alfalfa/ugradteam/lbw/lbw_reduction.htm
             ../rwebhtml/ugradteam/lbw/lbw_reduction.htm
    → ???    http://egg.astro.cornell.edu/alfalfa/pract/pract_team.htm
    → rel    http://egg.astro.cornell.edu/alfalfa
             ../rwebhtml/index.html

  [MOD] aweb/galaxy_a2010_141218.html
    → rel    http://egg.astro.cornell.edu/alfalfa
             ../rwebhtml/index.html
    → rel    http://egg.astro.cornell.edu/alfalfa/ugradteam/lbw/lbw_reduction.htm
             ../rwebhtml/ugradteam/lbw/lbw_reduction.htm
    → rel    http://egg.astro.cornell.edu/alfalfa/joining.php
             ../rwebhtml/joining.html
    → rel    http://egg.astro.cornell.edu/alfalfa/ugradteam/lbw/lbw_reduction.htm
             ../rwebhtml/ugradteam/lbw/lbw_reduction.htm
    → ???    http://egg.astro.cornell.edu/alfalfa/pract/pract_team.htm
    → rel    http://egg.astro.cornell.edu/alfalfa
             ../rwebhtml/index.html

  [MOD] aweb/index.html
    → rel    http://egg.astro.cornell.edu/alfalfa
             ../rwebhtml/index.html
    → rel    http://egg.astro.cornell.edu/alfalfa
             ../rwebhtml/index.html

  [MOD] aweb/troubleshooting.html
    → rel    http://egg.astro.cornell.edu/alfalfa
             ../rwebhtml/index.html

  [MOD] aweb/zenithstrip_instr.html
    → rel    http://egg.astro.cornell.edu/alfalfa/ugrad/precession.php
             ../rwebhtml/ugrad/precession.html
    → rel    http://egg.astro.cornell.edu/alfalfa/ugrad/observingmode.htm
             ../rwebhtml/ugrad/observingmode.htm

  [MOD] aweb/zenithstrip_instr100407.html
    → rel    http://egg.astro.cornell.edu/alfalfa/ugrad/precession.php
             ../rwebhtml/ugrad/precession.html
    → rel    http://egg.astro.cornell.edu/alfalfa/ugrad/observingmode.htm
             ../rwebhtml/ugrad/observingmode.htm

  [MOD] aweb/zenithstrip_instr100412.html
    → rel    http://egg.astro.cornell.edu/alfalfa/ugrad/precession.php
             ../rwebhtml/ugrad/precession.html
    → rel    http://egg.astro.cornell.edu/alfalfa/ugrad/observingmode.htm
             ../rwebhtml/ugrad/observingmode.htm

  [MOD] aweb/zenithstrip_instr_aug10.html
    → rel    http://egg.astro.cornell.edu/alfalfa/ugrad/precession.php
             ../rwebhtml/ugrad/precession.html
    → rel    http://egg.astro.cornell.edu/alfalfa/ugrad/observingmode.htm
             ../rwebhtml/ugrad/observingmode.htm

  [MOD] aweb/zenithstrip_instr_sep11.html
    → rel    http://egg.astro.cornell.edu/alfalfa/ugrad/precession.php
             ../rwebhtml/ugrad/precession.html
    → rel    http://egg.astro.cornell.edu/alfalfa/ugrad/observingmode.htm
             ../rwebhtml/ugrad/observingmode.htm

Total HTML files scanned : 482
Files with Cornell links : 367
  → relative links       : 1714
  → drive links          : 159
  → unresolved (kept)    : 220

Unresolved Cornell URLs (220):
  rwebhtml/data/index.html: http://egg.astro.cornell.edu/alfalfa/data/a100files/durbala2020-table1.21-Sep-2020.fits.gz
  rwebhtml/data/index.html: http://egg.astro.cornell.edu/alfalfa/data/a100files/durbala2020-table2.21-Sep-2020.fits.gz
  rwebhtml/index.html: http://egg.astro.cornell.edu/alfalfa/images/alfalfa_sdss_coverage.jpg
  rwebhtml/index.html: http://egg.astro.cornell.edu/alfalfa/images/alfalfa_sdss_coverage.jpg
  rwebhtml/index_nov12.html: http://egg.astro.cornell.edu/alfalfa/images/alfalfa_sdss_coverage.jpg
  rwebhtml/index_nov12.html: http://egg.astro.cornell.edu/alfalfa/images/alfalfa_sdss_coverage.jpg
  rwebhtml/news/index.html: http://egg.astro.cornell.edu/alfalfa/ugradteam/photos_600.php
  rwebhtml/news/mtgs/docs/index.html: http://egg.astro.cornell.edu/alfalfa/ugradteam/photos_600.php
  rwebhtml/news/mtgs/index.html: http://egg.astro.cornell.edu/alfalfa/ugradteam/photos_600.php
  rwebhtml/team/index.html: http://egg.astro.cornell.edu/alfalfa/images/alfalfa_sdss_coverage.jpg
  rwebhtml/team/index.html: http://egg.astro.cornell.edu/alfalfa/images/alfalfa_sdss_coverage.jpg
  rwebhtml/ugrad/dynamicalmasse.html: http://egg.astro.cornell.edu/alfalfa/ugrad/images/hiprofile
  rwebhtml/ugrad/index.html: http://egg.astro.cornell.edu/alfalfa/pract/pract_team.htm
  rwebhtml/ugrad/index.html: http://egg.astro.cornell.edu/alfalfa/ugradteam/photosnov10/DSC_0123.jpg
  rwebhtml/ugrad/index.html: http://egg.astro.cornell.edu/alfalfa/ugradteam/photosnov10/DSC_0123.jpg
  rwebhtml/ugrad/index.html: http://egg.astro.cornell.edu/alfalfa/ugradteam/photosnov10/DSC_0134.jpg
  rwebhtml/ugrad/index.html: http://egg.astro.cornell.edu/alfalfa/ugradteam/photosnov10/DSC_0134.jpg
  rwebhtml/ugrad/index.html: http://egg.astro.cornell.edu/alfalfa/ugradteam/photosnov10/DSC_0152.jpg
  rwebhtml/ugrad/index.html: http://egg.astro.cornell.edu/alfalfa/ugradteam/photosnov10/DSC_0152.jpg
  rwebhtml/ugrad/index.html: http://egg.astro.cornell.edu/alfalfa/ugradteam/photos08/uatj08group.gif
  rwebhtml/ugrad/index.html: http://egg.astro.cornell.edu/alfalfa/ugradteam/photos08/uatj08group.jpg
  rwebhtml/ugrad/index.html: http://egg.astro.cornell.edu/alfalfa/ugradteam/photosj08.php
  rwebhtml/ugrad/index_2013.html: http://egg.astro.cornell.edu/alfalfa/pract/pract_team.htm
  rwebhtml/ugrad/index_2013.html: http://egg.astro.cornell.edu/alfalfa/ugradteam/photosnov10/DSC_0123.jpg
  rwebhtml/ugrad/index_2013.html: http://egg.astro.cornell.edu/alfalfa/ugradteam/photosnov10/DSC_0123.jpg
  rwebhtml/ugrad/index_2013.html: http://egg.astro.cornell.edu/alfalfa/ugradteam/photosnov10/DSC_0134.jpg
  rwebhtml/ugrad/index_2013.html: http://egg.astro.cornell.edu/alfalfa/ugradteam/photosnov10/DSC_0134.jpg
  rwebhtml/ugrad/index_2013.html: http://egg.astro.cornell.edu/alfalfa/ugradteam/photosnov10/DSC_0152.jpg
  rwebhtml/ugrad/index_2013.html: http://egg.astro.cornell.edu/alfalfa/ugradteam/photosnov10/DSC_0152.jpg
  rwebhtml/ugrad/index_2013.html: http://egg.astro.cornell.edu/alfalfa/ugradteam/photos08/uatj08group.gif
  rwebhtml/ugrad/index_2013.html: http://egg.astro.cornell.edu/alfalfa/ugradteam/photos08/uatj08group.jpg
  rwebhtml/ugrad/index_2013.html: http://egg.astro.cornell.edu/alfalfa/ugradteam/photosj08.php
  rwebhtml/ugrad/summ15/index.html: http://egg.astro.cornell.edu/alfalfa/pract/pract_team.htm
  rwebhtml/ugrad/summ15/index.html: http://egg.astro.cornell.edu/alfalfa/ugradteam/photosnov10/DSC_0123.jpg
  rwebhtml/ugrad/summ15/index.html: http://egg.astro.cornell.edu/alfalfa/ugradteam/photosnov10/DSC_0123.jpg
  rwebhtml/ugrad/summ15/index.html: http://egg.astro.cornell.edu/alfalfa/ugradteam/photosnov10/DSC_0134.jpg
  rwebhtml/ugrad/summ15/index.html: http://egg.astro.cornell.edu/alfalfa/ugradteam/photosnov10/DSC_0134.jpg
  rwebhtml/ugrad/summ15/index.html: http://egg.astro.cornell.edu/alfalfa/ugradteam/photosnov10/DSC_0152.jpg
  rwebhtml/ugrad/summ15/index.html: http://egg.astro.cornell.edu/alfalfa/ugradteam/photosnov10/DSC_0152.jpg
  rwebhtml/ugrad/summ15/index.html: http://egg.astro.cornell.edu/alfalfa/ugradteam/photos08/uatj08group.gif
  rwebhtml/ugrad/summ15/index.html: http://egg.astro.cornell.edu/alfalfa/ugradteam/photos08/uatj08group.jpg
  rwebhtml/ugrad/summ15/index.html: http://egg.astro.cornell.edu/alfalfa/ugradteam/photosj08.php
  rwebhtml/ugradteam/apps/index.html: http://egg.astro.cornell.edu/alfalfa/ugradteam/travelinfo_obs.php
  rwebhtml/ugradteam/apps/index.html: http://egg.astro.cornell.edu/alfalfa/ugradteam/NSF_grant_GSUMAG.pdf
  rwebhtml/ugradteam/hunt12/huntlbw_12.html: http://egg.astro.cornell.edu/alfalfa/ugradteam/dark_mhdec11.php
  rwebhtml/ugradteam/hunt15/uat_union_1506_hunt.html: http://egg.astro.cornell.edu/alfalfa/ugradteam/apps/files/ppsagc_21june15.csv
  rwebhtml/ugradteam/hunt15/uat_union_1506_hunt2.html: http://egg.astro.cornell.edu/alfalfa/ugradteam/apps/files/ppsagc_21june15.csv
  rwebhtml/ugradteam/hunt15u/uat_union_1506_hunt.html: http://egg.astro.cornell.edu/alfalfa/ugradteam/apps/files/ppsagc_21june15.csv
  rwebhtml/ugradteam/hunt19/ugradobs_telj19.html: http://egg.astro.cornell.edu/alfalfa/ugradteam/uat19teams1.php
  rwebhtml/ugradteam/hunt19/ugradobs_telj19.html: http://egg.astro.cornell.edu/alfalfa/ugradteam/travelinfoj19.php
  rwebhtml/ugradteam/hunt19/ugradobs_telj19.html: http://egg.astro.cornell.edu/alfalfa/ugradteam/Prop06.pdf
  rwebhtml/ugradteam/huntlbw_12.html: http://egg.astro.cornell.edu/alfalfa/ugradteam/dark_mhdec11.php
  rwebhtml/ugradteam/index.html: http://egg.astro.cornell.edu/alfalfa/ugradteam/travelinfo_obs.php
  rwebhtml/ugradteam/index.html: http://egg.astro.cornell.edu/alfalfa/ugradteam/NSF_grant_GSUMAG.pdf
  rwebhtml/ugradteam/proposalex2012.html: http://egg.astro.cornell.edu/alfalfa/data/a40files/a40.datafile1.txt
  rwebhtml/ugradteam/proposalex2012.html: http://egg.astro.cornell.edu/alfalfa/data/a40files/a40.datafile1.txt
  rwebhtml/ugradteam/tshirtj13.html: http://egg.astro.cornell.edu/alfalfa/ugradteam/photos11/j11_tshirt2_tb.jpg
  rwebhtml/ugradteam/tshirtj13.html: http://egg.astro.cornell.edu/alfalfa/ugradteam/photos10/tb_shirtfront.jpg
  rwebhtml/ugradteam/tshirtj13.html: http://egg.astro.cornell.edu/alfalfa/ugradteam/photos10/tb_shirtback.jpg
  rwebhtml/ugradteam/tshirtj14.html: http://egg.astro.cornell.edu/alfalfa/ugradteam/photos13/tb_tshirtj14.jpg
  rwebhtml/ugradteam/tshirtj14.html: http://egg.astro.cornell.edu/alfalfa/ugradteam/photos11/j11_tshirt2_tb.jpg
  rwebhtml/ugradteam/tshirtj14.html: http://egg.astro.cornell.edu/alfalfa/ugradteam/photos10/tb_shirtfront.jpg
  rwebhtml/ugradteam/tshirtj14.html: http://egg.astro.cornell.edu/alfalfa/ugradteam/photos10/tb_shirtback.jpg
  rwebhtml/ugradteam/uat10sch.html: http://egg.astro.cornell.edu/alfalfa/ugradteam/uat10teams12.php
  rwebhtml/ugradteam/uat10sch.html: http://egg.astro.cornell.edu/alfalfa/ugradteam/uat10teams23.php
  rwebhtml/ugradteam/uat10sch.html: http://egg.astro.cornell.edu/alfalfa/ugradteam/uat10_shuttle.html
  rwebhtml/ugradteam/uat11sch.html: http://egg.astro.cornell.edu/alfalfa/ugradteam/uat11teams01.php
  rwebhtml/ugradteam/uat11sch.html: http://egg.astro.cornell.edu/alfalfa/ugradteam/uat11teams23.php
  rwebhtml/ugradteam/uat11sch.html: http://egg.astro.cornell.edu/alfalfa/ugradteam/uat11_shuttle.html
  rwebhtml/ugradteam/uat12propexercises.html: http://egg.astro.cornell.edu/alfalfa/ugrad/hiprofile.ht
  rwebhtml/ugradteam/uat12sch.html: http://egg.astro.cornell.edu/alfalfa/ugradteam/uat12teams01.php
  rwebhtml/ugradteam/uat12sch.html: http://egg.astro.cornell.edu/alfalfa/ugradteam/uat12teams3.php
  rwebhtml/ugradteam/uat12sch.html: http://egg.astro.cornell.edu/alfalfa/ugradteam/uat12_shuttle.html
  rwebhtml/ugradteam/uat12schdraft.html: http://egg.astro.cornell.edu/alfalfa/ugradteam/uat12teams01.php
  rwebhtml/ugradteam/uat12schdraft.html: http://egg.astro.cornell.edu/alfalfa/ugradteam/uat12teams23.php
  rwebhtml/ugradteam/uat12schdraft.html: http://egg.astro.cornell.edu/alfalfa/ugradteam/uat12_shuttle.html
  rwebhtml/ugradteam/uat13sch.html: http://egg.astro.cornell.edu/alfalfa/ugradteam/uat13teams2.php
  rwebhtml/ugradteam/uat13sch.html: http://egg.astro.cornell.edu/alfalfa/ugradteam/uat13teams3.php
  rwebhtml/ugradteam/uat13sch.html: http://egg.astro.cornell.edu/alfalfa/ugradteam/uat13_shuttle.html
  rwebhtml/ugradteam/uat14sch.html: http://egg.astro.cornell.edu/alfalfa/ugradteam/uat14teams2.php
  rwebhtml/ugradteam/uat14sch.html: http://egg.astro.cornell.edu/alfalfa/ugradteam/uat14teams3.php
  rwebhtml/ugradteam/uat14sch.html: http://egg.astro.cornell.edu/alfalfa/ugradteam/uat14teams3.php
  rwebhtml/ugradteam/uat14sch.html: http://egg.astro.cornell.edu/alfalfa/ugradteam/uat14_shuttle.html
  rwebhtml/ugradteam/uat15sch.html: http://egg.astro.cornell.edu/alfalfa/ugradteam/uat15teams01.php
  rwebhtml/ugradteam/uat15sch.html: http://egg.astro.cornell.edu/alfalfa/ugradteam/uat15teams2.php
  rwebhtml/ugradteam/uat15sch.html: http://egg.astro.cornell.edu/alfalfa/ugradteam/hunt15/huntobs_15.html
  rwebhtml/ugradteam/uat15sch.html: http://egg.astro.cornell.edu/alfalfa/ugradteam/hunt15/huntt_15.htm
  rwebhtml/ugradteam/uat15sch.html: http://egg.astro.cornell.edu/alfalfa/ugradteam/uat15teams2.php
  rwebhtml/ugradteam/uat15sch.html: http://egg.astro.cornell.edu/alfalfa/ugradteam/uat15teams3.php
  rwebhtml/ugradteam/uat15sch.html: http://egg.astro.cornell.edu/alfalfa/ugradteam/uat15teams3.php
  rwebhtml/ugradteam/uat15sch.html: http://egg.astro.cornell.edu/alfalfa/ugradteam/uat15_shuttle.html
  rwebhtml/ugradteam/uat16sch.html: http://egg.astro.cornell.edu/alfalfa/ugradteam/uat16teams1.php
  rwebhtml/ugradteam/uat16sch.html: http://egg.astro.cornell.edu/alfalfa/ugradteam/uat15teams01.php
  rwebhtml/ugradteam/uat16sch.html: http://egg.astro.cornell.edu/alfalfa/ugradteam/uat16talks/uat16_introRadAstro.pdf
  rwebhtml/ugradteam/uat16sch.html: http://egg.astro.cornell.edu/alfalfa/ugradteam/uat16talks/UATWorkshopGBT2016.pdf
  rwebhtml/ugradteam/uat16sch.html: http://egg.astro.cornell.edu/alfalfa/ugradteam/uat16talks/GBT_science_June16.pdf
  rwebhtml/ugradteam/uat16sch.html: http://egg.astro.cornell.edu/alfalfa/ugradteam/uat16talks/uat16_HIscience.pdf
  rwebhtml/ugradteam/uat16sch.html: http://egg.astro.cornell.edu/alfalfa/ugradteam/uat16teams1.php
  rwebhtml/ugradteam/uat16sch.html: http://egg.astro.cornell.edu/alfalfa/ugradteam/uat16talks/uat16_introAPPSS.pdf
  rwebhtml/ugradteam/uat16sch.html: http://egg.astro.cornell.edu/alfalfa/ugradteam/uat16teams2.php
  rwebhtml/ugradteam/uat16sch.html: http://egg.astro.cornell.edu/alfalfa/ugradteam/uat16teams2.php
  rwebhtml/ugradteam/uat16sch.html: http://egg.astro.cornell.edu/alfalfa/ugradteam/uat16talks/uat16_interferometers.pdf
  rwebhtml/ugradteam/uat16sch.html: http://egg.astro.cornell.edu/alfalfa/ugradteam/uat16talks/uat16_careers+gradschool.pdf
  rwebhtml/ugradteam/uat16sch.html: http://egg.astro.cornell.edu/alfalfa/ugradteam/uat16teams3.php
  rwebhtml/ugradteam/uat16sch.html: http://egg.astro.cornell.edu/alfalfa/ugradteam/uat16talks/gordonUATgreen.pdf
  rwebhtml/ugradteam/uat16sch.html: http://egg.astro.cornell.edu/alfalfa/ugradteam/uat16teams3.php
  rwebhtml/ugradteam/uat16sch_draft.html: http://egg.astro.cornell.edu/alfalfa/ugradteam/uat15teams01.php
  rwebhtml/ugradteam/uat16sch_draft.html: http://egg.astro.cornell.edu/alfalfa/ugradteam/uat16teams1.php
  rwebhtml/ugradteam/uat16sch_draft.html: http://egg.astro.cornell.edu/alfalfa/ugradteam/uat16teams2.php
  rwebhtml/ugradteam/uat16sch_draft.html: http://egg.astro.cornell.edu/alfalfa/ugradteam/uat16teams2.php
  rwebhtml/ugradteam/uat16sch_draft.html: http://egg.astro.cornell.edu/alfalfa/ugradteam/uat15teams3.php
  rwebhtml/ugradteam/uat16sch_draft.html: http://egg.astro.cornell.edu/alfalfa/ugradteam/uat15teams3.php
  rwebhtml/ugradteam/uat17sch.html: http://egg.astro.cornell.edu/alfalfa/ugradteam/uat17teams1.php
  rwebhtml/ugradteam/uat17sch.html: http://egg.astro.cornell.edu/alfalfa/ugradteam/uat15teams01.php
  rwebhtml/ugradteam/uat17sch.html: http://egg.astro.cornell.edu/alfalfa/ugradteam/uat17talks/uat17_intro_radio_astronomy.pdf
  rwebhtml/ugradteam/uat17sch.html: http://egg.astro.cornell.edu/alfalfa/ugradteam/uat17talks/uat17_HIscience.pdf
  rwebhtml/ugradteam/uat17sch.html: http://egg.astro.cornell.edu/alfalfa/ugradteam/uat17teams1.php
  rwebhtml/ugradteam/uat17sch.html: http://egg.astro.cornell.edu/alfalfa/ugradteam/uat17talks/uat17_introAPPSS.pdf
  rwebhtml/ugradteam/uat17sch.html: http://egg.astro.cornell.edu/alfalfa/ugradteam/uat17teams2.php
  rwebhtml/ugradteam/uat17sch.html: http://egg.astro.cornell.edu/alfalfa/ugradteam/uat17teams2.php
  rwebhtml/ugradteam/uat17sch.html: http://egg.astro.cornell.edu/alfalfa/ugradteam/uat16teams2.php
  rwebhtml/ugradteam/uat17sch.html: http://egg.astro.cornell.edu/alfalfa/ugradteam/uat17teams3.php
  rwebhtml/ugradteam/uat17sch.html: http://egg.astro.cornell.edu/alfalfa/ugradteam/uat17teams3.php
  rwebhtml/ugradteam/uat17schdraft.html: http://egg.astro.cornell.edu/alfalfa/ugradteam/uat16teams1.php
  rwebhtml/ugradteam/uat17schdraft.html: http://egg.astro.cornell.edu/alfalfa/ugradteam/uat15teams01.php
  rwebhtml/ugradteam/uat17schdraft.html: http://egg.astro.cornell.edu/alfalfa/ugradteam/uat16teams1.php
  rwebhtml/ugradteam/uat17schdraft.html: http://egg.astro.cornell.edu/alfalfa/ugradteam/uat16teams2.php
  rwebhtml/ugradteam/uat17schdraft.html: http://egg.astro.cornell.edu/alfalfa/ugradteam/uat17talks/gordonUATgreen.pdf
  rwebhtml/ugradteam/uat17schdraft.html: http://egg.astro.cornell.edu/alfalfa/ugradteam/uat16teams2.php
  rwebhtml/ugradteam/uat17schdraft.html: http://egg.astro.cornell.edu/alfalfa/ugradteam/uat17talks/uat16_careers+gradschool.pdf
  rwebhtml/ugradteam/uat17schdraft.html: http://egg.astro.cornell.edu/alfalfa/ugradteam/uat16teams3.php
  rwebhtml/ugradteam/uat18sch.html: http://egg.astro.cornell.edu/alfalfa/ugradteam/uat18teams1.php
  rwebhtml/ugradteam/uat18sch.html: http://egg.astro.cornell.edu/alfalfa/ugradteam/uat15teams01.php
  rwebhtml/ugradteam/uat18sch.html: http://egg.astro.cornell.edu/alfalfa/ugradteam/uat18teams1.php
  rwebhtml/ugradteam/uat18sch.html: http://egg.astro.cornell.edu/alfalfa/ugradteam/uat18talks/uat18_intro_radio_astronomy.pdf
  rwebhtml/ugradteam/uat18sch.html: http://egg.astro.cornell.edu/alfalfa/ugradteam/uat18talks/uat18_HIscience.pdf
  rwebhtml/ugradteam/uat18sch.html: http://egg.astro.cornell.edu/alfalfa/ugradteam/uat18teams1.php
  rwebhtml/ugradteam/uat18sch.html: http://egg.astro.cornell.edu/alfalfa/ugradteam/uat18talks/uat18_appssintro.pdf
  rwebhtml/ugradteam/uat18sch.html: http://egg.astro.cornell.edu/alfalfa/ugradteam/uat18talks/uat_pisano_0618.pdf
  rwebhtml/ugradteam/uat18sch.html: http://egg.astro.cornell.edu/alfalfa/ugradteam/uat18talks/uat18_tim_appss_clustering.pdf
  rwebhtml/ugradteam/uat18sch.html: http://egg.astro.cornell.edu/alfalfa/ugradteam/uat18talks/uat18_omar_apps_reduction.pdf
  rwebhtml/ugradteam/uat18sch.html: http://egg.astro.cornell.edu/alfalfa/ugradteam/uat18talks/uat18_chelsey_appss_jupyter_notebook.pdf
  rwebhtml/ugradteam/uat18sch.html: http://egg.astro.cornell.edu/alfalfa/ugradteam/uat18talks/uat18_mariah_machine_learning.pdf
  rwebhtml/ugradteam/uat18sch.html: http://egg.astro.cornell.edu/alfalfa/ugradteam/uat18teams2.php
  rwebhtml/ugradteam/uat18sch.html: http://egg.astro.cornell.edu/alfalfa/ugradteam/uat16teams2.php
  rwebhtml/ugradteam/uat18sch.html: http://egg.astro.cornell.edu/alfalfa/ugradteam/uat18teams3.php
  rwebhtml/ugradteam/uat18sch.html: http://egg.astro.cornell.edu/alfalfa/ugradteam/uat18teams3.php
  rwebhtml/ugradteam/uat18schdraft.html: http://egg.astro.cornell.edu/alfalfa/ugradteam/uat18teams1.php
  rwebhtml/ugradteam/uat18schdraft.html: http://egg.astro.cornell.edu/alfalfa/ugradteam/uat15teams01.php
  rwebhtml/ugradteam/uat18schdraft.html: http://egg.astro.cornell.edu/alfalfa/ugradteam/uat18talks/uat18_HIscience.pdf
  rwebhtml/ugradteam/uat18schdraft.html: http://egg.astro.cornell.edu/alfalfa/ugradteam/uat18teams1.php
  rwebhtml/ugradteam/uat18schdraft.html: http://egg.astro.cornell.edu/alfalfa/ugradteam/uat18talks/uat18_introAPPSS.pdf
  rwebhtml/ugradteam/uat18schdraft.html: http://egg.astro.cornell.edu/alfalfa/ugradteam/uat18teams2.php
  rwebhtml/ugradteam/uat18schdraft.html: http://egg.astro.cornell.edu/alfalfa/ugradteam/uat16teams2.php
  rwebhtml/ugradteam/uat18schdraft.html: http://egg.astro.cornell.edu/alfalfa/ugradteam/uat18teams3.php
  rwebhtml/ugradteam/uat18schdraft.html: http://egg.astro.cornell.edu/alfalfa/ugradteam/uat18teams3.php
  rwebhtml/ugradteam/uat19sch.html: http://egg.astro.cornell.edu/alfalfa/ugradteam/uat19teams1.php
  rwebhtml/ugradteam/uat19sch.html: http://egg.astro.cornell.edu/alfalfa/ugradteam/uat19_radio_basics_I.pdf
  rwebhtml/ugradteam/uat19sch.html: http://egg.astro.cornell.edu/alfalfa/ugradteam/uat19_Ball_HI_Emission.pdf
  rwebhtml/ugradteam/uat19sch.html: http://egg.astro.cornell.edu/alfalfa/ugradteam/uat19teams1.php
  rwebhtml/ugradteam/uat19sch.html: http://egg.astro.cornell.edu/alfalfa/ugradteam/uat19_radio_basics_II.pdf
  rwebhtml/ugradteam/uat19sch.html: http://egg.astro.cornell.edu/alfalfa/ugradteam/uat19_HIscience.pdf
  rwebhtml/ugradteam/uat19sch.html: http://egg.astro.cornell.edu/alfalfa/ugradteam/uat19teams1.php
  rwebhtml/ugradteam/uat19sch.html: http://egg.astro.cornell.edu/alfalfa/ugradteam/uat19_appssintro.pdf
  rwebhtml/ugradteam/uat19sch.html: http://egg.astro.cornell.edu/alfalfa/ugradteam/uat19_PowerPoint_Pointers.pdf
  rwebhtml/ugradteam/uat19sch.html: http://egg.astro.cornell.edu/alfalfa/ugradteam/uat19teams2.php
  rwebhtml/ugradteam/uat19sch.html: http://egg.astro.cornell.edu/alfalfa/ugradteam/uat16teams2.php
  rwebhtml/ugradteam/uat19sch.html: http://egg.astro.cornell.edu/alfalfa/ugradteam/uat16teams2.php
  rwebhtml/ugradteam/uat19sch.html: http://egg.astro.cornell.edu/alfalfa/ugradteam/uat19_careers+gradschool.pdf
  rwebhtml/ugradteam/uat19sch.html: http://egg.astro.cornell.edu/alfalfa/ugradteam/uat19teams3.php
  rwebhtml/ugradteam/uat19sch.html: http://egg.astro.cornell.edu/alfalfa/ugradteam/uat19teams3.php
  rwebhtml/ugradteam/uat19sch.html: http://egg.astro.cornell.edu/alfalfa/ugradteam/uat19_obs_faculty.php
  rwebhtml/ugradteam/uat19sch.html: http://egg.astro.cornell.edu/alfalfa/ugradteam/uat19_obs_students.php
  rwebhtml/ugradteam/uat19sch.html: http://egg.astro.cornell.edu/alfalfa/ugradteam/uat19teams3.php
  rwebhtml/ugradteam/uat19sch.html: http://egg.astro.cornell.edu/alfalfa/ugradteam/uat19teams3.php
  rwebhtml/ugradteam/uatgroups.html: http://egg.astro.cornell.edu/alfalfa/pract/pract_team.htm
  rwebhtml/ugradteam/uatj12propexercises.html: http://egg.astro.cornell.edu/alfalfa/ugrad/hiprofile.ht
  rwebhtml/ugradteam/uatj12propexercises2.html: http://egg.astro.cornell.edu/alfalfa/data/a40files/a40.datafile1.txt
  rwebhtml/ugradteam/uatj13propexercises2.html: http://egg.astro.cornell.edu/alfalfa/data/a40files/a40.datafile1.txt
  rwebhtml/ugradteam/uatj13sch_draft.html: http://egg.astro.cornell.edu/alfalfa/ugradteam/uat13teams3.php
  rwebhtml/ugradteam/uatj13sch_draft.html: http://egg.astro.cornell.edu/alfalfa/ugradteam/uat13_shuttle.html
  rwebhtml/ugradteam/uatj13telecon1prep.html: http://egg.astro.cornell.edu/alfalfa/ugrad/hiprofile.ht
  rwebhtml/ugradteam/uatj14telecon1prep.html: http://egg.astro.cornell.edu/alfalfa/ugrad/hiprofile.ht
  rwebhtml/ugradteam/uatj14telecon1prep.html: http://egg.astro.cornell.edu/alfalfa/ugradteam/groupgal1_13.html
  rwebhtml/ugradteam/uatj15telecon1prep.html: http://egg.astro.cornell.edu/alfalfa/ugrad/hiprofile.ht
  rwebhtml/ugradteam/uatj15telecon1prep.html: http://egg.astro.cornell.edu/alfalfa/ugradteam/groupgal1_13.html
  rwebhtml/ugradteam/uatj19telecon2.html: http://egg.astro.cornell.edu/alfalfa/ugradteam/uat19teams1.php
  rwebhtml/ugradteam/uatj19telecon2.html: http://egg.astro.cornell.edu/alfalfa/ugradteam/travelinfoj19.php
  rwebhtml/ugradteam/uatj19telecon2.html: http://egg.astro.cornell.edu/alfalfa/ugradteam/Prop06.pdf
  rwebhtml/ugradteam/uatj19telecon2prep.html: http://egg.astro.cornell.edu/alfalfa/ugrad/hiprofile.ht
  rwebhtml/ugradteam/ugradobs_telj15.html: http://egg.astro.cornell.edu/alfalfa/ugradteam/Prop06.pdf
  rwebhtml/ugradteam/ugradobs_telj16.html: http://egg.astro.cornell.edu/alfalfa/ugradteam/travelinfoj16.php
  rwebhtml/ugradteam/ugradobs_telj16.html: http://egg.astro.cornell.edu/alfalfa/ugradteam/Prop06.pdf
  rwebhtml/ugradteam/ugradobs_telj17.html: http://egg.astro.cornell.edu/alfalfa/ugradteam/uat17teams1.php
  rwebhtml/ugradteam/ugradobs_telj17.html: http://egg.astro.cornell.edu/alfalfa/ugradteam/travelinfoj17.php
  rwebhtml/ugradteam/ugradobs_telj17.html: http://egg.astro.cornell.edu/alfalfa/ugradteam/Prop06.pdf
  rwebhtml/ugradteam/ugradobs_telj18.html: http://egg.astro.cornell.edu/alfalfa/ugradteam/uat18teams1.php
  rwebhtml/ugradteam/ugradobs_telj18.html: http://egg.astro.cornell.edu/alfalfa/ugradteam/travelinfoj18.php
  rwebhtml/ugradteam/ugradobs_telj18.html: http://egg.astro.cornell.edu/alfalfa/ugradteam/Prop06.pdf
  rwebhtml/ugradteam/ugradobs_telj19.html: http://egg.astro.cornell.edu/alfalfa/ugradteam/uat19teams1.php
  rwebhtml/ugradteam/ugradobs_telj19.html: http://egg.astro.cornell.edu/alfalfa/ugradteam/travelinfoj19.php
  rwebhtml/ugradteam/ugradobs_telj19.html: http://egg.astro.cornell.edu/alfalfa/ugradteam/Prop06.pdf
  rwebhtml/ugradteam/ugradobsprop.html: http://egg.astro.cornell.edu/alfalfa/ugradteam/dark_mhdec11.php
  rwebhtml/ugradteam/ugradobsprop.html: http://egg.astro.cornell.edu/alfalfa/ugradteam/Prop06.pdf
  rwebhtml/ugradteam/ugradobspropj13.html: http://egg.astro.cornell.edu/alfalfa/ugradteam/Prop06.pdf
  rwebhtml/ugradteam/ugradobspropj14.html: http://egg.astro.cornell.edu/alfalfa/ugradteam/Prop06.pdf
  rwebhtml/ugradteam/ugradteam.html: http://egg.astro.cornell.edu/alfalfa/ugradteam/travelinfo_obs.php
  rwebhtml/ugradteam/ugradteam.html: http://egg.astro.cornell.edu/alfalfa/ugradteam/NSF_grant_GSUMAG.pdf
  rwebhtml/ugradteam/ugradteam_1211005.html: http://egg.astro.cornell.edu/alfalfa/ugradteam/travelinfo_obs.php
  rwebhtml/ugradteam/ugradteam_1211005.html: http://egg.astro.cornell.edu/alfalfa/ugradteam/NSF_grant_GSUMAG.pdf
  rwebhtml/ugradteam/ugradwksp.html: http://egg.astro.cornell.edu/alfalfa/ugradteam/ualfaattend.php
  aweb/galaxy_a2010.html: http://egg.astro.cornell.edu/alfalfa/pract/pract_team.htm
  aweb/galaxy_a2010_110419.html: http://egg.astro.cornell.edu/alfalfa/pract/pract_team.htm
  aweb/galaxy_a2010_120101.html: http://egg.astro.cornell.edu/alfalfa/pract/pract_team.htm
  aweb/galaxy_a2010_1201018.html: http://egg.astro.cornell.edu/alfalfa/pract/pract_team.htm
  aweb/galaxy_a2010_120328.html: http://egg.astro.cornell.edu/alfalfa/pract/pract_team.htm
  aweb/galaxy_a2010_120712.html: http://egg.astro.cornell.edu/alfalfa/pract/pract_team.htm
  aweb/galaxy_a2010_120712b.html: http://egg.astro.cornell.edu/alfalfa/pract/pract_team.htm
  aweb/galaxy_a2010_130401.html: http://egg.astro.cornell.edu/alfalfa/pract/pract_team.htm
  aweb/galaxy_a2010_141218.html: http://egg.astro.cornell.edu/alfalfa/pract/pract_team.htm

Done.
