url	live	wayback	wayback_url	wayback_timestamp
http://www.naic.edu/~operator/oplogs/alfatemps	DEAD	NO		
http://www.naic.edu/~bcatinel/alfalfa_jun05.htm	DEAD	NO		
http://www.naic.edu/~phil/software/datataking/aoscramnet.html	DEAD	NO		
http://www.naic.edu/~operator/oplogs/alfatemps/ReceiverStatus.jpg	DEAD	NO		
http://jalbum.net	LIVE	N/A		
http://www.gmu.edu	LIVE	N/A		
http://www.csu.edu	LIVE	N/A		
http://www.wvu.edu	LIVE	N/A		
http://www.css.edu	LIVE	N/A		
http://www.ivoa.net	LIVE	N/A		
http://www.wisc.edu	LIVE	N/A		
http://www.sdss.org	LIVE	N/A		
https://www.wlu.edu	LIVE	N/A		
https://www.oxy.edu	LIVE	N/A		
http://www.uwsp.edu	LIVE	N/A		
http://www.sfsu.edu	LIVE	N/A		
http://www.uprrp.edu	LIVE	N/A		
http://www.wtamu.edu	LIVE	N/A		
http://rsinc.com/idl	LIVE	N/A		
http://www.usvao.org	LIVE	N/A		
http://www.siena.edu	LIVE	N/A		
http://www.union.edu	LIVE	N/A		
http://www.usfca.edu	LIVE	N/A		
https://www2.gmu.edu	LIVE	N/A		
http://www.ithaca.edu	LIVE	N/A		
https://www.valpo.edu	LIVE	N/A		
http://www.stlawu.edu	LIVE	N/A		
https://msudenver.edu	LIVE	N/A		
http://ads.harvard.edu	LIVE	N/A		
http://gbtidl.nrao.edu	LIVE	N/A		
http://www.cornell.edu	LIVE	N/A		
http://www.nsatlas.org	LIVE	N/A		
http://www.colgate.edu	LIVE	N/A		
https://www.calpoly.edu	LIVE	N/A		
http://www.sdss.org/dr9	LIVE	N/A		
http://www.sdss.org/dr7	LIVE	N/A		
https://public.nrao.edu	LIVE	N/A		
http://www.sdss.org/dr6	LIVE	N/A		
http://www.hartwick.edu	LIVE	N/A		
http://www.skidmore.edu	LIVE	N/A		
http://www.dfanning.com	LIVE	N/A		
http://stackoverflow.com	LIVE	N/A		
http://archive.stsci.edu	LIVE	N/A		
http://www.galaxyzoo.org	LIVE	N/A		
http://www.sdss.org/dr10	LIVE	N/A		
http://www.lafayette.edu	LIVE	N/A		
http://www.stmarys-ca.edu	LIVE	N/A		
http://www.macalester.edu	LIVE	N/A		
https://www.lynchburg.edu	LIVE	N/A		
http://edd.ifa.hawaii.edu	LIVE	N/A		
http://fits.gsfc.nasa.gov	LIVE	N/A		
https://astronexus.com/hyg	LIVE	N/A		
http://cas.sdss.org/dr6/en	LIVE	N/A		
http://cas.sdss.org/dr4/en	LIVE	N/A		
https://www.providence.edu	LIVE	N/A		
http://ned.ipac.caltech.edu	LIVE	N/A		
http://www.cv.nrao.edu/nvss	LIVE	N/A		
http://earth.google.com/sky	LIVE	N/A		
http://www.wtamu.edu/~dcraig	LIVE	N/A		
https://ned.ipac.caltech.edu	LIVE	N/A		
https://youtu.be/UD6cOMpJlZU	LIVE	N/A		
http://irsa.ipac.caltech.edu	LIVE	N/A		
http://www.nrao.edu/whatisra	LIVE	N/A		
http://www.georgiasouthern.edu	LIVE	N/A		
http://www.cospar-assembly.org	LIVE	N/A		
http://www.astro.rug.nl/~whisp	LIVE	N/A		
http://www.sdss3.org/index.php	LIVE	N/A		
http://wiki.scipy.org/Cookbook	LIVE	N/A		
http://nedwww.ipac.caltech.edu	LIVE	N/A		
http://www.w3.org/TR/REC-html40	LIVE	N/A		
http://montage.ipac.caltech.edu	LIVE	N/A		
http://casjobs.sdss.org/CasJobs	LIVE	N/A		
http://www2.cnrs.fr/en/1036.htm	LIVE	N/A		
http://cas.sdss.org/dr7/en/sdss	LIVE	N/A		
https://greenbankobservatory.org	LIVE	N/A		
https://nationalethicscenter.org	LIVE	N/A		
http://www.sdss.org/sdss-surveys	LIVE	N/A		
http://cas.sdss.org/dr15/en/sdss	LIVE	N/A		
http://physics.gmu.edu/~jrosenb4	LIVE	N/A		
http://www.facebook.com/home.php	LIVE	N/A		
http://www.astronexus.com/node/34	LIVE	N/A		
http://www.atlasoftheuniverse.com	LIVE	N/A		
http://www.ipac.caltech.edu/2mass	LIVE	N/A		
https://projecteuler.net/problems	LIVE	N/A		
http://www.astro.yale.edu/virgohi	LIVE	N/A		
http://minerva.union.edu/koopmanr	LIVE	N/A		
http://www.aoc.nrao.edu/~egreisen	LIVE	N/A		
http://www.physics.unc.edu/~sheila	LIVE	N/A		
http://matplotlib.org/gallery.html	LIVE	N/A		
http://skyserver.sdss3.org/CasJobs	LIVE	N/A		
http://en.wikipedia.org/wiki/ROSAT	LIVE	N/A		
http://alfalfasurvey.wordpress.com	LIVE	N/A		
http://www.greenbankobservatory.org	LIVE	N/A		
http://sites.lafayette.edu/hoffmang	LIVE	N/A		
http://www.mpa-garching.mpg.de/SDSS	LIVE	N/A		
http://egg.astro.cornell.edu/alfalfa	LIVE	N/A		
http://www.physics.uci.edu/~barth/atv	LIVE	N/A		
http://arXiv.org/abs/astro-ph/0305259	LIVE	N/A		
http://www.nrao.edu/astrores/HIrogues	LIVE	N/A		
http://www.rsinc.com/idl/GetStart.pdf	LIVE	N/A		
http://learnpythonthehardway.org/book	LIVE	N/A		
http://egg.astro.cornell.edu/index.php	LIVE	N/A		
http://egg.astro.cornell.edu/precursor	LIVE	N/A		
http://www.pa.msu.edu/astro/MC2/accept	LIVE	N/A		
http://www.star.bris.ac.uk/~mbt/topcat	LIVE	N/A		
http://www.cornell.edu/visiting/ithaca	LIVE	N/A		
http://www.sthurlow.com/python/lesson01	LIVE	N/A		
http://www.codecademy.com/tracks/python	LIVE	N/A		
http://apod.nasa.gov/apod/ap110828.html	LIVE	N/A		
http://apod.nasa.gov/apod/ap100520.html	LIVE	N/A		
http://apod.nasa.gov/apod/ap090428.html	LIVE	N/A		
https://science.nrao.edu/facilities/gbt	LIVE	N/A		
http://apod.nasa.gov/apod/ap970617.html	LIVE	N/A		
https://www.citiprogram.org/Default.asp	LIVE	N/A		
http://apod.nasa.gov/apod/ap990216.html	LIVE	N/A		
http://www.cv.nrao.edu/~jhibbard/TSeqHST	LIVE	N/A		
http://www.sdss3.org/dr8/data_access.php	LIVE	N/A		
http://archive.stsci.edu/fits/index.html	LIVE	N/A		
http://cosmicweb.uchicago.edu/index.html	LIVE	N/A		
http://stdatu.stsci.edu/cgi-bin/dss_form	LIVE	N/A		
https://jcannon.macalester.digital/SHIELD	LIVE	N/A		
http://egg.astro.cornell.edu/alfalfa/data	LIVE	N/A		
http://www.star.bristol.ac.uk/~mbt/topcat	LIVE	N/A		
https://archive.stsci.edu/cgi-bin/dss_form	LIVE	N/A		
http://www.nsf.gov/bfa/dias/policy/rcr.jsp	LIVE	N/A		
http://egg.astro.cornell.edu/alfalfa/pract	LIVE	N/A		
http://www.seds.org/messier/more/local.html	LIVE	N/A		
http://www.atnf.csiro.au/research/multibeam	LIVE	N/A		
http://stars.astro.illinois.edu/celsph.html	LIVE	N/A		
https://www.youtube.com/watch?v=UD6cOMpJlZU	LIVE	N/A		
https://alfalfasurvey.wordpress.com/2013/11	LIVE	N/A		
http://www.gb.nrao.edu/~dpisano/example.cat	LIVE	N/A		
http://www.union.edu/News/spotlight/read.php	LIVE	N/A		
http://www.atlasoftheuniverse.com/virgo.html	LIVE	N/A		
http://www.topuertorico.org/city/camuy.shtml	LIVE	N/A		
http://www.gb.nrao.edu/20m/idlinks/39966.htm	LIVE	N/A		
http://docs.python.org/2/tutorial/index.html	LIVE	N/A		
http://www.gb.nrao.edu/20m/idlinks/39970.htm	LIVE	N/A		
http://www.gb.nrao.edu/20m/idlinks/39960.htm	LIVE	N/A		
http://www.gb.nrao.edu/20m/idlinks/39956.htm	LIVE	N/A		
http://www.gb.nrao.edu/20m/idlinks/39957.htm	LIVE	N/A		
http://www.gb.nrao.edu/scienceDocs/GBTog.pdf	LIVE	N/A		
http://www.gb.nrao.edu/scienceDocs/GBTpg.pdf	LIVE	N/A		
http://egg.astro.cornell.edu/alfalfa/pubs.php	LIVE	N/A		
http://www.mpa-garching.mpg.de/GASS/index.php	LIVE	N/A		
http://cas.sdss.org/dr15/en/sdss/sdsshome.aspx	LIVE	N/A		
http://cosmicweb.uchicago.edu/images/anim1.jpg	LIVE	N/A		
https://www.stlawu.edu/people/aileen-odonoghue	LIVE	N/A		
http://irsa.ipac.caltech.edu/applications/DUST	LIVE	N/A		
http://www.gb.nrao.edu/~dpisano/example.config	LIVE	N/A		
http://www.ast.cam.ac.uk/~mike/local_more.html	LIVE	N/A		
http://egg.astro.cornell.edu/alfalfa/ugradteam	LIVE	N/A		
http://www.sdss.org/DR2/algorithms/fluxcal.html	LIVE	N/A		
http://adsabs.harvard.edu/abstract_service.html	LIVE	N/A		
https://python4astronomers.github.io/index.html	LIVE	N/A		
http://en.wikibooks.org/wiki/Python_Programming	LIVE	N/A		
http://cas.sdss.org/dr4/en/tools/chart/navi.asp	LIVE	N/A		
http://cas.sdss.org/dr7/en/tools/search/sql.asp	LIVE	N/A		
http://cas.sdss.org/dr4/en/tools/search/sql.asp	LIVE	N/A		
http://www.cv.nrao.edu/course/astr534/ERA.shtml	LIVE	N/A		
http://cas.sdss.org/dr7/en/tools/chart/navi.asp	LIVE	N/A		
https://sites.google.com/site/alfalfaugradgroups	LIVE	N/A		
http://www.nature.com/doifinder/10.1038/360715a0	LIVE	N/A		
http://egg.astro.cornell.edu/alfalfa/science.php	LIVE	N/A		
http://hea-www.harvard.edu/RD/ds9/site/Home.html	LIVE	N/A		
http://egg.astro.cornell.edu/alfalfa/ugrad/spr09	LIVE	N/A		
http://alfalfasurvey.wordpress.com/2011/11/25/ul	LIVE	N/A		
http://www.astro.ucla.edu/~wright/CosmoCalc.html	LIVE	N/A		
http://welcome.topuertorico.org/city/camuy.shtml	LIVE	N/A		
http://www.gb.nrao.edu/pubcomputing/public.shtml	LIVE	N/A		
http://adsabs.harvard.edu/abs/2017MNRAS.466.1275B	LIVE	N/A		
http://adsabs.harvard.edu/abs/2011MNRAS.415...61S	LIVE	N/A		
http://cas.sdss.org/dr7/en/proj/advanced/galaxies	LIVE	N/A		
http://adsabs.harvard.edu/abs/2008MNRAS.390..408Z	LIVE	N/A		
http://adsabs.harvard.edu/abs/2000ApJ...530..625T	LIVE	N/A		
http://adsabs.harvard.edu/abs/1978ApJ...222..784G	LIVE	N/A		
http://adsabs.harvard.edu/abs/2004MNRAS.349..922D	LIVE	N/A		
http://www.petermeadows.com/html/parallactic.html	LIVE	N/A		
http://adsabs.harvard.edu/abs/2019AAS...23338304P	LIVE	N/A		
http://adsabs.harvard.edu/abs/2011MNRAS.412.1081W	LIVE	N/A		
http://adsabs.harvard.edu/abs/1985ApJ...298....8H	LIVE	N/A		
http://adsabs.harvard.edu/abs/2018AAS...23135112F	LIVE	N/A		
http://adsabs.harvard.edu/abs/2008ApJ...682L..85K	LIVE	N/A		
http://adsabs.harvard.edu/abs/2019AAS...23316205B	LIVE	N/A		
http://adsabs.harvard.edu/abs/1985AJ.....90.1681B	LIVE	N/A		
http://adsabs.harvard.edu/abs/2014MNRAS.443.3601L	LIVE	N/A		
http://adsabs.harvard.edu/abs/2019AAS...23324523H	LIVE	N/A		
http://adsabs.harvard.edu/abs/2016MNRAS.460.2945L	LIVE	N/A		
http://adsabs.harvard.edu/abs/2007ApJ...665L..19H	LIVE	N/A		
http://adsabs.harvard.edu/abs/2003ApJ...599..971H	LIVE	N/A		
http://adsabs.harvard.edu/abs/2007ApJS..173..185G	LIVE	N/A		
http://adsabs.harvard.edu/abs/2012MNRAS.427.2314L	LIVE	N/A		
http://adsabs.harvard.edu/abs/2017ApJ...842..133L	LIVE	N/A		
http://mathesaurus.sourceforge.net/idl-numpy.html	LIVE	N/A		
http://adsabs.harvard.edu/abs/2018ApJ...861...49H	LIVE	N/A		
http://adsabs.harvard.edu/abs/2013ApJ...768...77A	LIVE	N/A		
http://adsabs.harvard.edu/abs/2009ApJ...691..633T	LIVE	N/A		
http://adsabs.harvard.edu/abs/2009MNRAS.392L..45R	LIVE	N/A		
http://adsabs.harvard.edu/abs/2018AAS...23135418A	LIVE	N/A		
http://adsabs.harvard.edu/abs/2011ApJ...739...38P	LIVE	N/A		
http://adsabs.harvard.edu/abs/2010MNRAS.403..683C	LIVE	N/A		
http://adsabs.harvard.edu/abs/2014MNRAS.444.3559M	LIVE	N/A		
http://adsabs.harvard.edu/abs/2011ApJ...739L..22C	LIVE	N/A		
http://adsabs.harvard.edu/abs/2019AAS...23335116R	LIVE	N/A		
http://adsabs.harvard.edu/abs/2016ApJ...832..126S	LIVE	N/A		
http://adsabs.harvard.edu/abs/2014ApJ...782....4K	LIVE	N/A		
http://egg.astro.cornell.edu/alfalfa/ugrad/fall09	LIVE	N/A		
http://adsabs.harvard.edu/abs/2014AJ....148...69H	LIVE	N/A		
http://adsabs.harvard.edu/abs/2001AJ....122.2969H	LIVE	N/A		
http://cas.sdss.org/dr7/en/help/docs/sql_help.asp	LIVE	N/A		
http://adsabs.harvard.edu/abs/2016ApJ...822..108H	LIVE	N/A		
http://adsabs.harvard.edu/abs/2015AJ....149...72C	LIVE	N/A		
http://adsabs.harvard.edu/abs/2018AAS...23135108L	LIVE	N/A		
http://adsabs.harvard.edu/abs/2006MNRAS.371..401H	LIVE	N/A		
http://adsabs.harvard.edu/abs/2016AJ....152..225H	LIVE	N/A		
http://adsabs.harvard.edu/abs/2018AAS...23125218C	LIVE	N/A		
http://adsabs.harvard.edu/abs/2003AJ....125.2348B	LIVE	N/A		
http://adsabs.harvard.edu/abs/2016MNRAS.463.1692L	LIVE	N/A		
http://adsabs.harvard.edu/abs/2016MNRAS.459..220S	LIVE	N/A		
http://adsabs.harvard.edu/abs/2014ApJ...785....3M	LIVE	N/A		
http://adsabs.harvard.edu/abs/2015ApJ...811...35J	LIVE	N/A		
http://adsabs.harvard.edu/abs/2016ApJ...824..110O	LIVE	N/A		
http://adsabs.harvard.edu/abs/1952ApJ...115..206W	LIVE	N/A		
http://adsabs.harvard.edu/abs/2004MNRAS.350.1195M	LIVE	N/A		
http://adsabs.harvard.edu/abs/2013ApJ...776...43P	LIVE	N/A		
http://adsabs.harvard.edu/abs/2018AAS...23135113C	LIVE	N/A		
http://adsabs.harvard.edu/abs/2018MNRAS.477....2J	LIVE	N/A		
http://adsabs.harvard.edu/abs/2007NCimB.122.1109H	LIVE	N/A		
http://adsabs.harvard.edu/abs/2009ApJS..183..214M	LIVE	N/A		
http://adsabs.harvard.edu/abs/1995AJ....109.2415C	LIVE	N/A		
http://adsabs.harvard.edu/abs/2018ApJ...862..149F	LIVE	N/A		
http://adsabs.harvard.edu/abs/2019AAS...23335115G	LIVE	N/A		
http://adsabs.harvard.edu/abs/2003AJ....125.1926G	LIVE	N/A		
http://adsabs.harvard.edu/abs/2000ApJ...534..114M	LIVE	N/A		
http://adsabs.harvard.edu/abs/2004ApJ...600..681B	LIVE	N/A		
http://adsabs.harvard.edu/abs/2017ApJ...837L..16J	LIVE	N/A		
http://adsabs.harvard.edu/abs/2016ApJ...824...25V	LIVE	N/A		
http://adsabs.harvard.edu/abs/2009ApJ...691.1595K	LIVE	N/A		
http://adsabs.harvard.edu/abs/2018AJ....155...65B	LIVE	N/A		
http://adsabs.harvard.edu/abs/1994AJ....108..491S	LIVE	N/A		
http://adsabs.harvard.edu/abs/2008AJ....136..713K	LIVE	N/A		
http://adsabs.harvard.edu/abs/2016ApJ...831..118M	LIVE	N/A		
http://adsabs.harvard.edu/abs/2011ApJ...732...92T	LIVE	N/A		
http://adsabs.harvard.edu/abs/2011MNRAS.415..431B	LIVE	N/A		
http://adsabs.harvard.edu/abs/2016MNRAS.457.4393J	LIVE	N/A		
http://adsabs.harvard.edu/abs/2018AAS...23210205V	LIVE	N/A		
http://adsabs.harvard.edu/abs/2018AAS...23114901H	LIVE	N/A		
http://adsabs.harvard.edu/abs/2011MNRAS.411..993F	LIVE	N/A		
http://cas.sdss.org/dr6/en/proj/advanced/galaxies	LIVE	N/A		
http://adsabs.harvard.edu/abs/2010ApJ...725.2333K	LIVE	N/A		
http://adsabs.harvard.edu/abs/2003ApJ...597..142M	LIVE	N/A		
http://adsabs.harvard.edu/abs/2015MNRAS.452.2479B	LIVE	N/A		
http://adsabs.harvard.edu/abs/2011ApJS..194...20P	LIVE	N/A		
http://adsabs.harvard.edu/abs/1995AJ....110.1059G	LIVE	N/A		
http://adsabs.harvard.edu/abs/2012AJ....144..159M	LIVE	N/A		
http://adsabs.harvard.edu/abs/2009AJ....138..338S	LIVE	N/A		
http://adsabs.harvard.edu/abs/2019AAS...23314420P	LIVE	N/A		
http://adsabs.harvard.edu/abs/2012ApJ...750...38M	LIVE	N/A		
http://adsabs.harvard.edu/abs/1984AJ.....89..758H	LIVE	N/A		
http://adsabs.harvard.edu/abs/2010ApJ...721..922G	LIVE	N/A		
http://egg.astro.cornell.edu/alfalfa/ugrad/summ09	LIVE	N/A		
https://www.wwu.edu/skywise/a101_coordinates.html	LIVE	N/A		
http://adsabs.harvard.edu/abs/1986ApJ...302..536A	LIVE	N/A		
http://adsabs.harvard.edu/abs/2005ApJS..160..149S	LIVE	N/A		
http://adsabs.harvard.edu/abs/2007ApJ...655..144M	LIVE	N/A		
http://adsabs.harvard.edu/abs/2015ApJ...802...66M	LIVE	N/A		
http://adsabs.harvard.edu/abs/2000ApJ...543..178G	LIVE	N/A		
http://adsabs.harvard.edu/abs/1991AJ....102..841H	LIVE	N/A		
http://adsabs.harvard.edu/abs/2009ApJ...696..385G	LIVE	N/A		
http://adsabs.harvard.edu/abs/1979AJ.....84.1500C	LIVE	N/A		
http://adsabs.harvard.edu/abs/2013AJ....146....3S	LIVE	N/A		
http://adsabs.harvard.edu/abs/2013AJ....146..145M	LIVE	N/A		
http://adsabs.harvard.edu/abs/2016MNRAS.455.1574J	LIVE	N/A		
http://adsabs.harvard.edu/abs/1988AJ.....95..985D	LIVE	N/A		
http://adsabs.harvard.edu/abs/1991AJ....102...14P	LIVE	N/A		
http://adsabs.harvard.edu/abs/2019AJ....157...81O	LIVE	N/A		
http://adsabs.harvard.edu/abs/1995PASP..107..945F	LIVE	N/A		
http://adsabs.harvard.edu/abs/2010PhRvD..81j3501P	LIVE	N/A		
http://adsabs.harvard.edu/abs/2012MNRAS.421..926P	LIVE	N/A		
http://adsabs.harvard.edu/abs/2014ApJ...795L...5S	LIVE	N/A		
http://adsabs.harvard.edu/abs/2012MNRAS.424.2180M	LIVE	N/A		
http://adsabs.harvard.edu/abs/2012AJ....143..133H	LIVE	N/A		
http://adsabs.harvard.edu/abs/2019AAS...23338305O	LIVE	N/A		
http://adsabs.harvard.edu/abs/2007NCimB.122.1097G	LIVE	N/A		
http://adsabs.harvard.edu/abs/1994AJ....108.2348A	LIVE	N/A		
http://adsabs.harvard.edu/abs/2008AJ....135..588S	LIVE	N/A		
http://adsabs.harvard.edu/abs/2010ApJ...723.1359M	LIVE	N/A		
http://adsabs.harvard.edu/abs/2019AAS...23326107K	LIVE	N/A		
http://adsabs.harvard.edu/abs/1981AJ.....86.1126H	LIVE	N/A		
http://adsabs.harvard.edu/abs/2015ApJ...815L..17M	LIVE	N/A		
http://adsabs.harvard.edu/abs/1998ApJ...500..525S	LIVE	N/A		
http://adsabs.harvard.edu/abs/2011AJ....142..170H	LIVE	N/A		
http://adsabs.harvard.edu/abs/1972ApJ...178..623T	LIVE	N/A		
http://adsabs.harvard.edu/abs/2010MNRAS.408..919S	LIVE	N/A		
http://adsabs.harvard.edu/abs/2012ApJS..199...26H	LIVE	N/A		
http://adsabs.harvard.edu/abs/2010MNRAS.403L..26C	LIVE	N/A		
http://adsabs.harvard.edu/abs/2011MNRAS.415...32S	LIVE	N/A		
http://adsabs.harvard.edu/abs/2012MNRAS.426.3041H	LIVE	N/A		
http://adsabs.harvard.edu/abs/2016ApJ...832...85T	LIVE	N/A		
http://adsabs.harvard.edu/abs/2019AAS...23324522J	LIVE	N/A		
http://adsabs.harvard.edu/abs/2012MNRAS.420.1959C	LIVE	N/A		
http://www.ichotelsgroup.com/h/d/hi/1/en/hd/schdt	LIVE	N/A		
http://www.gb.nrao.edu/~dpisano/example_sb.turtle	LIVE	N/A		
http://www.ast.cam.ac.uk/~mike/local_members.html	LIVE	N/A		
http://egg.astro.cornell.edu/alfalfa/virgohi21.php	LIVE	N/A		
http://www.nrao.edu/index.php/learn/radioastronomy	LIVE	N/A		
http://cosmicweb.uchicago.edu/images/mov/s02_0.gif	LIVE	N/A		
http://minerva.union.edu/koopmanr/smith_progs.html	LIVE	N/A		
http://egg.astro.cornell.edu/alfalfa/HI1225+01.php	LIVE	N/A		
http://www.sdss.org/dr6/algorithms/photometry.html	LIVE	N/A		
http://www.atnf.CSIRO.AU/research/multibeam/release	LIVE	N/A		
http://cas.sdss.org/dr6/en/tools/crossid/upload.asp	LIVE	N/A		
http://astronomyonline.org/Science/SiderealTime.asp	LIVE	N/A		
http://www.globalsecurity.org/space/systems/gps.htm	LIVE	N/A		
https://public.nrao.edu/telescopes/radio-telescopes	LIVE	N/A		
https://alfalfasurvey.wordpress.com/2015/01/15/1315	LIVE	N/A		
http://egg.astro.cornell.edu/alfalfa/data/index.php	LIVE	N/A		
http://www.atnf.csiro.au/research/multibeam/release	LIVE	N/A		
http://egg.astro.cornell.edu/alfalfa/pubs/aas06.php	LIVE	N/A		
http://egg.astro.cornell.edu/alfalfa/ugrad/alfa.htm	LIVE	N/A		
https://www.legacysurvey.org/viewer?ra=150.0237&dec=	LIVE	N/A		
http://dev.mysql.com/doc/refman/5.0/en/tutorial.html	LIVE	N/A		
https://www.legacysurvey.org/viewer?ra=149.6950&dec=	LIVE	N/A		
https://www.legacysurvey.org/viewer?ra=150.0429&dec=	LIVE	N/A		
https://www.legacysurvey.org/viewer?ra=150.6129&dec=	LIVE	N/A		
https://www.legacysurvey.org/viewer?ra=150.4742&dec=	LIVE	N/A		
https://www.legacysurvey.org/viewer?ra=150.1250&dec=	LIVE	N/A		
http://amiga.iaa.es/CIG09/132-galaxies-isolation.htm	LIVE	N/A		
http://nedwww.ipac.caltech.edu/forms/calculator.html	LIVE	N/A		
https://www.esrl.noaa.gov/gmd/grad/solcalc/azel.html	LIVE	N/A		
http://egg.astro.cornell.edu/alfalfa/ugrad/himass.htm	LIVE	N/A		
http://apod.nasa.gov/apod/image/9902/m87s_vla_big.gif	LIVE	N/A		
https://ned.ipac.caltech.edu/forms/SearchSpectra.html	LIVE	N/A		
http://iopscience.iop.org/1538-3881/142/5/170/article	LIVE	N/A		
http://www.pas.rochester.edu/~emamajek/coolplots.html	LIVE	N/A		
http://egg.astro.cornell.edu/alfalfa/ugrad/coords.php	LIVE	N/A		
http://apod.nasa.gov/apod/image/1005/m87jet_block.jpg	LIVE	N/A		
http://egg.astro.cornell.edu/alfalfa/ugrad/alfarot.htm	LIVE	N/A		
http://www.sai.msu.su/mirrors/isn/sn2003/sn2003cg.html	LIVE	N/A		
http://www.atnf.csiro.au/research/multibeam/HIPASS-BGC	LIVE	N/A		
http://www.astro.princeton.edu/PBOOK/camera/camera.htm	LIVE	N/A		
http://skyserver.sdss3.org/dr9/en/tools/chart/navi.asp	LIVE	N/A		
http://egg.astro.cornell.edu/alfalfa/ugrad/alfares.htm	LIVE	N/A		
http://www.astrobetter.com/learning-python-the-diy-way	LIVE	N/A		
http://www.astro.rug.nl/~weygaert/knawvoid.program.php	LIVE	N/A		
http://egg.astro.cornell.edu/alfalfa/alfalfabanner.jpg	LIVE	N/A		
http://iopscience.iop.org/1538-3881/142/5/170/fulltext	LIVE	N/A		
http://iopscience.iop.org/1538-3881/123/1/100/fulltext	LIVE	N/A		
http://egg.astro.cornell.edu/alfalfa/styles/style1.css	LIVE	N/A		
http://skyserver.sdss.org/dr10/en/tools/search/sql.aspx	LIVE	N/A		
http://astro.unl.edu/naap/motion2/animations/ce_hc.html	LIVE	N/A		
http://skyserver.sdss3.org/dr9/en/tools/chart/chart.asp	LIVE	N/A		
http://apod.nasa.gov/apod/image/9706/arp220_hst_big.jpg	LIVE	N/A		
http://egg.astro.cornell.edu/alfalfa/ugrad/centroid.htm	LIVE	N/A		
http://docs.scipy.org/doc/scipy/reference/optimize.html	LIVE	N/A		
http://egg.astro.cornell.edu/alfalfa/ugrad/q_obsmode.htm	LIVE	N/A		
http://www.ichotelsgroup.com/h/d/hi/1/en/direction/schdt	LIVE	N/A		
http://egg.astro.cornell.edu/alfalfa/ugrad/hiprofile.htm	LIVE	N/A		
http://egg.astro.cornell.edu/alfalfa/pract/gifs/bpd9.gif	LIVE	N/A		
http://apod.nasa.gov/apod/image/1108/m87jet_hst_1222.jpg	LIVE	N/A		
http://apod.nasa.gov/apod/image/0802/ngc4676_hst_big.jpg	LIVE	N/A		
http://now.humboldt.edu/news/it-was-a-galaxy-far-far-away	LIVE	N/A		
http://link.springer.com/book/10.1007%2F978-3-642-54083-7	LIVE	N/A		
http://egg.astro.cornell.edu/alfalfa/ugradteam/Prop06.pdf	LIVE	N/A		
http://egg.astro.cornell.edu/alfalfa/ugrad/findqsogt5.htm	LIVE	N/A		
http://egg.astro.cornell.edu/alfalfa/pract/pract_team.htm	LIVE	N/A		
http://egg.astro.cornell.edu/alfalfa/ugrad/findcluster.htm	LIVE	N/A		
http://www.sdss.org/dr6/algorithms/sdssUBVRITransform.html	LIVE	N/A		
http://egg.astro.cornell.edu/alfalfa/ugrad/d22p1_1356.html	LIVE	N/A		
http://egg.astro.cornell.edu/alfalfa/ugrad/stellarmass.htm	LIVE	N/A		
http://skyserver.sdss3.org/dr9/en/tools/chart/navi.asp?ra=	LIVE	N/A		
http://alfalfasurvey.wordpress.com/2009/01/13/what-is-alfa	LIVE	N/A		
http://www.wwu.edu/planetarium/a101/a101_coordinates.shtml	LIVE	N/A		
http://egg.astro.cornell.edu/alfalfa/ugradteam/ugradj08.php	LIVE	N/A		
https://ps1images.stsci.edu/cgi-bin/ps1cutouts?pos=150.6129	LIVE	N/A		
http://articles.adsabs.harvard.edu/full/1985AJ.....90.1681B	LIVE	N/A		
https://ps1images.stsci.edu/cgi-bin/ps1cutouts?pos=150.0429	LIVE	N/A		
https://ps1images.stsci.edu/cgi-bin/ps1cutouts?pos=150.1250	LIVE	N/A		
https://ps1images.stsci.edu/cgi-bin/ps1cutouts?pos=150.0237	LIVE	N/A		
https://ps1images.stsci.edu/cgi-bin/ps1cutouts?pos=150.4742	LIVE	N/A		
http://egg.astro.cornell.edu/alfalfa/ugrad/alfalfadata.html	LIVE	N/A		
http://egg.astro.cornell.edu/alfalfa/ugrad/virgo_links1.htm	LIVE	N/A		
http://www.star.bristol.ac.uk/~mbt/topcat/sun253/index.html	LIVE	N/A		
http://egg.astro.cornell.edu/alfalfa/ugrad/usingalfalfa.php	LIVE	N/A		
https://www.e-education.psu.edu/astro801/content/l9_p6.html	LIVE	N/A		
http://alfalfasurvey.wordpress.com/2009/01/21/observing-log	LIVE	N/A		
http://egg.astro.cornell.edu/alfalfa/pract/pract_levelI.htm	LIVE	N/A		
https://ps1images.stsci.edu/cgi-bin/ps1cutouts?pos=149.6950	LIVE	N/A		
http://egg.astro.cornell.edu/alfalfa/ugrad/fall10/index.php	LIVE	N/A		
http://skyserver.sdss.org/dr12/en/tools/chart/listinfo.aspx	LIVE	N/A		
http://en.wikipedia.org/wiki/Galaxy_color-magnitude_diagram	LIVE	N/A		
http://egg.astro.cornell.edu/alfalfa/ugrad/galaxysurveys.php	LIVE	N/A		
http://egg.astro.cornell.edu/alfalfa/ugrad/observingmode.htm	LIVE	N/A		
http://egg.astro.cornell.edu/alfalfa/ugradteam/photosj08.php	LIVE	N/A		
http://chandra.harvard.edu/xray_sources/galaxy_clusters.html	LIVE	N/A		
http://egg.astro.cornell.edu/alfalfa/ugrad/introskylinks.htm	LIVE	N/A		
http://egg.astro.cornell.edu/alfalfa/ugrad/intro2idlalfa.php	LIVE	N/A		
http://egg.astro.cornell.edu/alfalfa/ugradteam/uatgroups.php	LIVE	N/A		
https://public.nrao.edu/radio-astronomy/what-are-radio-waves	LIVE	N/A		
http://egg.astro.cornell.edu/alfalfa/ugradteam/ugradprep.php	LIVE	N/A		
http://alfalfasurvey.wordpress.com/2009/01/11/the-21-cm-line	LIVE	N/A		
http://egg.astro.cornell.edu/alfalfa/ugrad/images/m31_hi.jpg	LIVE	N/A		
http://egg.astro.cornell.edu/alfalfa/ugradteam/ugradteam.php	LIVE	N/A		
http://alfalfasurvey.wordpress.com/2009/02/05/survey-coverage	LIVE	N/A		
http://alfalfasurvey.wordpress.com/2009/03/26/a-galaxy-primer	LIVE	N/A		
http://egg.astro.cornell.edu/alfalfa/ugrad/images/m31_opt.jpg	LIVE	N/A		
http://nedwww.ipac.caltech.edu/level5/Glossary/Essay_bpt.html	LIVE	N/A		
http://egg.astro.cornell.edu/alfalfa/ugrad/gettingstarted.php	LIVE	N/A		
http://javadl.sun.com/webapps/download/AutoDL?BundleId=107098	LIVE	N/A		
http://javadl.sun.com/webapps/download/AutoDL?BundleId=106241	LIVE	N/A		
http://egg.astro.cornell.edu/alfalfa/ugradteam/photos_600.php	LIVE	N/A		
http://egg.astro.cornell.edu/alfalfa/ugrad/ALFAforalfalfa.php	LIVE	N/A		
https://scixplorer.org/public-libraries/3ZQifdHSRYeOYc6cm7btRQ	LIVE	N/A		
http://egg.astro.cornell.edu/alfalfa/ugradteam/uat17teams3.php	LIVE	N/A		
http://egg.astro.cornell.edu/alfalfa/ugradteam/uat18teams1.php	LIVE	N/A		
http://egg.astro.cornell.edu/alfalfa/ugradteam/uat15teams2.php	LIVE	N/A		
http://egg.astro.cornell.edu/alfalfa/ugradteam/uat19teams1.php	LIVE	N/A		
https://scixplorer.org/public-libraries/tOzcZDu_TBmZI9nS74KM_Q	LIVE	N/A		
http://egg.astro.cornell.edu/alfalfa/ugradteam/uat19teams2.php	LIVE	N/A		
http://ned.ipac.caltech.edu/level5/Grebel/Figures/figure1.jpeg	LIVE	N/A		
http://egg.astro.cornell.edu/alfalfa/ugradteam/uat13teams3.php	LIVE	N/A		
http://astrobites.org/wp-content/uploads/2013/11/K98_fig61.png	LIVE	N/A		
http://egg.astro.cornell.edu/alfalfa/ugrad/images/twopass2.jpg	LIVE	N/A		
http://skyserver.sdss3.org/public/en/tools/chart/navi.aspx?ra=	LIVE	N/A		
http://egg.astro.cornell.edu/alfalfa/ugradteam/uat16teams3.php	LIVE	N/A		
http://egg.astro.cornell.edu/alfalfa/ugradteam/uat14teams3.php	LIVE	N/A		
http://egg.astro.cornell.edu/alfalfa/ugradteam/uat16teams2.php	LIVE	N/A		
http://egg.astro.cornell.edu/alfalfa/ugradteam/uat17teams1.php	LIVE	N/A		
http://egg.astro.cornell.edu/alfalfa/ugradteam/uat16teams1.php	LIVE	N/A		
http://egg.astro.cornell.edu/alfalfa/ugradteam/uat13teams2.php	LIVE	N/A		
http://egg.astro.cornell.edu/alfalfa/ugradteam/uat18teams2.php	LIVE	N/A		
http://egg.astro.cornell.edu/alfalfa/ugradteam/uat19teams3.php	LIVE	N/A		
http://egg.astro.cornell.edu/alfalfa/ugradteam/uat14teams2.php	LIVE	N/A		
http://egg.astro.cornell.edu/alfalfa/ugradteam/uat12teams3.php	LIVE	N/A		
http://egg.astro.cornell.edu/alfalfa/ugradteam/ualfaattend.php	LIVE	N/A		
http://egg.astro.cornell.edu/alfalfa/ugradteam/uat15teams3.php	LIVE	N/A		
http://egg.astro.cornell.edu/alfalfa/ugradteam/uat18teams3.php	LIVE	N/A		
http://egg.astro.cornell.edu/alfalfa/ugradteam/uat17teams2.php	LIVE	N/A		
http://egg.astro.cornell.edu/alfalfa/ugrad/images/hiprofile.jpg	LIVE	N/A		
https://public.nrao.edu/telescopes/radio-frequency-interference	LIVE	N/A		
http://egg.astro.cornell.edu/alfalfa/ugradteam/uat11teams01.php	LIVE	N/A		
http://egg.astro.cornell.edu/alfalfa/ugradteam/ugradprepj19.php	LIVE	N/A		
https://public.nrao.edu/radio-astronomy/what-is-radio-astronomy	LIVE	N/A		
http://www.nsf.gov/pubs/policydocs/pappguide/nsf13001/gpg_2.jsp	LIVE	N/A		
http://egg.astro.cornell.edu/alfalfa/ugradteam/uat12teams01.php	LIVE	N/A		
http://egg.astro.cornell.edu/alfalfa/ugradteam/uat15teams01.php	LIVE	N/A		
http://egg.astro.cornell.edu/alfalfa/ugrad/images/morph_ell.jpg	LIVE	N/A		
http://egg.astro.cornell.edu/alfalfa/ugradteam/uat10teams23.php	LIVE	N/A		
http://egg.astro.cornell.edu/alfalfa/ugradteam/uat10teams12.php	LIVE	N/A		
http://egg.astro.cornell.edu/alfalfa/ugrad/images/local_sky.jpg	LIVE	N/A		
http://egg.astro.cornell.edu/alfalfa/ugradteam/uat12teams23.php	LIVE	N/A		
http://egg.astro.cornell.edu/alfalfa/ugradteam/uat11teams23.php	LIVE	N/A		
http://www.nsf.gov/pubs/policydocs/pappguide/nsf16001/gpg_2.jsp	LIVE	N/A		
http://egg.astro.cornell.edu/alfalfa/ugradteam/dark_mhdec11.php	LIVE	N/A		
http://iopscience.iop.org/0004-637X/600/2/681/fulltext/fg9.h.jpg	LIVE	N/A		
http://egg.astro.cornell.edu/alfalfa/ugradteam/travelinfoj18.php	LIVE	N/A		
http://egg.astro.cornell.edu/alfalfa/pubs/aasjan06/mphposter.pdf	LIVE	N/A		
http://www.news.cornell.edu/stories/March06/Arecibo.ALFA.lg.html	LIVE	N/A		
http://egg.astro.cornell.edu/alfalfa/ugradteam/travelinfoj17.php	LIVE	N/A		
http://egg.astro.cornell.edu/alfalfa/ugrad/images/aomoonbeam.gif	LIVE	N/A		
http://egg.astro.cornell.edu/alfalfa/ugrad/images/eqn_himass.jpg	LIVE	N/A		
http://egg.astro.cornell.edu/alfalfa/ugrad/scilinks/scilinks.php	LIVE	N/A		
http://egg.astro.cornell.edu/alfalfa/ugradteam/travelinfoj19.php	LIVE	N/A		
http://egg.astro.cornell.edu/alfalfa/ugradteam/travelinfoj16.php	LIVE	N/A		
http://egg.astro.cornell.edu/alfalfa/ugrad/images/germanbeam.jpg	LIVE	N/A		
http://egg.astro.cornell.edu/alfalfa/ugradteam/uat15_shuttle.html	LIVE	N/A		
https://sites.google.com/a/union.edu/uat/programs/uat-topcat-docs	LIVE	N/A		
http://egg.astro.cornell.edu/alfalfa/pubs/aasjan06/johnposter.pdf	LIVE	N/A		
http://egg.astro.cornell.edu/alfalfa/ugradteam/uat13_shuttle.html	LIVE	N/A		
http://egg.astro.cornell.edu/alfalfa/ugrad/images/eqn_dynmass.jpg	LIVE	N/A		
http://egg.astro.cornell.edu/alfalfa/ugrad/images/beamsketch2.jpg	LIVE	N/A		
http://alfalfasurvey.wordpress.com/2009/03/18/data-diary-flagging	LIVE	N/A		
http://egg.astro.cornell.edu/alfalfa/ugradteam/travelinfo_obs.php	LIVE	N/A		
http://egg.astro.cornell.edu/alfalfa/ugrad/images/beamsketch4.jpg	LIVE	N/A		
http://egg.astro.cornell.edu/alfalfa/ugradteam/uat12_shuttle.html	LIVE	N/A		
http://egg.astro.cornell.edu/alfalfa/ugradteam/uat14_shuttle.html	LIVE	N/A		
http://egg.astro.cornell.edu/alfalfa/ugradteam/uat11_shuttle.html	LIVE	N/A		
http://egg.astro.cornell.edu/alfalfa/ugrad/images/centroiding.gif	LIVE	N/A		
http://egg.astro.cornell.edu/alfalfa/ugradteam/uat10_shuttle.html	LIVE	N/A		
http://egg.astro.cornell.edu/alfalfa/ugradteam/hunt19/hunt0_19.htm	LIVE	N/A		
https://astronomy.swin.edu.au/cosmos/M/Morphology+Density+Relation	LIVE	N/A		
http://egg.astro.cornell.edu/alfalfa/ugradteam/hunt13/hunt2_13.htm	LIVE	N/A		
http://egg.astro.cornell.edu/alfalfa/pubs/aasjan06/aas2006koop.pdf	LIVE	N/A		
http://egg.astro.cornell.edu/alfalfa/ugradteam/hunt15/hunt0_15.htm	LIVE	N/A		
http://egg.astro.cornell.edu/alfalfa/ugrad/images/morph_spiral.jpg	LIVE	N/A		
http://egg.astro.cornell.edu/alfalfa/ugradteam/hunt16/hunt0_16.htm	LIVE	N/A		
http://egg.astro.cornell.edu/alfalfa/ugrad/findactivegalsA1238.htm	LIVE	N/A		
http://egg.astro.cornell.edu/alfalfa/ugradteam/uat19_HIscience.pdf	LIVE	N/A		
http://egg.astro.cornell.edu/alfalfa/ugrad/images/beamrotnorth.jpg	LIVE	N/A		
http://egg.astro.cornell.edu/alfalfa/ugradteam/hunt16/hunt1_16.htm	LIVE	N/A		
http://egg.astro.cornell.edu/alfalfa/ugradteam/hunt17/hunt1_17.htm	LIVE	N/A		
http://egg.astro.cornell.edu/alfalfa/ugrad/spr11/project_files.htm	LIVE	N/A		
http://egg.astro.cornell.edu/alfalfa/pubs/aasjan06/bkentposter.pdf	LIVE	N/A		
http://egg.astro.cornell.edu/alfalfa/ugradteam/hunt20/hunt0_20.htm	LIVE	N/A		
http://egg.astro.cornell.edu/alfalfa/ugrad/images/beamrotsouth.jpg	LIVE	N/A		
http://egg.astro.cornell.edu/alfalfa/ugradteam/hunt17/hunt0_17.htm	LIVE	N/A		
https://alfalfasurvey.wordpress.com/2014/04/13/remote-lbw-observing	LIVE	N/A		
http://egg.astro.cornell.edu/alfalfa/ugradteam/uat19_appssintro.pdf	LIVE	N/A		
http://egg.astro.cornell.edu/alfalfa/ugrad/images/germanbeamrot.jpg	LIVE	N/A		
http://egg.astro.cornell.edu/alfalfa/ugradteam/uatgroupsproject.php	LIVE	N/A		
http://egg.astro.cornell.edu/alfalfa/ugrad/images/moonfull_orig.gif	LIVE	N/A		
http://egg.astro.cornell.edu/alfalfa/pubs/aasjan06/rg_aas_jan06.pdf	LIVE	N/A		
http://egg.astro.cornell.edu/alfalfa/ugradteam/NSF_grant_GSUMAG.pdf	LIVE	N/A		
http://alfalfasurvey.wordpress.com/2009/01/19/what-time-is-it-anyway	LIVE	N/A		
http://greenbankobservatory.org/wp-content/uploads/2017/07/GBTpg.pdf	LIVE	N/A		
http://egg.astro.cornell.edu/alfalfa/data/a40files/a40.datafile1.txt	LIVE	N/A		
http://egg.astro.cornell.edu/alfalfa/ugrad/REUworkshops/ccat15_1.htm	LIVE	N/A		
http://egg.astro.cornell.edu/alfalfa/ugrad/REUworkshops/ccat14_1.htm	LIVE	N/A		
http://irsa.ipac.caltech.edu/data/SPITZER/GOALS/galaxies/Arp220.html	LIVE	N/A		
http://cas.sdss.org/dr15/en/proj/advanced/galaxies/galaxieshome.aspx	LIVE	N/A		
http://alfalfasurvey.wordpress.com/2009/03/07/data-diary-more-on-bpd	LIVE	N/A		
https://theskylive.com/planetarium?obj=sun&date=2019-06-20&h=15&m=23	LIVE	N/A		
http://egg.astro.cornell.edu/alfalfa/ugrad/REUworkshops/ccat16_1.htm	LIVE	N/A		
http://egg.astro.cornell.edu/alfalfa/pubs/aasjan06/sabrinaposter.pdf	LIVE	N/A		
http://egg.astro.cornell.edu/alfalfa/ugradteam/lbw/lbw_reduction.htm	LIVE	N/A		
http://greenbankobservatory.org/wp-content/uploads/2017/06/GBTog.pdf	LIVE	N/A		
https://theskylive.com/planetarium?obj=sun&date=2018-06-20&h=15&m=23	LIVE	N/A		
http://egg.astro.cornell.edu/alfalfa/ugrad/NotesOnALFALFAcatalog.html	LIVE	N/A		
http://egg.astro.cornell.edu/alfalfa/ugrad/spr11/proj_a4940.notes.htm	LIVE	N/A		
http://www.news.cornell.edu/releases/Feb05/Arecibo.skysurvey.deb.html	LIVE	N/A		
http://alfalfasurvey.wordpress.com/2011/11/28/an-alfalfa-thanksgiving	LIVE	N/A		
http://egg.astro.cornell.edu/alfalfa/ugrad/images/moonfull_blur15.gif	LIVE	N/A		
http://egg.astro.cornell.edu/alfalfa/images/alfalfa_sdss_coverage.jpg	LIVE	N/A		
http://alfalfasurvey.wordpress.com/2011/01/19/a-first-visit-to-arecibo	LIVE	N/A		
http://egg.astro.cornell.edu/alfalfa/ugradteam/python/teachpython.html	LIVE	N/A		
http://skyserver.sdss3.org/dr9/en/tools/chart/navi.asp?ra=168.2896&dec=	LIVE	N/A		
http://skyserver.sdss3.org/dr9/en/tools/chart/navi.asp?ra=337.3046&dec=	LIVE	N/A		
http://skyserver.sdss3.org/dr9/en/tools/chart/navi.asp?ra=155.7217&dec=	LIVE	N/A		
http://skyserver.sdss3.org/dr9/en/tools/chart/navi.asp?ra=132.8004&dec=	LIVE	N/A		
http://skyserver.sdss3.org/dr9/en/tools/chart/navi.asp?ra=155.8171&dec=	LIVE	N/A		
http://skyserver.sdss3.org/dr9/en/tools/chart/navi.asp?ra=346.1175&dec=	LIVE	N/A		
http://skyserver.sdss3.org/dr9/en/tools/chart/navi.asp?ra=155.6092&dec=	LIVE	N/A		
http://skyserver.sdss3.org/dr8/en/tools/chart/navi.asp?ra=187.7058&dec=	LIVE	N/A		
http://skyserver.sdss3.org/dr9/en/tools/chart/navi.asp?ra=186.0108&dec=	LIVE	N/A		
http://skyserver.sdss3.org/dr9/en/tools/chart/navi.asp?ra=137.2237&dec=	LIVE	N/A		
http://egg.astro.cornell.edu/alfalfa/ugradteam/uatj13propexercises2.php	LIVE	N/A		
http://skyserver.sdss3.org/dr9/en/tools/chart/navi.asp?ra=191.5592&dec=	LIVE	N/A		
http://skyserver.sdss3.org/dr8/en/tools/chart/navi.asp?ra=194.7588&dec=	LIVE	N/A		
http://skyserver.sdss3.org/dr9/en/tools/chart/navi.asp?ra=335.7146&dec=	LIVE	N/A		
http://skyserver.sdss3.org/dr9/en/tools/chart/navi.asp?ra=202.3683&dec=	LIVE	N/A		
http://skyserver.sdss3.org/dr9/en/tools/chart/navi.asp?ra=194.3438&dec=	LIVE	N/A		
http://egg.astro.cornell.edu/alfalfa/ugradteam/photosnov10/DSC_0123.jpg	LIVE	N/A		
http://skyserver.sdss3.org/dr9/en/tools/chart/navi.asp?ra=141.2392&dec=	LIVE	N/A		
http://skyserver.sdss3.org/dr8/en/tools/chart/navi.asp?ra=195.4900&dec=	LIVE	N/A		
http://skyserver.sdss3.org/dr9/en/tools/chart/navi.asp?ra=210.5471&dec=	LIVE	N/A		
http://skyserver.sdss3.org/dr9/en/tools/chart/navi.asp?ra=220.1650&dec=	LIVE	N/A		
http://skyserver.sdss3.org/dr9/en/tools/chart/navi.asp?ra=338.2608&dec=	LIVE	N/A		
http://skyserver.sdss3.org/dr9/en/tools/chart/navi.asp?ra=357.4683&dec=	LIVE	N/A		
http://skyserver.sdss3.org/dr9/en/tools/chart/navi.asp?ra=145.3196&dec=	LIVE	N/A		
http://skyserver.sdss3.org/dr9/en/tools/chart/navi.asp?ra=163.6654&dec=	LIVE	N/A		
http://skyserver.sdss3.org/dr9/en/tools/chart/navi.asp?ra=155.8775&dec=	LIVE	N/A		
http://skyserver.sdss3.org/dr9/en/tools/chart/navi.asp?ra=210.5917&dec=	LIVE	N/A		
http://skyserver.sdss3.org/dr9/en/tools/chart/navi.asp?ra=170.0704&dec=	LIVE	N/A		
http://skyserver.sdss3.org/dr9/en/tools/chart/navi.asp?ra=217.2225&dec=	LIVE	N/A		
http://skyserver.sdss3.org/dr9/en/tools/chart/navi.asp?ra=139.9500&dec=	LIVE	N/A		
http://skyserver.sdss3.org/dr8/en/tools/chart/navi.asp?ra=194.8725&dec=	LIVE	N/A		
http://skyserver.sdss3.org/dr9/en/tools/chart/navi.asp?ra=143.7225&dec=	LIVE	N/A		
http://skyserver.sdss3.org/dr9/en/tools/chart/navi.asp?ra=155.8700&dec=	LIVE	N/A		
http://skyserver.sdss3.org/dr9/en/tools/chart/navi.asp?ra=339.4283&dec=	LIVE	N/A		
http://skyserver.sdss3.org/dr9/en/tools/chart/navi.asp?ra=191.6379&dec=	LIVE	N/A		
http://skyserver.sdss3.org/dr9/en/tools/chart/navi.asp?ra=202.3783&dec=	LIVE	N/A		
http://skyserver.sdss3.org/dr9/en/tools/chart/navi.asp?ra=338.1475&dec=	LIVE	N/A		
http://skyserver.sdss3.org/dr9/en/tools/chart/navi.asp?ra=181.4508&dec=	LIVE	N/A		
http://skyserver.sdss3.org/dr9/en/tools/chart/navi.asp?ra=187.9746&dec=	LIVE	N/A		
http://egg.astro.cornell.edu/alfalfa/ugradteam/photos08/uatj08group.jpg	LIVE	N/A		
http://skyserver.sdss3.org/dr9/en/tools/chart/navi.asp?ra=133.8883&dec=	LIVE	N/A		
http://skyserver.sdss3.org/dr9/en/tools/chart/navi.asp?ra=211.4875&dec=	LIVE	N/A		
http://skyserver.sdss3.org/dr9/en/tools/chart/navi.asp?ra=211.2558&dec=	LIVE	N/A		
http://skyserver.sdss3.org/dr8/en/tools/chart/navi.asp?ra=194.7663&dec=	LIVE	N/A		
http://skyserver.sdss3.org/dr9/en/tools/chart/navi.asp?ra=355.7487&dec=	LIVE	N/A		
http://skyserver.sdss3.org/dr9/en/tools/chart/navi.asp?ra=179.6271&dec=	LIVE	N/A		
http://skyserver.sdss3.org/dr9/en/tools/chart/navi.asp?ra=202.3979&dec=	LIVE	N/A		
http://skyserver.sdss3.org/dr9/en/tools/chart/navi.asp?ra=332.0688&dec=	LIVE	N/A		
http://skyserver.sdss3.org/dr9/en/tools/chart/navi.asp?ra=226.6221&dec=	LIVE	N/A		
http://skyserver.sdss3.org/dr9/en/tools/chart/navi.asp?ra=141.3008&dec=	LIVE	N/A		
http://skyserver.sdss3.org/dr9/en/tools/chart/navi.asp?ra=226.6725&dec=	LIVE	N/A		
http://skyserver.sdss3.org/dr8/en/tools/chart/navi.asp?ra=194.4904&dec=	LIVE	N/A		
http://skyserver.sdss3.org/dr9/en/tools/chart/navi.asp?ra=155.6342&dec=	LIVE	N/A		
http://skyserver.sdss3.org/dr9/en/tools/chart/navi.asp?ra=181.4487&dec=	LIVE	N/A		
http://skyserver.sdss3.org/dr9/en/tools/chart/navi.asp?ra=146.4842&dec=	LIVE	N/A		
http://skyserver.sdss3.org/dr9/en/tools/chart/navi.asp?ra=175.5392&dec=	LIVE	N/A		
http://skyserver.sdss3.org/dr9/en/tools/chart/navi.asp?ra=354.8133&dec=	LIVE	N/A		
http://skyserver.sdss3.org/dr9/en/tools/chart/navi.asp?ra=333.2763&dec=	LIVE	N/A		
http://skyserver.sdss3.org/dr9/en/tools/chart/navi.asp?ra=209.0304&dec=	LIVE	N/A		
http://skyserver.sdss3.org/dr9/en/tools/chart/navi.asp?ra=355.6504&dec=	LIVE	N/A		
http://skyserver.sdss3.org/dr9/en/tools/chart/navi.asp?ra=359.9558&dec=	LIVE	N/A		
http://skyserver.sdss3.org/dr9/en/tools/chart/navi.asp?ra=199.1008&dec=	LIVE	N/A		
http://skyserver.sdss3.org/dr8/en/tools/chart/navi.asp?ra=233.7379&dec=	LIVE	N/A		
http://skyserver.sdss3.org/dr9/en/tools/chart/navi.asp?ra=326.9062&dec=	LIVE	N/A		
http://skyserver.sdss3.org/dr9/en/tools/chart/navi.asp?ra=339.3958&dec=	LIVE	N/A		
http://egg.astro.cornell.edu/alfalfa/ugradteam/photosnov10/DSC_0152.jpg	LIVE	N/A		
http://skyserver.sdss3.org/dr9/en/tools/chart/navi.asp?ra=132.2992&dec=	LIVE	N/A		
http://egg.astro.cornell.edu/alfalfa/ugradteam/photosnov10/DSC_0134.jpg	LIVE	N/A		
http://skyserver.sdss3.org/dr9/en/tools/chart/navi.asp?ra=176.9658&dec=	LIVE	N/A		
http://egg.astro.cornell.edu/alfalfa/pubs/aasjan06/ALFALFA_as_small.pdf	LIVE	N/A		
http://sites.google.com/site/alfalfaugradgroups/the-sample/mkw-11?pli=1	LIVE	N/A		
http://skyserver.sdss3.org/dr9/en/tools/chart/navi.asp?ra=186.7383&dec=	LIVE	N/A		
http://skyserver.sdss3.org/dr9/en/tools/chart/navi.asp?ra=124.5071&dec=	LIVE	N/A		
http://skyserver.sdss3.org/dr9/en/tools/chart/navi.asp?ra=323.7650&dec=	LIVE	N/A		
http://egg.astro.cornell.edu/alfalfa/ugradteam/photos08/uatj08group.gif	LIVE	N/A		
http://skyserver.sdss3.org/dr9/en/tools/chart/navi.asp?ra=155.4371&dec=	LIVE	N/A		
http://skyserver.sdss3.org/dr9/en/tools/chart/navi.asp?ra=339.7425&dec=	LIVE	N/A		
http://egg.astro.cornell.edu/alfalfa/ugradteam/uat19_radio_basics_I.pdf	LIVE	N/A		
http://skyserver.sdss3.org/dr9/en/tools/chart/navi.asp?ra=155.8679&dec=	LIVE	N/A		
http://skyserver.sdss3.org/dr9/en/tools/chart/navi.asp?ra=124.2558&dec=	LIVE	N/A		
http://skyserver.sdss3.org/dr8/en/tools/chart/navi.asp?ra=195.0256&dec=	LIVE	N/A		
http://skyserver.sdss3.org/dr9/en/tools/chart/navi.asp?ra=189.0875&dec=	LIVE	N/A		
http://skyserver.sdss3.org/dr9/en/tools/chart/navi.asp?ra=202.3575&dec=	LIVE	N/A		
http://skyserver.sdss3.org/dr9/en/tools/chart/navi.asp?ra=202.3800&dec=	LIVE	N/A		
http://skyserver.sdss3.org/dr9/en/tools/chart/navi.asp?ra=177.1150&dec=	LIVE	N/A		
http://egg.astro.cornell.edu/alfalfa/ugrad/images/archive7849_spect.gif	LIVE	N/A		
http://skyserver.sdss3.org/dr9/en/tools/chart/navi.asp?ra=147.9092&dec=	LIVE	N/A		
http://skyserver.sdss3.org/dr9/en/tools/chart/navi.asp?ra=327.6679&dec=	LIVE	N/A		
http://skyserver.sdss3.org/dr8/en/tools/chart/navi.asp?ra=195.1575&dec=	LIVE	N/A		
http://skyserver.sdss3.org/dr9/en/tools/chart/navi.asp?ra=355.4720&dec=	LIVE	N/A		
http://skyserver.sdss3.org/dr9/en/tools/chart/navi.asp?ra=339.3888&dec=	LIVE	N/A		
http://skyserver.sdss3.org/dr9/en/tools/chart/navi.asp?ra=352.6783&dec=	LIVE	N/A		
http://skyserver.sdss3.org/dr9/en/tools/chart/navi.asp?ra=187.8454&dec=	LIVE	N/A		
http://skyserver.sdss3.org/dr9/en/tools/chart/navi.asp?ra=217.0079&dec=	LIVE	N/A		
http://skyserver.sdss3.org/dr9/en/tools/chart/navi.asp?ra=202.3725&dec=	LIVE	N/A		
http://skyserver.sdss3.org/dr9/en/tools/chart/navi.asp?ra=169.8100&dec=	LIVE	N/A		
http://skyserver.sdss3.org/dr9/en/tools/chart/navi.asp?ra=202.3396&dec=	LIVE	N/A		
http://egg.astro.cornell.edu/alfalfa/ugradteam/darkgals/darkgal2_12.php	LIVE	N/A		
http://skyserver.sdss.org/dr16/en/tools/chart/navi.aspx?ra=149.6950&dec=	LIVE	N/A		
http://skyserver.sdss.org/dr16/en/tools/chart/navi.aspx?ra=150.1250&dec=	LIVE	N/A		
http://skyserver.sdss.org/dr12/en/tools/chart/navi.aspx?ra=195.0256&dec=	LIVE	N/A		
http://skyserver.sdss.org/dr12/en/tools/chart/navi.aspx?ra=194.8725&dec=	LIVE	N/A		
http://skyserver.sdss.org/dr12/en/tools/chart/navi.aspx?ra=195.4900&dec=	LIVE	N/A		
http://egg.astro.cornell.edu/alfalfa/ugradteam/photos13/tb_tshirtj14.jpg	LIVE	N/A		
http://alfalfasurvey.wordpress.com/2012/03/28/a-childhood-wish-come-true	LIVE	N/A		
http://skyserver.sdss.org/dr16/en/tools/chart/navi.aspx?ra=150.6129&dec=	LIVE	N/A		
https://sites.google.com/a/union.edu/uat/june-2015-telecon/siena-college	LIVE	N/A		
http://skyserver.sdss.org/dr12/en/tools/chart/navi.aspx?ra=194.7588&dec=	LIVE	N/A		
http://skyserver.sdss.org/dr16/en/tools/chart/navi.aspx?ra=150.0429&dec=	LIVE	N/A		
http://skyserver.sdss.org/dr12/en/tools/chart/navi.aspx?ra=187.7058&dec=	LIVE	N/A		
http://skyserver.sdss.org/dr12/en/tools/chart/navi.aspx?ra=194.4904&dec=	LIVE	N/A		
http://egg.astro.cornell.edu/alfalfa/ugradteam/photos10/tb_shirtback.jpg	LIVE	N/A		
https://sites.google.com/site/alfalfaugradgroups/remote-observing-on-mac	LIVE	N/A		
http://skyserver.sdss.org/dr16/en/tools/chart/navi.aspx?ra=150.4742&dec=	LIVE	N/A		
http://egg.astro.cornell.edu/alfalfa/ugradteam/uat19_radio_basics_II.pdf	LIVE	N/A		
http://skyserver.sdss.org/dr16/en/tools/chart/navi.aspx?ra=150.0237&dec=	LIVE	N/A		
http://skyserver.sdss.org/dr12/en/tools/chart/navi.aspx?ra=195.1575&dec=	LIVE	N/A		
http://skyserver.sdss.org/dr12/en/tools/chart/navi.aspx?ra=194.7663&dec=	LIVE	N/A		
http://alfalfasurvey.wordpress.com/2010/10/05/summer-observing-at-arecibo	LIVE	N/A		
http://egg.astro.cornell.edu/alfalfa/ugradteam/hunt13/files/OHM_jan15.jpg	LIVE	N/A		
http://skyserver.sdss3.org/dr9/en/get/specById.asp?id=1912963093290313728	LIVE	N/A		
http://alfalfasurvey.wordpress.com/2013/04/12/observing-with-the-big-dish	LIVE	N/A		
http://egg.astro.cornell.edu/alfalfa/ugradteam/photos10/tb_shirtfront.jpg	LIVE	N/A		
http://egg.astro.cornell.edu/alfalfa/ugradteam/uat19_Ball_HI_Emission.pdf	LIVE	N/A		
http://egg.astro.cornell.edu/alfalfa/ugradteam/photos11/j11_tshirt2_tb.jpg	LIVE	N/A		
http://www.astrobetter.com/wiki/tiki-index.php?page=Python+Switchers+Guide	LIVE	N/A		
http://skyserver.sdss3.org/public/en/tools/chart/navi.aspx?ra=132.8004&dec=	LIVE	N/A		
http://skyserver.sdss3.org/public/en/tools/chart/navi.aspx?ra=352.6783&dec=	LIVE	N/A		
http://alfalfasurvey.wordpress.com/2009/01/17/the-21-cm-line-why-do-we-care	LIVE	N/A		
http://skyserver.sdss3.org/public/en/tools/chart/navi.aspx?ra=327.6679&dec=	LIVE	N/A		
http://skyserver.sdss3.org/public/en/tools/chart/navi.aspx?ra=339.4283&dec=	LIVE	N/A		
http://skyserver.sdss3.org/public/en/tools/chart/navi.aspx?ra=332.0688&dec=	LIVE	N/A		
http://skyserver.sdss3.org/public/en/tools/chart/navi.aspx?ra=355.4720&dec=	LIVE	N/A		
http://skyserver.sdss3.org/public/en/tools/chart/navi.aspx?ra=146.4842&dec=	LIVE	N/A		
http://skyserver.sdss3.org/public/en/tools/chart/navi.aspx?ra=326.9062&dec=	LIVE	N/A		
http://skyserver.sdss3.org/public/en/tools/chart/navi.aspx?ra=133.8883&dec=	LIVE	N/A		
http://skyserver.sdss3.org/public/en/tools/chart/navi.aspx?ra=338.2608&dec=	LIVE	N/A		
http://egg.astro.cornell.edu/alfalfa/ugradteam/uat19_careers+gradschool.pdf	LIVE	N/A		
http://skyserver.sdss3.org/public/en/tools/chart/navi.aspx?ra=354.8133&dec=	LIVE	N/A		
http://skyserver.sdss3.org/public/en/tools/chart/navi.aspx?ra=187.8454&dec=	LIVE	N/A		
http://skyserver.sdss3.org/public/en/tools/chart/navi.aspx?ra=355.7487&dec=	LIVE	N/A		
http://skyserver.sdss3.org/public/en/tools/chart/navi.aspx?ra=339.3888&dec=	LIVE	N/A		
http://skyserver.sdss3.org/public/en/tools/chart/navi.aspx?ra=187.9746&dec=	LIVE	N/A		
https://sites.google.com/a/union.edu/uat/june-2015-telecon/skidmore-college	LIVE	N/A		
http://alfalfasurvey.wordpress.com/2011/03/09/and-the-observations-continue	LIVE	N/A		
http://skyserver.sdss3.org/public/en/tools/chart/navi.aspx?ra=346.1175&dec=	LIVE	N/A		
http://skyserver.sdss3.org/public/en/tools/chart/navi.aspx?ra=323.7650&dec=	LIVE	N/A		
http://skyserver.sdss3.org/public/en/tools/chart/navi.aspx?ra=155.4371&dec=	LIVE	N/A		
http://skyserver.sdss3.org/public/en/tools/chart/navi.aspx?ra=191.6379&dec=	LIVE	N/A		
http://skyserver.sdss3.org/public/en/tools/chart/navi.aspx?ra=333.2763&dec=	LIVE	N/A		
http://skyserver.sdss3.org/public/en/tools/chart/navi.aspx?ra=359.9558&dec=	LIVE	N/A		
http://skyserver.sdss3.org/public/en/tools/chart/navi.aspx?ra=147.9092&dec=	LIVE	N/A		
http://skyserver.sdss3.org/public/en/tools/chart/navi.aspx?ra=339.7425&dec=	LIVE	N/A		
http://skyserver.sdss3.org/public/en/tools/chart/navi.aspx?ra=209.0304&dec=	LIVE	N/A		
http://skyserver.sdss3.org/public/en/tools/chart/navi.aspx?ra=338.1475&dec=	LIVE	N/A		
http://skyserver.sdss3.org/public/en/tools/chart/navi.aspx?ra=181.4487&dec=	LIVE	N/A		
http://skyserver.sdss3.org/public/en/tools/chart/navi.aspx?ra=186.7383&dec=	LIVE	N/A		
http://skyserver.sdss3.org/public/en/tools/chart/navi.aspx?ra=355.6504&dec=	LIVE	N/A		
http://skyserver.sdss3.org/public/en/tools/chart/navi.aspx?ra=337.3046&dec=	LIVE	N/A		
http://www.examiner.com/a-1153471~George_Mason_junior_discovers_galaxy.html	LIVE	N/A		
http://skyserver.sdss3.org/public/en/tools/chart/navi.aspx?ra=339.3958&dec=	LIVE	N/A		
http://skyserver.sdss3.org/public/en/tools/chart/navi.aspx?ra=357.4683&dec=	LIVE	N/A		
http://skyserver.sdss3.org/public/en/tools/chart/navi.aspx?ra=335.7146&dec=	LIVE	N/A		
http://egg.astro.cornell.edu/alfalfa/ugradteam/uat16talks/gordonUATgreen.pdf	LIVE	N/A		
http://egg.astro.cornell.edu/alfalfa/ugradteam/uat19_PowerPoint_Pointers.pdf	LIVE	N/A		
https://sites.google.com/a/union.edu/uat/june-2015-telecon/lafayette-college	LIVE	N/A		
http://egg.astro.cornell.edu/alfalfa/pubs/aasjan06/aas06_yellow_spekkens.pdf	LIVE	N/A		
http://egg.astro.cornell.edu/alfalfa/ugradteam/uat18talks/uat_pisano_0618.pdf	LIVE	N/A		
http://egg.astro.cornell.edu/alfalfa/ugradteam/uat17talks/uat17_HIscience.pdf	LIVE	N/A		
http://alfalfasurvey.wordpress.com/2011/01/18/more-from-the-2011-uat-workshop	LIVE	N/A		
https://sites.google.com/a/union.edu/uat/june-2015-telecon/macalester-college	LIVE	N/A		
http://egg.astro.cornell.edu/alfalfa/ugradteam/uat16talks/uat16_HIscience.pdf	LIVE	N/A		
http://egg.astro.cornell.edu/alfalfa/ugradteam/uat18talks/uat18_HIscience.pdf	LIVE	N/A		
http://egg.astro.cornell.edu/alfalfa/ugradteam/uat16talks/uat16_introAPPSS.pdf	LIVE	N/A		
http://egg.astro.cornell.edu/alfalfa/ugradteam/uat18talks/uat18_appssintro.pdf	LIVE	N/A		
http://egg.astro.cornell.edu/alfalfa/ugradteam/hunt14/files/agcvels.hunt14.csv	LIVE	N/A		
http://egg.astro.cornell.edu/alfalfa/ugradteam/uat17talks/uat17_introAPPSS.pdf	LIVE	N/A		
https://science.nrao.edu/facilities/gbt/observing/remote-observing-with-the-gbt	LIVE	N/A		
https://sites.google.com/a/union.edu/uat/june-2015-telecon/saint-mary-s-college	LIVE	N/A		
http://alfalfasurvey.wordpress.com/2011/02/11/remote-observing-at-union-college	LIVE	N/A		
https://greenbankobservatory.org/science/gbt-observers/observer-training-videos	LIVE	N/A		
http://egg.astro.cornell.edu/alfalfa/ugradteam/uat16talks/GBT_science_June16.pdf	LIVE	N/A		
http://egg.astro.cornell.edu/alfalfa/ugradteam/uat16talks/UATWorkshopGBT2016.pdf	LIVE	N/A		
http://egg.astro.cornell.edu/alfalfa/ugradteam/hunt13/gifs/LeoT_highres_zoom.jpg	LIVE	N/A		
http://alfalfasurvey.wordpress.com/2011/01/19/why-we-need-to-come-to-puerto-rico	LIVE	N/A		
http://alfalfasurvey.wordpress.com/2011/01/18/observing-vs-sleep-who-needs-sleep	LIVE	N/A		
https://sites.google.com/a/union.edu/uat/union-2015-workshop/sdss-sample-queries	LIVE	N/A		
https://alfalfasurvey.wordpress.com/2014/06/14/skidmore-remote-observing-at-union	LIVE	N/A		
http://egg.astro.cornell.edu/alfalfa/ugradteam/uat16talks/uat16_introRadAstro.pdf	LIVE	N/A		
https://sites.google.com/a/union.edu/uat/june-2015-telecon/st-lawrence-university	LIVE	N/A		
http://alfalfasurvey.wordpress.com/2012/01/18/update-on-the-hunt-for-dark-galaxies	LIVE	N/A		
http://www.astro.rug.nl/~whisp/Database/OverviewCatalog/ListByName/U9649/u9649.html	LIVE	N/A		
http://www.astro.rug.nl/~whisp/Database/OverviewCatalog/ListByName/U9211/u9211.html	LIVE	N/A		
http://alfalfasurvey.wordpress.com/2009/01/29/science-goals-whats-in-an-environment	LIVE	N/A		
http://www.astro.rug.nl/~whisp/Database/OverviewCatalog/ListByName/U5079/u5079.html	LIVE	N/A		
http://www.astro.rug.nl/~whisp/Database/OverviewCatalog/ListByName/U6161/u6161.html	LIVE	N/A		
http://www.astro.rug.nl/~whisp/Database/OverviewCatalog/ListByName/U2455/u2455.html	LIVE	N/A		
http://www.astro.rug.nl/~whisp/Database/OverviewCatalog/ListByName/U3574/u3574.html	LIVE	N/A		
http://www.astro.rug.nl/~whisp/Database/OverviewCatalog/ListByName/U5829/u5829.html	LIVE	N/A		
http://www.astro.rug.nl/~whisp/Database/OverviewCatalog/ListByName/U4284/u4284.html	LIVE	N/A		
http://www.astro.rug.nl/~whisp/Database/OverviewCatalog/ListByName/U4325/u4325.html	LIVE	N/A		
http://www.astro.rug.nl/~whisp/Database/OverviewCatalog/ListByName/U4173/u4173.html	LIVE	N/A		
http://www.astro.rug.nl/~whisp/Database/OverviewCatalog/ListByName/U3826/u3826.html	LIVE	N/A		
http://www.astro.rug.nl/~whisp/Database/OverviewCatalog/ListByName/U5414/u5414.html	LIVE	N/A		
http://www.astro.rug.nl/~whisp/Database/OverviewCatalog/ListByName/U6817/u6817.html	LIVE	N/A		
http://www.astro.rug.nl/~whisp/Database/OverviewCatalog/ListByName/U8651/u8651.html	LIVE	N/A		
http://www.astro.rug.nl/~whisp/Database/OverviewCatalog/ListByName/U3137/u3137.html	LIVE	N/A		
http://www.astro.rug.nl/~whisp/Database/OverviewCatalog/ListByName/U5789/u5789.html	LIVE	N/A		
http://www.astro.rug.nl/~whisp/Database/OverviewCatalog/ListByName/U4605/u4605.html	LIVE	N/A		
http://www.astro.rug.nl/~whisp/Database/OverviewCatalog/ListByName/U7047/u7047.html	LIVE	N/A		
http://www.astro.rug.nl/~whisp/Database/OverviewCatalog/ListByName/U6833/u6833.html	LIVE	N/A		
http://www.astro.rug.nl/~whisp/Database/OverviewCatalog/ListByName/U8490/u8490.html	LIVE	N/A		
http://www.astro.rug.nl/~whisp/Database/OverviewCatalog/ListByName/U4165/u4165.html	LIVE	N/A		
https://sites.google.com/a/union.edu/uat/june-2015-telecon/chicago-state-university	LIVE	N/A		
http://www.astro.rug.nl/~whisp/Database/OverviewCatalog/ListByName/U7524/u7524.html	LIVE	N/A		
http://www.astro.rug.nl/~whisp/Database/OverviewCatalog/ListByName/U5786/u5786.html	LIVE	N/A		
http://egg.astro.cornell.edu/alfalfa/ugradteam/uat16talks/uat16_interferometers.pdf	LIVE	N/A		
http://www.astro.rug.nl/~whisp/Database/OverviewCatalog/ListByName/U7321/u7321.html	LIVE	N/A		
https://docs.google.com/document/d/1Hs3zQr3Teh_YnSZSCt4mJ4ZjGKnrpzi63VS623lRPp4/edit	LIVE	N/A		
https://sites.google.com/a/union.edu/uat/june-2015-telecon/union-college---greg/ryan	LIVE	N/A		
https://sites.google.com/a/union.edu/uat/june-2015-telecon/college-of-st-scholastica	LIVE	N/A		
https://sites.google.com/a/union.edu/uat/june-2015-telecon/union-college--becky/beka	LIVE	N/A		
http://www.astro.rug.nl/~whisp/Database/OverviewCatalog/ListByName/U12082/u12082.html	LIVE	N/A		
http://www.astro.rug.nl/~whisp/Database/OverviewCatalog/ListByName/U11707/u11707.html	LIVE	N/A		
http://www.astro.rug.nl/~whisp/Database/OverviewCatalog/ListByName/U11218/u11218.html	LIVE	N/A		
http://upload.wikimedia.org/wikipedia/commons/f/f9/Galaxy_color-magnitude_diagram.jpg	LIVE	N/A		
https://sites.google.com/a/union.edu/uat/june-2015-telecon/union-college---greg/kamin	LIVE	N/A		
http://www.astro.rug.nl/~whisp/Database/OverviewCatalog/ListByName/U10310/u10310.html	LIVE	N/A		
http://www.astro.rug.nl/~whisp/Database/OverviewCatalog/ListByName/U10445/u10445.html	LIVE	N/A		
http://www.astro.rug.nl/~whisp/Database/OverviewCatalog/ListByName/U12554/u12554.html	LIVE	N/A		
http://alfalfasurvey.wordpress.com/2012/01/19/uat-workshop-2012-seeing-science-strive	LIVE	N/A		
http://www.astro.rug.nl/~whisp/Database/OverviewCatalog/ListByName/U11914/u11914.html	LIVE	N/A		
http://sites.google.com/site/alfalfaugradgroups/july2010-telecon/siena-college-update	LIVE	N/A		
http://egg.astro.cornell.edu/alfalfa/ugradteam/hunt13/files/H142852.9+164502.hires.jpg	LIVE	N/A		
http://egg.astro.cornell.edu/alfalfa/ugradteam/hunt13/files/L093453.4+170305_hires.jpg	LIVE	N/A		
http://egg.astro.cornell.edu/alfalfa/ugradteam/uat16talks/uat16_careers+gradschool.pdf	LIVE	N/A		
http://egg.astro.cornell.edu/alfalfa/ugradteam/hunt13/files/H102144.7+180438_hires.jpg	LIVE	N/A		
http://egg.astro.cornell.edu/alfalfa/ugradteam/uat18talks/uat18_omar_apps_reduction.pdf	LIVE	N/A		
http://egg.astro.cornell.edu/alfalfa/ugradteam/uat18talks/uat18_tim_appss_clustering.pdf	LIVE	N/A		
https://news.cornell.edu/stories/2018/07/decade-long-galaxy-survey-releases-final-catalog	LIVE	N/A		
http://www.astro.rug.nl/~whisp/Database/OverviewCatalog/ListByName/U3384/u3384p99999.html	LIVE	N/A		
http://alfalfasurvey.wordpress.com/2013/03/25/discovering-galaxies-as-a-member-of-the-uat	LIVE	N/A		
http://egg.astro.cornell.edu/alfalfa/ugradteam/uat18talks/uat18_intro_radio_astronomy.pdf	LIVE	N/A		
http://www.astro.rug.nl/~whisp/Database/OverviewCatalog/ListByName/U3384/u3384p18277.html	LIVE	N/A		
http://egg.astro.cornell.edu/alfalfa/ugradteam/uat17talks/uat17_intro_radio_astronomy.pdf	LIVE	N/A		
http://www.astro.rug.nl/~whisp/Database/OverviewCatalog/ListByName/U2141/u2141p10051.html	LIVE	N/A		
http://www.astro.rug.nl/~whisp/Database/OverviewCatalog/ListByName/U2141/u2141p99999.html	LIVE	N/A		
http://egg.astro.cornell.edu/alfalfa/data/a100files/durbala2020-table1.21-Sep-2020.fits.gz	LIVE	N/A		
http://egg.astro.cornell.edu/alfalfa/data/a100files/durbala2020-table2.21-Sep-2020.fits.gz	LIVE	N/A		
https://sites.google.com/a/union.edu/uat/june-2015-telecon/university-of-wisconsin-madison	LIVE	N/A		
https://web.archive.org/web/20091210183638/http://arecibo.tc.cornell.edu/hiarchive/alfalfa	LIVE	N/A		
http://irsa.ipac.caltech.edu/data/SPITZER/GOALS/galaxies/Arp220/irac/Arp220_irac_3color.jpg	LIVE	N/A		
http://egg.astro.cornell.edu/alfalfa/ugradteam/uat18talks/uat18_mariah_machine_learning.pdf	LIVE	N/A		
https://sites.google.com/a/union.edu/uat/june-2015-telecon/union-college--becky/garrett-and	LIVE	N/A		
https://sites.google.com/a/union.edu/uat/programs/uat-topcat-docs/sdss-dr7-tap-query-example	LIVE	N/A		
https://sites.google.com/a/union.edu/uat/june-2015-telecon/union-college--becky/lake-george-hs	LIVE	N/A		
http://www.astrobetter.com/wiki/tiki-index.php?page=Python+Tutorial+For+Astronomers+Who+Use+IDL	LIVE	N/A		
https://docs.google.com/document/d/1Hs3zQr3Teh_YnSZSCt4mJ4ZjGKnrpzi63VS623lRPp4/edit?usp=sharing	LIVE	N/A		
https://alfalfasurvey.wordpress.com/2015/12/08/rookie-astronomer-takes-on-the-arecibo-observatory	LIVE	N/A		
http://egg.astro.cornell.edu/alfalfa/ugradteam/uat18talks/uat18_chelsey_appss_jupyter_notebook.pdf	LIVE	N/A		
https://cpb-us-w2.wpmucdn.com/muse.union.edu/dist/9/312/files/2018/06/RCR-policy_6-22-18-2mr1kqo.pdf	LIVE	N/A		
http://skyserver.sdss.org/dr15/en/tools/chart/navi.aspx?ra=179.9317&dec=-0.7727&opt=GILS&scale=0.39617	LIVE	N/A		
http://skyserver.sdss.org/dr15/en/tools/chart/navi.aspx?ra=179.5696&dec=-1.4892&opt=GILS&scale=0.39617	LIVE	N/A		
http://alfalfasurvey.wordpress.com/2013/03/26/continuing-the-uat-collaboration-spring-break-at-arecibo	LIVE	N/A		
https://vizier.u-strasbg.fr/viz-bin/VizieR-2?&-source=J%2FApJ%2F861%2F49&-meta=1&-meta.foot=1&-meta.ucd=2	LIVE	N/A		
http://www.aanda.org/index.php?option=com_image&format=raw&url=/articles/aa/full/2004/10/aa0020/img64.gif	LIVE	N/A		
http://skyserver.sdss3.org/dr9/en/tools/chart/navi.asp?ra=143.7225&dec=%2017.05139&opt=glsi&scale=0.39617	LIVE	N/A		
https://docs.google.com/a/union.edu/viewer?a=v&pid=sites&srcid=dW5pb24uZWR1fHVhdHxneDoxYWFkMTkxNmM4ODhjYmY0	LIVE	N/A		
http://www.aanda.org/index.php?option=com_image&format=raw&url=/articles/aa/full/2008/42/aa09839-08/img155.gif	LIVE	N/A		
https://cpb-us-w2.wpmucdn.com/muse.union.edu/dist/9/312/files/2018/06/QUICK-REFERENCE-GUIDE_6-22-18-157badh.pdf	LIVE	N/A		
http://www.cornell.edu/events/profile.cfm?id=13657&instance=2005%2D09%2D08%2016%3A30%3A00%2E0&y=2005&m=9&d=8&show=day	LIVE	N/A		
https://astrosociety.org/news-publications/mercury-magazine/mercury-archives.html/title/summer-2015-volume-44-number-3	LIVE	N/A		
http://astrobites.org/2013/11/05/astrophysical-classics-the-observed-relation-between-star-formation-and-gas-in-galaxies	LIVE	N/A		
https://arxiver.moonhats.com/2017/09/15/illuminating-low-surface-brightness-galaxies-with-the-hyper-suprime-cam-survey-ga	LIVE	N/A		
http://alfalfasurvey.wordpress.com/2012/10/26/the-end-of-a2010-after-6-5-years-4741-5-hours-808-observing-runs-and-99-observers	LIVE	N/A		
http://nedwww.ipac.caltech.edu/cgi-bin/nph-objsearch?search_type=Near+Position+Search&in_csys=Near+Position=+Search&in_csys=Equ				
http://upload.wikimedia.org/wikipedia/commons/thumb/f/f9/Galaxy_color-magnitude_diagram.jpg/300px-Galaxy_color-magnitude_diagram.jpg	LIVE	N/A		
http://nedwww.ipac.caltech.edu/cgi-bin/nph-objsearch?search_type=Near+Position+Search&in_csys=Near+Position=+Search&in_csys=Equatorial&in				
http://nedwww.ipac.caltech.edu/cgi-bin/nph-objsearch?search_type=Near+Position+Search&in_csys=Near+Position=+Search&in_csys=Equatorial&in_e				
https://ned.ipac.caltech.edu/cgi-bin/NEDspectra?objname=&extend=multi&detail=0&preview=1&numpp=20&refcode=2011AJ....142..170H&bandpass=ANY&line=ANY	LIVE	N/A		
https://ned.ipac.caltech.edu/cgi-bin/NEDspectra?objname=&extend=multi&detail=0&preview=1&numpp=20&refcode=2005ApJS..160..149S&bandpass=ANY&line=ANY	LIVE	N/A		
http://nedwww.ipac.caltech.edu/cgi-bin/nph-objsearch?search_type=Near+Position+Search&in_csys=Near+Position=+Search&in_csys=Equatorial&in_equinox=J2000.0&lon=	LIVE	N/A		
http://nedwww.ipac.caltech.edu/cgi-bin/nph-objsearch?search_type=Near+Position+Search&in_csys=Near+Position=+Search&in_csys=Equatorial&in_equinox=J2000.0&lon=14+05+	LIVE	N/A		
http://nedwww.ipac.caltech.edu/cgi-bin/nph-objsearch?search_type=Near+Position+Search&in_csys=Near+Position=+Search&in_csys=Equatorial&in_equinox=J2000.0&lon=01+41+	LIVE	N/A		
http://nedwww.ipac.caltech.edu/cgi-bin/nph-objsearch?search_type=Near+Position+Search&in_csys=Near+Position=+Search&in_csys=Equatorial&in_equinox=J2000.0&lon=323.7650d&lat=	LIVE	N/A		
http://nedwww.ipac.caltech.edu/cgi-bin/nph-objsearch?search_type=Near+Position+Search&in_csys=Near+Position=+Search&in_csys=Equatorial&in_equinox=J2000.0&lon=155.4371d&lat=	LIVE	N/A		
http://ned.ipac.caltech.edu/cgi-bin/objsearch?objname=NGC+4565&extend=no&hconst=73&omegam=0.27&omegav=0.73&corr_z=1&out_csys=Equatorial&out_equinox=J2000.0&obj_sort=RA+or+Longitude&of=pre_text&zv_breaker=30000.0&list_limit=5&img_stamp=YES	LIVE	N/A		
http://ned.ipac.caltech.edu/cgi-bin/nph-objsearch?objname=MKW11&extend=no&hconst=73&omegam=0.27&omegav=0.73&corr_z=1&out_csys=Equatorial&out_equinox=J2000.0&obj_sort=RA+or+Longitude&of=pre_text&zv_breaker=30000.0&list_limit=5&img_stamp=YES	LIVE	N/A		
http://ned.ipac.caltech.edu/cgi-bin/objsearch?objname=Virgo+cluster&extend=no&hconst=73&omegam=0.27&omegav=0.73&corr_z=1&out_csys=Equatorial&out_equinox=J2000.0&obj_sort=RA+or+Longitude&of=pre_text&zv_breaker=30000.0&list_limit=5&img_stamp=YES	LIVE	N/A		
http://ned.ipac.caltech.edu/cgi-bin/nph-objsearch?objname=VirgoCluster&extend=no&hconst=73&omegam=0.27&omegav=0.73&corr_z=1&out_csys=Equatorial&out_equinox=J2000.0&obj_sort=RA+or+Longitude&of=pre_text&zv_breaker=30000.0&list_limit=5&img_stamp=YES	LIVE	N/A		
http://nedwww.ipac.caltech.edu/cgi-bin/nph-objsearch?search_type=Near+Position+Search&in_csys=Near+Position=+Search&in_csys=Equatorial&in_equinox=J2000.0&lon=11+22+21.1&lat=+01+07+21&radius=0.5&out_csys=Equatorial&out_equinox=J2000.0&obj_sort=Distance+to+search+center&of=pre_text&zv_breaker=30000.0&list_limit=5&img_stamp=YES&z_constraint=Unconstrained&z_value1=&z_value2=&z_unit=z&ot_include=ANY&nmp_op=AN	LIVE	N/A		
http://nedwww.ipac.caltech.edu/cgi-bin/nph-objsearch?search_type=Near+Position+Search&in_csys=Near+Position=+Search&in_csys=Equatorial&in_equinox=J2000.0&lon=11+22+56.6&lat=+01+07+56&radius=0.1&out_csys=Equatorial&out_equinox=J2000.0&obj_sort=Distance+to+search+center&of=pre_text&zv_breaker=30000.0&list_limit=5&img_stamp=YES&z_constraint=Unconstrained&z_value1=&z_value2=&z_unit=z&ot_include=ANY&nmp_op=AN	LIVE	N/A		
http://nedwww.ipac.caltech.edu/cgi-bin/nph-objsearch?search_type=Near+Position+Search&in_csys=Near+Position=+Search&in_csys=Equatorial&in_equinox=J2000.0&lon=09+57+07.7&lat=+06+11+00&radius=0.1&out_csys=Equatorial&out_equinox=J2000.0&obj_sort=Distance+to+search+center&of=pre_text&zv_breaker=30000.0&list_limit=5&img_stamp=YES&z_constraint=Unconstrained&z_value1=&z_value2=&z_unit=z&ot_include=ANY&nmp_op=AN	LIVE	N/A		
http://nedwww.ipac.caltech.edu/cgi-bin/nph-objsearch?search_type=Near+Position+Search&in_csys=Near+Position=+Search&in_csys=Equatorial&in_equinox=J2000.0&lon=08+46+27.8&lat=+08+00+52&radius=0.1&out_csys=Equatorial&out_equinox=J2000.0&obj_sort=Distance+to+search+center&of=pre_text&zv_breaker=30000.0&list_limit=5&img_stamp=YES&z_constraint=Unconstrained&z_value1=&z_value2=&z_unit=z&ot_include=ANY&nmp_op=AN	LIVE	N/A		
http://nedwww.ipac.caltech.edu/cgi-bin/nph-objsearch?search_type=Near+Position+Search&in_csys=Near+Position=+Search&in_csys=Equatorial&in_equinox=J2000.0&lon=09+02+45.8&lat=+08+51+16&radius=0.1&out_csys=Equatorial&out_equinox=J2000.0&obj_sort=Distance+to+search+center&of=pre_text&zv_breaker=30000.0&list_limit=5&img_stamp=YES&z_constraint=Unconstrained&z_value1=&z_value2=&z_unit=z&ot_include=ANY&nmp_op=AN	LIVE	N/A		
http://nedwww.ipac.caltech.edu/cgi-bin/nph-objsearch?search_type=Near+Position+Search&in_csys=Near+Position=+Search&in_csys=Equatorial&in_equinox=J2000.0&lon=11+22+38.5&lat=+01+03+35&radius=0.1&out_csys=Equatorial&out_equinox=J2000.0&obj_sort=Distance+to+search+center&of=pre_text&zv_breaker=30000.0&list_limit=5&img_stamp=YES&z_constraint=Unconstrained&z_value1=&z_value2=&z_unit=z&ot_include=ANY&nmp_op=AN	LIVE	N/A		
http://nedwww.ipac.caltech.edu/cgi-bin/nph-objsearch?search_type=Near+Position+Search&in_csys=Near+Position=+Search&in_csys=Equatorial&in_equinox=J2000.0&lon=02+20+59.5&lat=+25+17+12&radius=1.00&out_csys=Equatorial&out_equinox=J2000.0&obj_sort=Distance+to+search+center&of=pre_text&zv_breaker=30000.0&list_limit=5&img_stamp=YES&z_constraint=Unconstrained&z_value1=&z_value2=&z_unit=z&ot_include=ANY&nmp_op=AN	LIVE	N/A		
http://nedwww.ipac.caltech.edu/cgi-bin/nph-objsearch?search_type=Near+Position+Search&in_csys=Near+Position=+Search&in_csys=Equatorial&in_equinox=J2000.0&lon=13+56+38.0&lat=+12+15+31&radius=10.0&out_csys=Equatorial&out_equinox=J2000.0&obj_sort=Distance+to+search+center&of=pre_text&zv_breaker=30000.0&list_limit=5&img_stamp=YES&z_constraint=Unconstrained&z_value1=&z_value2=&z_unit=z&ot_include=ANY&nmp_op=AN	LIVE	N/A		
http://nedwww.ipac.caltech.edu/cgi-bin/nph-objsearch?search_type=Near+Position+Search&in_csys=Near+Position=+Search&in_csys=Equatorial&in_equinox=J2000.0&lon=10+54+39.7&lat=+17+37+22&radius=1.00&out_csys=Equatorial&out_equinox=J2000.0&obj_sort=Distance+to+search+center&of=pre_text&zv_breaker=30000.0&list_limit=5&img_stamp=YES&z_constraint=Unconstrained&z_value1=&z_value2=&z_unit=z&ot_include=ANY&nmp_op=AN	LIVE	N/A		
http://nedwww.ipac.caltech.edu/cgi-bin/nph-objsearch?search_type=Near+Position+Search&in_csys=Near+Position=+Search&in_csys=Equatorial&in_equinox=J2000.0&lon=09+51+38.2&lat=+10+26+23&radius=1.00&out_csys=Equatorial&out_equinox=J2000.0&obj_sort=Distance+to+search+center&of=pre_text&zv_breaker=30000.0&list_limit=5&img_stamp=YES&z_constraint=Unconstrained&z_value1=&z_value2=&z_unit=z&ot_include=ANY&nmp_op=AN	LIVE	N/A		
http://nedwww.ipac.caltech.edu/cgi-bin/nph-objsearch?search_type=Near+Position+Search&in_csys=Near+Position=+Search&in_csys=Equatorial&in_equinox=J2000.0&lon=14+05+10.4&lat=+11+46+16&radius=10.0&out_csys=Equatorial&out_equinox=J2000.0&obj_sort=Distance+to+search+center&of=pre_text&zv_breaker=30000.0&list_limit=5&img_stamp=YES&z_constraint=Unconstrained&z_value1=&z_value2=&z_unit=z&ot_include=ANY&nmp_op=AN	LIVE	N/A		
http://nedwww.ipac.caltech.edu/cgi-bin/nph-objsearch?search_type=Near+Position+Search&in_csys=Near+Position=+Search&in_csys=Equatorial&in_equinox=J2000.0&lon=14+02+11.3&lat=+09+26+23&radius=1.00&out_csys=Equatorial&out_equinox=J2000.0&obj_sort=Distance+to+search+center&of=pre_text&zv_breaker=30000.0&list_limit=5&img_stamp=YES&z_constraint=Unconstrained&z_value1=&z_value2=&z_unit=z&ot_include=ANY&nmp_op=AN	LIVE	N/A		
http://nedwww.ipac.caltech.edu/cgi-bin/nph-objsearch?search_type=Near+Position+Search&in_csys=Near+Position=+Search&in_csys=Equatorial&in_equinox=J2000.0&lon=12+57+57.7&lat=+28+03+39&radius=1.00&out_csys=Equatorial&out_equinox=J2000.0&obj_sort=Distance+to+search+center&of=pre_text&zv_breaker=30000.0&list_limit=5&img_stamp=YES&z_constraint=Unconstrained&z_value1=&z_value2=&z_unit=z&ot_include=ANY&nmp_op=AN	LIVE	N/A		
http://nedwww.ipac.caltech.edu/cgi-bin/nph-objsearch?search_type=Near+Position+Search&in_csys=Near+Position=+Search&in_csys=Equatorial&in_equinox=J2000.0&lon=09+19+48.0&lat=+33+45+32&radius=1.00&out_csys=Equatorial&out_equinox=J2000.0&obj_sort=Distance+to+search+center&of=pre_text&zv_breaker=30000.0&list_limit=5&img_stamp=YES&z_constraint=Unconstrained&z_value1=&z_value2=&z_unit=z&ot_include=ANY&nmp_op=AN	LIVE	N/A		
http://nedwww.ipac.caltech.edu/cgi-bin/nph-objsearch?search_type=Near+Position+Search&in_csys=Near+Position=+Search&in_csys=Equatorial&in_equinox=J2000.0&lon=12+30+26.0&lat=+09+29+00&radius=10.0&out_csys=Equatorial&out_equinox=J2000.0&obj_sort=Distance+to+search+center&of=pre_text&zv_breaker=30000.0&list_limit=5&img_stamp=YES&z_constraint=Unconstrained&z_value1=&z_value2=&z_unit=z&ot_include=ANY&nmp_op=AN	LIVE	N/A		
http://nedwww.ipac.caltech.edu/cgi-bin/nph-objsearch?search_type=Near+Position+Search&in_csys=Near+Position=+Search&in_csys=Equatorial&in_equinox=J2000.0&lon=10+43+55.4&lat=+12+08+06&radius=10.0&out_csys=Equatorial&out_equinox=J2000.0&obj_sort=Distance+to+search+center&of=pre_text&zv_breaker=30000.0&list_limit=5&img_stamp=YES&z_constraint=Unconstrained&z_value1=&z_value2=&z_unit=z&ot_include=ANY&nmp_op=AN	LIVE	N/A		
http://nedwww.ipac.caltech.edu/cgi-bin/nph-objsearch?search_type=Near+Position+Search&in_csys=Near+Position=+Search&in_csys=Equatorial&in_equinox=J2000.0&lon=22+33+02.6&lat=+35+23+09&radius=1.00&out_csys=Equatorial&out_equinox=J2000.0&obj_sort=Distance+to+search+center&of=pre_text&zv_breaker=30000.0&list_limit=5&img_stamp=YES&z_constraint=Unconstrained&z_value1=&z_value2=&z_unit=z&ot_include=ANY&nmp_op=AN	LIVE	N/A		
http://nedwww.ipac.caltech.edu/cgi-bin/nph-objsearch?search_type=Near+Position+Search&in_csys=Near+Position=+Search&in_csys=Equatorial&in_equinox=J2000.0&lon=10+39+43.0&lat=+12+38+04&radius=1.00&out_csys=Equatorial&out_equinox=J2000.0&obj_sort=Distance+to+search+center&of=pre_text&zv_breaker=30000.0&list_limit=5&img_stamp=YES&z_constraint=Unconstrained&z_value1=&z_value2=&z_unit=z&ot_include=ANY&nmp_op=AN	LIVE	N/A		
http://nedwww.ipac.caltech.edu/cgi-bin/nph-objsearch?search_type=Near+Position+Search&in_csys=Near+Position=+Search&in_csys=Equatorial&in_equinox=J2000.0&lon=10+52+20.1&lat=+14+42+25&radius=10.0&out_csys=Equatorial&out_equinox=J2000.0&obj_sort=Distance+to+search+center&of=pre_text&zv_breaker=30000.0&list_limit=5&img_stamp=YES&z_constraint=Unconstrained&z_value1=&z_value2=&z_unit=z&ot_include=ANY&nmp_op=AN	LIVE	N/A		
http://nedwww.ipac.caltech.edu/cgi-bin/nph-objsearch?search_type=Near+Position+Search&in_csys=Near+Position=+Search&in_csys=Equatorial&in_equinox=J2000.0&lon=10+44+07.3&lat=+11+32+04&radius=1.00&out_csys=Equatorial&out_equinox=J2000.0&obj_sort=Distance+to+search+center&of=pre_text&zv_breaker=30000.0&list_limit=5&img_stamp=YES&z_constraint=Unconstrained&z_value1=&z_value2=&z_unit=z&ot_include=ANY&nmp_op=AN	LIVE	N/A		
http://nedwww.ipac.caltech.edu/cgi-bin/nph-objsearch?search_type=Near+Position+Search&in_csys=Near+Position=+Search&in_csys=Equatorial&in_equinox=J2000.0&lon=14+03+38.6&lat=+11+23+17&radius=10.0&out_csys=Equatorial&out_equinox=J2000.0&obj_sort=Distance+to+search+center&of=pre_text&zv_breaker=30000.0&list_limit=5&img_stamp=YES&z_constraint=Unconstrained&z_value1=&z_value2=&z_unit=z&ot_include=ANY&nmp_op=AN	LIVE	N/A		
http://nedwww.ipac.caltech.edu/cgi-bin/nph-objsearch?search_type=Near+Position+Search&in_csys=Near+Position=+Search&in_csys=Equatorial&in_equinox=J2000.0&lon=13+16+24.2&lat=+16+16+43&radius=1.00&out_csys=Equatorial&out_equinox=J2000.0&obj_sort=Distance+to+search+center&of=pre_text&zv_breaker=30000.0&list_limit=5&img_stamp=YES&z_constraint=Unconstrained&z_value1=&z_value2=&z_unit=z&ot_include=ANY&nmp_op=AN	LIVE	N/A		
http://nedwww.ipac.caltech.edu/cgi-bin/nph-objsearch?search_type=Near+Position+Search&in_csys=Near+Position=+Search&in_csys=Equatorial&in_equinox=J2000.0&lon=10+22+26.2&lat=+19+23+17&radius=1.00&out_csys=Equatorial&out_equinox=J2000.0&obj_sort=Distance+to+search+center&of=pre_text&zv_breaker=30000.0&list_limit=5&img_stamp=YES&z_constraint=Unconstrained&z_value1=&z_value2=&z_unit=z&ot_include=ANY&nmp_op=AN	LIVE	N/A		
http://nedwww.ipac.caltech.edu/cgi-bin/nph-objsearch?search_type=Near+Position+Search&in_csys=Near+Position=+Search&in_csys=Equatorial&in_equinox=J2000.0&lon=14+02+22.0&lat=+09+58+15&radius=1.00&out_csys=Equatorial&out_equinox=J2000.0&obj_sort=Distance+to+search+center&of=pre_text&zv_breaker=30000.0&list_limit=5&img_stamp=YES&z_constraint=Unconstrained&z_value1=&z_value2=&z_unit=z&ot_include=ANY&nmp_op=AN	LIVE	N/A		
http://nedwww.ipac.caltech.edu/cgi-bin/nph-objsearch?search_type=Near+Position+Search&in_csys=Near+Position=+Search&in_csys=Equatorial&in_equinox=J2000.0&lon=00+07+38.0&lat=+33+20+25&radius=1.00&out_csys=Equatorial&out_equinox=J2000.0&obj_sort=Distance+to+search+center&of=pre_text&zv_breaker=30000.0&list_limit=5&img_stamp=YES&z_constraint=Unconstrained&z_value1=&z_value2=&z_unit=z&ot_include=ANY&nmp_op=AN	LIVE	N/A		
http://nedwww.ipac.caltech.edu/cgi-bin/nph-objsearch?search_type=Near+Position+Search&in_csys=Near+Position=+Search&in_csys=Equatorial&in_equinox=J2000.0&lon=08+18+01.7&lat=+00+41+09&radius=1.00&out_csys=Equatorial&out_equinox=J2000.0&obj_sort=Distance+to+search+center&of=pre_text&zv_breaker=30000.0&list_limit=5&img_stamp=YES&z_constraint=Unconstrained&z_value1=&z_value2=&z_unit=z&ot_include=ANY&nmp_op=AN	LIVE	N/A		
http://nedwww.ipac.caltech.edu/cgi-bin/nph-objsearch?search_type=Near+Position+Search&in_csys=Near+Position=+Search&in_csys=Equatorial&in_equinox=J2000.0&lon=13+58+39.3&lat=+11+04+35&radius=10.0&out_csys=Equatorial&out_equinox=J2000.0&obj_sort=Distance+to+search+center&of=pre_text&zv_breaker=30000.0&list_limit=5&img_stamp=YES&z_constraint=Unconstrained&z_value1=&z_value2=&z_unit=z&ot_include=ANY&nmp_op=AN	LIVE	N/A		
http://nedwww.ipac.caltech.edu/cgi-bin/nph-objsearch?search_type=Near+Position+Search&in_csys=Near+Position=+Search&in_csys=Equatorial&in_equinox=J2000.0&lon=13+58+14.0&lat=+05+24+29&radius=10.0&out_csys=Equatorial&out_equinox=J2000.0&obj_sort=Distance+to+search+center&of=pre_text&zv_breaker=30000.0&list_limit=5&img_stamp=YES&z_constraint=Unconstrained&z_value1=&z_value2=&z_unit=z&ot_include=ANY&nmp_op=AN	LIVE	N/A		
http://nedwww.ipac.caltech.edu/cgi-bin/nph-objsearch?search_type=Near+Position+Search&in_csys=Near+Position=+Search&in_csys=Equatorial&in_equinox=J2000.0&lon=10+39+40.2&lat=+12+44+05&radius=10.0&out_csys=Equatorial&out_equinox=J2000.0&obj_sort=Distance+to+search+center&of=pre_text&zv_breaker=30000.0&list_limit=5&img_stamp=YES&z_constraint=Unconstrained&z_value1=&z_value2=&z_unit=z&ot_include=ANY&nmp_op=AN	LIVE	N/A		
http://nedwww.ipac.caltech.edu/cgi-bin/nph-objsearch?search_type=Near+Position+Search&in_csys=Near+Position=+Search&in_csys=Equatorial&in_equinox=J2000.0&lon=13+29+25.8&lat=+11+00+28&radius=1.00&out_csys=Equatorial&out_equinox=J2000.0&obj_sort=Distance+to+search+center&of=pre_text&zv_breaker=30000.0&list_limit=5&img_stamp=YES&z_constraint=Unconstrained&z_value1=&z_value2=&z_unit=z&ot_include=ANY&nmp_op=AN	LIVE	N/A		
http://nedwww.ipac.caltech.edu/cgi-bin/nph-objsearch?search_type=Near+Position+Search&in_csys=Near+Position=+Search&in_csys=Equatorial&in_equinox=J2000.0&lon=11+00+45.2&lat=+14+10+19&radius=1.00&out_csys=Equatorial&out_equinox=J2000.0&obj_sort=Distance+to+search+center&of=pre_text&zv_breaker=30000.0&list_limit=5&img_stamp=YES&z_constraint=Unconstrained&z_value1=&z_value2=&z_unit=z&ot_include=ANY&nmp_op=AN	LIVE	N/A		
http://nedwww.ipac.caltech.edu/cgi-bin/nph-objsearch?search_type=Near+Position+Search&in_csys=Near+Position=+Search&in_csys=Equatorial&in_equinox=J2000.0&lon=14+05+42.9&lat=+09+30+44&radius=10.0&out_csys=Equatorial&out_equinox=J2000.0&obj_sort=Distance+to+search+center&of=pre_text&zv_breaker=30000.0&list_limit=5&img_stamp=YES&z_constraint=Unconstrained&z_value1=&z_value2=&z_unit=z&ot_include=ANY&nmp_op=AN	LIVE	N/A		
http://nedwww.ipac.caltech.edu/cgi-bin/nph-objsearch?search_type=Near+Position+Search&in_csys=Near+Position=+Search&in_csys=Equatorial&in_equinox=J2000.0&lon=10+22+32.2&lat=+19+23+41&radius=1.00&out_csys=Equatorial&out_equinox=J2000.0&obj_sort=Distance+to+search+center&of=pre_text&zv_breaker=30000.0&list_limit=5&img_stamp=YES&z_constraint=Unconstrained&z_value1=&z_value2=&z_unit=z&ot_include=ANY&nmp_op=AN	LIVE	N/A		
http://nedwww.ipac.caltech.edu/cgi-bin/nph-objsearch?search_type=Near+Position+Search&in_csys=Near+Position=+Search&in_csys=Equatorial&in_equinox=J2000.0&lon=11+00+45.2&lat=+14+10+19&radius=10.0&out_csys=Equatorial&out_equinox=J2000.0&obj_sort=Distance+to+search+center&of=pre_text&zv_breaker=30000.0&list_limit=5&img_stamp=YES&z_constraint=Unconstrained&z_value1=&z_value2=&z_unit=z&ot_include=ANY&nmp_op=AN	LIVE	N/A		
http://nedwww.ipac.caltech.edu/cgi-bin/nph-objsearch?search_type=Near+Position+Search&in_csys=Near+Position=+Search&in_csys=Equatorial&in_equinox=J2000.0&lon=02+24+28.9&lat=+23+55+34&radius=1.00&out_csys=Equatorial&out_equinox=J2000.0&obj_sort=Distance+to+search+center&of=pre_text&zv_breaker=30000.0&list_limit=5&img_stamp=YES&z_constraint=Unconstrained&z_value1=&z_value2=&z_unit=z&ot_include=ANY&nmp_op=AN	LIVE	N/A		
http://nedwww.ipac.caltech.edu/cgi-bin/nph-objsearch?search_type=Near+Position+Search&in_csys=Near+Position=+Search&in_csys=Equatorial&in_equinox=J2000.0&lon=12+24+02.6&lat=+09+21+25&radius=1.00&out_csys=Equatorial&out_equinox=J2000.0&obj_sort=Distance+to+search+center&of=pre_text&zv_breaker=30000.0&list_limit=5&img_stamp=YES&z_constraint=Unconstrained&z_value1=&z_value2=&z_unit=z&ot_include=ANY&nmp_op=AN	LIVE	N/A		
http://nedwww.ipac.caltech.edu/cgi-bin/nph-objsearch?search_type=Near+Position+Search&in_csys=Near+Position=+Search&in_csys=Equatorial&in_equinox=J2000.0&lon=10+16+20.4&lat=+04+49+18&radius=10.0&out_csys=Equatorial&out_equinox=J2000.0&obj_sort=Distance+to+search+center&of=pre_text&zv_breaker=30000.0&list_limit=5&img_stamp=YES&z_constraint=Unconstrained&z_value1=&z_value2=&z_unit=z&ot_include=ANY&nmp_op=AN	LIVE	N/A		
http://nedwww.ipac.caltech.edu/cgi-bin/nph-objsearch?search_type=Near+Position+Search&in_csys=Near+Position=+Search&in_csys=Equatorial&in_equinox=J2000.0&lon=12+59+02.1&lat=+28+06+56&radius=1.00&out_csys=Equatorial&out_equinox=J2000.0&obj_sort=Distance+to+search+center&of=pre_text&zv_breaker=30000.0&list_limit=5&img_stamp=YES&z_constraint=Unconstrained&z_value1=&z_value2=&z_unit=z&ot_include=ANY&nmp_op=AN	LIVE	N/A		
http://nedwww.ipac.caltech.edu/cgi-bin/nph-objsearch?search_type=Near+Position+Search&in_csys=Near+Position=+Search&in_csys=Equatorial&in_equinox=J2000.0&lon=10+43+55.4&lat=+12+08+06&radius=1.00&out_csys=Equatorial&out_equinox=J2000.0&obj_sort=Distance+to+search+center&of=pre_text&zv_breaker=30000.0&list_limit=5&img_stamp=YES&z_constraint=Unconstrained&z_value1=&z_value2=&z_unit=z&ot_include=ANY&nmp_op=AN	LIVE	N/A		
http://nedwww.ipac.caltech.edu/cgi-bin/nph-objsearch?search_type=Near+Position+Search&in_csys=Near+Position=+Search&in_csys=Equatorial&in_equinox=J2000.0&lon=13+53+19.4&lat=+10+07+18&radius=10.0&out_csys=Equatorial&out_equinox=J2000.0&obj_sort=Distance+to+search+center&of=pre_text&zv_breaker=30000.0&list_limit=5&img_stamp=YES&z_constraint=Unconstrained&z_value1=&z_value2=&z_unit=z&ot_include=ANY&nmp_op=AN	LIVE	N/A		
http://nedwww.ipac.caltech.edu/cgi-bin/nph-objsearch?search_type=Near+Position+Search&in_csys=Near+Position=+Search&in_csys=Equatorial&in_equinox=J2000.0&lon=13+36+13.4&lat=+10+28+40&radius=10.0&out_csys=Equatorial&out_equinox=J2000.0&obj_sort=Distance+to+search+center&of=pre_text&zv_breaker=30000.0&list_limit=5&img_stamp=YES&z_constraint=Unconstrained&z_value1=&z_value2=&z_unit=z&ot_include=ANY&nmp_op=AN	LIVE	N/A		
http://nedwww.ipac.caltech.edu/cgi-bin/nph-objsearch?search_type=Near+Position+Search&in_csys=Near+Position=+Search&in_csys=Equatorial&in_equinox=J2000.0&lon=14+23+28.0&lat=+08+35+42&radius=10.0&out_csys=Equatorial&out_equinox=J2000.0&obj_sort=Distance+to+search+center&of=pre_text&zv_breaker=30000.0&list_limit=5&img_stamp=YES&z_constraint=Unconstrained&z_value1=&z_value2=&z_unit=z&ot_include=ANY&nmp_op=AN	LIVE	N/A		
http://nedwww.ipac.caltech.edu/cgi-bin/nph-objsearch?search_type=Near+Position+Search&in_csys=Near+Position=+Search&in_csys=Equatorial&in_equinox=J2000.0&lon=11+19+14.4&lat=+11+57+07&radius=1.00&out_csys=Equatorial&out_equinox=J2000.0&obj_sort=Distance+to+search+center&of=pre_text&zv_breaker=30000.0&list_limit=5&img_stamp=YES&z_constraint=Unconstrained&z_value1=&z_value2=&z_unit=z&ot_include=ANY&nmp_op=AN	LIVE	N/A		
http://nedwww.ipac.caltech.edu/cgi-bin/nph-objsearch?search_type=Near+Position+Search&in_csys=Near+Position=+Search&in_csys=Equatorial&in_equinox=J2000.0&lon=02+51+39.7&lat=+33+46+48&radius=1.00&out_csys=Equatorial&out_equinox=J2000.0&obj_sort=Distance+to+search+center&of=pre_text&zv_breaker=30000.0&list_limit=5&img_stamp=YES&z_constraint=Unconstrained&z_value1=&z_value2=&z_unit=z&ot_include=ANY&nmp_op=AN	LIVE	N/A		
http://nedwww.ipac.caltech.edu/cgi-bin/nph-objsearch?search_type=Near+Position+Search&in_csys=Near+Position=+Search&in_csys=Equatorial&in_equinox=J2000.0&lon=10+44+07.3&lat=+11+32+04&radius=10.0&out_csys=Equatorial&out_equinox=J2000.0&obj_sort=Distance+to+search+center&of=pre_text&zv_breaker=30000.0&list_limit=5&img_stamp=YES&z_constraint=Unconstrained&z_value1=&z_value2=&z_unit=z&ot_include=ANY&nmp_op=AN	LIVE	N/A		
http://nedwww.ipac.caltech.edu/cgi-bin/nph-objsearch?search_type=Near+Position+Search&in_csys=Near+Position=+Search&in_csys=Equatorial&in_equinox=J2000.0&lon=12+31+22.9&lat=+25+54+50&radius=1.00&out_csys=Equatorial&out_equinox=J2000.0&obj_sort=Distance+to+search+center&of=pre_text&zv_breaker=30000.0&list_limit=5&img_stamp=YES&z_constraint=Unconstrained&z_value1=&z_value2=&z_unit=z&ot_include=ANY&nmp_op=AN	LIVE	N/A		
http://nedwww.ipac.caltech.edu/cgi-bin/nph-objsearch?search_type=Near+Position+Search&in_csys=Near+Position=+Search&in_csys=Equatorial&in_equinox=J2000.0&lon=10+58+10.5&lat=+11+59+56&radius=10.0&out_csys=Equatorial&out_equinox=J2000.0&obj_sort=Distance+to+search+center&of=pre_text&zv_breaker=30000.0&list_limit=5&img_stamp=YES&z_constraint=Unconstrained&z_value1=&z_value2=&z_unit=z&ot_include=ANY&nmp_op=AN	LIVE	N/A		
http://nedwww.ipac.caltech.edu/cgi-bin/nph-objsearch?search_type=Near+Position+Search&in_csys=Near+Position=+Search&in_csys=Equatorial&in_equinox=J2000.0&lon=10+58+59.4&lat=+06+31+20&radius=10.0&out_csys=Equatorial&out_equinox=J2000.0&obj_sort=Distance+to+search+center&of=pre_text&zv_breaker=30000.0&list_limit=5&img_stamp=YES&z_constraint=Unconstrained&z_value1=&z_value2=&z_unit=z&ot_include=ANY&nmp_op=AN	LIVE	N/A		
http://nedwww.ipac.caltech.edu/cgi-bin/nph-objsearch?search_type=Near+Position+Search&in_csys=Near+Position=+Search&in_csys=Equatorial&in_equinox=J2000.0&lon=10+46+54.6&lat=+12+47+16&radius=1.00&out_csys=Equatorial&out_equinox=J2000.0&obj_sort=Distance+to+search+center&of=pre_text&zv_breaker=30000.0&list_limit=5&img_stamp=YES&z_constraint=Unconstrained&z_value1=&z_value2=&z_unit=z&ot_include=ANY&nmp_op=AN	LIVE	N/A		
http://nedwww.ipac.caltech.edu/cgi-bin/nph-objsearch?search_type=Near+Position+Search&in_csys=Near+Position=+Search&in_csys=Equatorial&in_equinox=J2000.0&lon=10+35+48.9&lat=+08+28+49&radius=1.00&out_csys=Equatorial&out_equinox=J2000.0&obj_sort=Distance+to+search+center&of=pre_text&zv_breaker=30000.0&list_limit=5&img_stamp=YES&z_constraint=Unconstrained&z_value1=&z_value2=&z_unit=z&ot_include=ANY&nmp_op=AN	LIVE	N/A		
http://nedwww.ipac.caltech.edu/cgi-bin/nph-objsearch?search_type=Near+Position+Search&in_csys=Near+Position=+Search&in_csys=Equatorial&in_equinox=J2000.0&lon=11+01+55.4&lat=+11+50+54&radius=10.0&out_csys=Equatorial&out_equinox=J2000.0&obj_sort=Distance+to+search+center&of=pre_text&zv_breaker=30000.0&list_limit=5&img_stamp=YES&z_constraint=Unconstrained&z_value1=&z_value2=&z_unit=z&ot_include=ANY&nmp_op=AN	LIVE	N/A		
http://nedwww.ipac.caltech.edu/cgi-bin/nph-objsearch?search_type=Near+Position+Search&in_csys=Near+Position=+Search&in_csys=Equatorial&in_equinox=J2000.0&lon=10+39+40.2&lat=+12+44+05&radius=1.00&out_csys=Equatorial&out_equinox=J2000.0&obj_sort=Distance+to+search+center&of=pre_text&zv_breaker=30000.0&list_limit=5&img_stamp=YES&z_constraint=Unconstrained&z_value1=&z_value2=&z_unit=z&ot_include=ANY&nmp_op=AN	LIVE	N/A		
http://nedwww.ipac.caltech.edu/cgi-bin/nph-objsearch?search_type=Near+Position+Search&in_csys=Near+Position=+Search&in_csys=Equatorial&in_equinox=J2000.0&lon=10+51+21.1&lat=+12+50+57&radius=10.0&out_csys=Equatorial&out_equinox=J2000.0&obj_sort=Distance+to+search+center&of=pre_text&zv_breaker=30000.0&list_limit=5&img_stamp=YES&z_constraint=Unconstrained&z_value1=&z_value2=&z_unit=z&ot_include=ANY&nmp_op=AN	LIVE	N/A		
http://nedwww.ipac.caltech.edu/cgi-bin/nph-objsearch?search_type=Near+Position+Search&in_csys=Near+Position=+Search&in_csys=Equatorial&in_equinox=J2000.0&lon=10+39+43.0&lat=+12+38+04&radius=10.0&out_csys=Equatorial&out_equinox=J2000.0&obj_sort=Distance+to+search+center&of=pre_text&zv_breaker=30000.0&list_limit=5&img_stamp=YES&z_constraint=Unconstrained&z_value1=&z_value2=&z_unit=z&ot_include=ANY&nmp_op=AN	LIVE	N/A		
http://nedwww.ipac.caltech.edu/cgi-bin/nph-objsearch?search_type=Near+Position+Search&in_csys=Near+Position=+Search&in_csys=Equatorial&in_equinox=J2000.0&lon=13+29+29.4&lat=+11+37+29&radius=1.00&out_csys=Equatorial&out_equinox=J2000.0&obj_sort=Distance+to+search+center&of=pre_text&zv_breaker=30000.0&list_limit=5&img_stamp=YES&z_constraint=Unconstrained&z_value1=&z_value2=&z_unit=z&ot_include=ANY&nmp_op=AN	LIVE	N/A		
http://nedwww.ipac.caltech.edu/cgi-bin/nph-objsearch?search_type=Near+Position+Search&in_csys=Near+Position=+Search&in_csys=Equatorial&in_equinox=J2000.0&lon=14+00+00.2&lat=+07+45+52&radius=10.0&out_csys=Equatorial&out_equinox=J2000.0&obj_sort=Distance+to+search+center&of=pre_text&zv_breaker=30000.0&list_limit=5&img_stamp=YES&z_constraint=Unconstrained&z_value1=&z_value2=&z_unit=z&ot_include=ANY&nmp_op=AN	LIVE	N/A		
http://nedwww.ipac.caltech.edu/cgi-bin/nph-objsearch?search_type=Near+Position+Search&in_csys=Near+Position=+Search&in_csys=Equatorial&in_equinox=J2000.0&lon=22+37+42.8&lat=+35+18+57&radius=1.00&out_csys=Equatorial&out_equinox=J2000.0&obj_sort=Distance+to+search+center&of=pre_text&zv_breaker=30000.0&list_limit=5&img_stamp=YES&z_constraint=Unconstrained&z_value1=&z_value2=&z_unit=z&ot_include=ANY&nmp_op=AN	LIVE	N/A		
http://nedwww.ipac.caltech.edu/cgi-bin/nph-objsearch?search_type=Near+Position+Search&in_csys=Near+Position=+Search&in_csys=Equatorial&in_equinox=J2000.0&lon=10+39+55.6&lat=+13+54+34&radius=10.0&out_csys=Equatorial&out_equinox=J2000.0&obj_sort=Distance+to+search+center&of=pre_text&zv_breaker=30000.0&list_limit=5&img_stamp=YES&z_constraint=Unconstrained&z_value1=&z_value2=&z_unit=z&ot_include=ANY&nmp_op=AN	LIVE	N/A		
http://nedwww.ipac.caltech.edu/cgi-bin/nph-objsearch?search_type=Near+Position+Search&in_csys=Near+Position=+Search&in_csys=Equatorial&in_equinox=J2000.0&lon=08+17+01.4&lat=+17+04+13&radius=1.00&out_csys=Equatorial&out_equinox=J2000.0&obj_sort=Distance+to+search+center&of=pre_text&zv_breaker=30000.0&list_limit=5&img_stamp=YES&z_constraint=Unconstrained&z_value1=&z_value2=&z_unit=z&ot_include=ANY&nmp_op=AN	LIVE	N/A		
http://nedwww.ipac.caltech.edu/cgi-bin/nph-objsearch?search_type=Near+Position+Search&in_csys=Near+Position=+Search&in_csys=Equatorial&in_equinox=J2000.0&lon=10+39+55.6&lat=+13+54+34&radius=1.00&out_csys=Equatorial&out_equinox=J2000.0&obj_sort=Distance+to+search+center&of=pre_text&zv_breaker=30000.0&list_limit=5&img_stamp=YES&z_constraint=Unconstrained&z_value1=&z_value2=&z_unit=z&ot_include=ANY&nmp_op=AN	LIVE	N/A		
http://nedwww.ipac.caltech.edu/cgi-bin/nph-objsearch?search_type=Near+Position+Search&in_csys=Near+Position=+Search&in_csys=Equatorial&in_equinox=J2000.0&lon=11+00+51.9&lat=+13+52+51&radius=1.00&out_csys=Equatorial&out_equinox=J2000.0&obj_sort=Distance+to+search+center&of=pre_text&zv_breaker=30000.0&list_limit=5&img_stamp=YES&z_constraint=Unconstrained&z_value1=&z_value2=&z_unit=z&ot_include=ANY&nmp_op=AN	LIVE	N/A		
http://nedwww.ipac.caltech.edu/cgi-bin/nph-objsearch?search_type=Near+Position+Search&in_csys=Near+Position=+Search&in_csys=Equatorial&in_equinox=J2000.0&lon=10+51+21.1&lat=+12+50+57&radius=1.00&out_csys=Equatorial&out_equinox=J2000.0&obj_sort=Distance+to+search+center&of=pre_text&zv_breaker=30000.0&list_limit=5&img_stamp=YES&z_constraint=Unconstrained&z_value1=&z_value2=&z_unit=z&ot_include=ANY&nmp_op=AN	LIVE	N/A		
http://nedwww.ipac.caltech.edu/cgi-bin/nph-objsearch?search_type=Near+Position+Search&in_csys=Near+Position=+Search&in_csys=Equatorial&in_equinox=J2000.0&lon=10+49+37.1&lat=+11+21+06&radius=10.0&out_csys=Equatorial&out_equinox=J2000.0&obj_sort=Distance+to+search+center&of=pre_text&zv_breaker=30000.0&list_limit=5&img_stamp=YES&z_constraint=Unconstrained&z_value1=&z_value2=&z_unit=z&ot_include=ANY&nmp_op=AN	LIVE	N/A		
http://nedwww.ipac.caltech.edu/cgi-bin/nph-objsearch?search_type=Near+Position+Search&in_csys=Near+Position=+Search&in_csys=Equatorial&in_equinox=J2000.0&lon=10+33+53.4&lat=+11+12+23&radius=10.0&out_csys=Equatorial&out_equinox=J2000.0&obj_sort=Distance+to+search+center&of=pre_text&zv_breaker=30000.0&list_limit=5&img_stamp=YES&z_constraint=Unconstrained&z_value1=&z_value2=&z_unit=z&ot_include=ANY&nmp_op=AN	LIVE	N/A		
http://nedwww.ipac.caltech.edu/cgi-bin/nph-objsearch?search_type=Near+Position+Search&in_csys=Near+Position=+Search&in_csys=Equatorial&in_equinox=J2000.0&lon=11+03+01.9&lat=+08+02+54&radius=10.0&out_csys=Equatorial&out_equinox=J2000.0&obj_sort=Distance+to+search+center&of=pre_text&zv_breaker=30000.0&list_limit=5&img_stamp=YES&z_constraint=Unconstrained&z_value1=&z_value2=&z_unit=z&ot_include=ANY&nmp_op=AN	LIVE	N/A		
http://nedwww.ipac.caltech.edu/cgi-bin/nph-objsearch?search_type=Near+Position+Search&in_csys=Near+Position=+Search&in_csys=Equatorial&in_equinox=J2000.0&lon=10+44+57.5&lat=+11+54+58&radius=10.0&out_csys=Equatorial&out_equinox=J2000.0&obj_sort=Distance+to+search+center&of=pre_text&zv_breaker=30000.0&list_limit=5&img_stamp=YES&z_constraint=Unconstrained&z_value1=&z_value2=&z_unit=z&ot_include=ANY&nmp_op=AN	LIVE	N/A		
http://nedwww.ipac.caltech.edu/cgi-bin/nph-objsearch?search_type=Near+Position+Search&in_csys=Near+Position=+Search&in_csys=Equatorial&in_equinox=J2000.0&lon=12+03+34.8&lat=+08+17+41&radius=10.0&out_csys=Equatorial&out_equinox=J2000.0&obj_sort=Distance+to+search+center&of=pre_text&zv_breaker=30000.0&list_limit=5&img_stamp=YES&z_constraint=Unconstrained&z_value1=&z_value2=&z_unit=z&ot_include=ANY&nmp_op=AN	LIVE	N/A		
http://nedwww.ipac.caltech.edu/cgi-bin/nph-objsearch?search_type=Near+Position+Search&in_csys=Near+Position=+Search&in_csys=Equatorial&in_equinox=J2000.0&lon=23+39+15.2&lat=+24+48+51&radius=1.00&out_csys=Equatorial&out_equinox=J2000.0&obj_sort=Distance+to+search+center&of=pre_text&zv_breaker=30000.0&list_limit=5&img_stamp=YES&z_constraint=Unconstrained&z_value1=&z_value2=&z_unit=z&ot_include=ANY&nmp_op=AN	LIVE	N/A		
http://nedwww.ipac.caltech.edu/cgi-bin/nph-objsearch?search_type=Near+Position+Search&in_csys=Near+Position=+Search&in_csys=Equatorial&in_equinox=J2000.0&lon=11+48+27.6&lat=+12+43+38&radius=10.0&out_csys=Equatorial&out_equinox=J2000.0&obj_sort=Distance+to+search+center&of=pre_text&zv_breaker=30000.0&list_limit=5&img_stamp=YES&z_constraint=Unconstrained&z_value1=&z_value2=&z_unit=z&ot_include=ANY&nmp_op=AN	LIVE	N/A		
http://nedwww.ipac.caltech.edu/cgi-bin/nph-objsearch?search_type=Near+Position+Search&in_csys=Near+Position=+Search&in_csys=Equatorial&in_equinox=J2000.0&lon=13+29+28.4&lat=+11+39+19&radius=1.00&out_csys=Equatorial&out_equinox=J2000.0&obj_sort=Distance+to+search+center&of=pre_text&zv_breaker=30000.0&list_limit=5&img_stamp=YES&z_constraint=Unconstrained&z_value1=&z_value2=&z_unit=z&ot_include=ANY&nmp_op=AN	LIVE	N/A		
http://nedwww.ipac.caltech.edu/cgi-bin/nph-objsearch?search_type=Near+Position+Search&in_csys=Near+Position=+Search&in_csys=Equatorial&in_equinox=J2000.0&lon=13+54+58.4&lat=+05+20+00&radius=10.0&out_csys=Equatorial&out_equinox=J2000.0&obj_sort=Distance+to+search+center&of=pre_text&zv_breaker=30000.0&list_limit=5&img_stamp=YES&z_constraint=Unconstrained&z_value1=&z_value2=&z_unit=z&ot_include=ANY&nmp_op=AN	LIVE	N/A		
http://nedwww.ipac.caltech.edu/cgi-bin/nph-objsearch?search_type=Near+Position+Search&in_csys=Near+Position=+Search&in_csys=Equatorial&in_equinox=J2000.0&lon=11+50+13.2&lat=+05+20+12&radius=10.0&out_csys=Equatorial&out_equinox=J2000.0&obj_sort=Distance+to+search+center&of=pre_text&zv_breaker=30000.0&list_limit=5&img_stamp=YES&z_constraint=Unconstrained&z_value1=&z_value2=&z_unit=z&ot_include=ANY&nmp_op=AN	LIVE	N/A		
http://nedwww.ipac.caltech.edu/cgi-bin/nph-objsearch?search_type=Near+Position+Search&in_csys=Near+Position=+Search&in_csys=Equatorial&in_equinox=J2000.0&lon=13+29+30.8&lat=+11+44+44&radius=1.00&out_csys=Equatorial&out_equinox=J2000.0&obj_sort=Distance+to+search+center&of=pre_text&zv_breaker=30000.0&list_limit=5&img_stamp=YES&z_constraint=Unconstrained&z_value1=&z_value2=&z_unit=z&ot_include=ANY&nmp_op=AN	LIVE	N/A		
http://nedwww.ipac.caltech.edu/cgi-bin/nph-objsearch?search_type=Near+Position+Search&in_csys=Near+Position=+Search&in_csys=Equatorial&in_equinox=J2000.0&lon=13+55+04.5&lat=+05+11+22&radius=10.0&out_csys=Equatorial&out_equinox=J2000.0&obj_sort=Distance+to+search+center&of=pre_text&zv_breaker=30000.0&list_limit=5&img_stamp=YES&z_constraint=Unconstrained&z_value1=&z_value2=&z_unit=z&ot_include=ANY&nmp_op=AN	LIVE	N/A		
http://nedwww.ipac.caltech.edu/cgi-bin/nph-objsearch?search_type=Near+Position+Search&in_csys=Near+Position=+Search&in_csys=Equatorial&in_equinox=J2000.0&lon=16+04+48.1&lat=+14+07+44&radius=10.0&out_csys=Equatorial&out_equinox=J2000.0&obj_sort=Distance+to+search+center&of=pre_text&zv_breaker=30000.0&list_limit=5&img_stamp=YES&z_constraint=Unconstrained&z_value1=&z_value2=&z_unit=z&ot_include=ANY&nmp_op=AN	LIVE	N/A		
http://nedwww.ipac.caltech.edu/cgi-bin/nph-objsearch?search_type=Near+Position+Search&in_csys=Near+Position=+Search&in_csys=Equatorial&in_equinox=J2000.0&lon=15+06+41.4&lat=+12+44+13&radius=1.00&out_csys=Equatorial&out_equinox=J2000.0&obj_sort=Distance+to+search+center&of=pre_text&zv_breaker=30000.0&list_limit=5&img_stamp=YES&z_constraint=Unconstrained&z_value1=&z_value2=&z_unit=z&ot_include=ANY&nmp_op=AN	LIVE	N/A		
http://nedwww.ipac.caltech.edu/cgi-bin/nph-objsearch?search_type=Near+Position+Search&in_csys=Near+Position=+Search&in_csys=Equatorial&in_equinox=J2000.0&lon=13+56+55.6&lat=+05+09+06&radius=10.0&out_csys=Equatorial&out_equinox=J2000.0&obj_sort=Distance+to+search+center&of=pre_text&zv_breaker=30000.0&list_limit=5&img_stamp=YES&z_constraint=Unconstrained&z_value1=&z_value2=&z_unit=z&ot_include=ANY&nmp_op=AN	LIVE	N/A		
http://nedwww.ipac.caltech.edu/cgi-bin/nph-objsearch?search_type=Near+Position+Search&in_csys=Near+Position=+Search&in_csys=Equatorial&in_equinox=J2000.0&lon=11+13+09.5&lat=+29+16+23&radius=1.00&out_csys=Equatorial&out_equinox=J2000.0&obj_sort=Distance+to+search+center&of=pre_text&zv_breaker=30000.0&list_limit=5&img_stamp=YES&z_constraint=Unconstrained&z_value1=&z_value2=&z_unit=z&ot_include=ANY&nmp_op=AN	LIVE	N/A		
http://nedwww.ipac.caltech.edu/cgi-bin/nph-objsearch?search_type=Near+Position+Search&in_csys=Near+Position=+Search&in_csys=Equatorial&in_equinox=J2000.0&lon=23+41+53.3&lat=+27+11+18&radius=1.00&out_csys=Equatorial&out_equinox=J2000.0&obj_sort=Distance+to+search+center&of=pre_text&zv_breaker=30000.0&list_limit=5&img_stamp=YES&z_constraint=Unconstrained&z_value1=&z_value2=&z_unit=z&ot_include=ANY&nmp_op=AN	LIVE	N/A		
http://nedwww.ipac.caltech.edu/cgi-bin/nph-objsearch?search_type=Near+Position+Search&in_csys=Near+Position=+Search&in_csys=Equatorial&in_equinox=J2000.0&lon=23+42+59.7&lat=+23+06+05&radius=1.00&out_csys=Equatorial&out_equinox=J2000.0&obj_sort=Distance+to+search+center&of=pre_text&zv_breaker=30000.0&list_limit=5&img_stamp=YES&z_constraint=Unconstrained&z_value1=&z_value2=&z_unit=z&ot_include=ANY&nmp_op=AN	LIVE	N/A		
http://nedwww.ipac.caltech.edu/cgi-bin/nph-objsearch?search_type=Near+Position+Search&in_csys=Near+Position=+Search&in_csys=Equatorial&in_equinox=J2000.0&lon=12+00+28.0&lat=+09+36+55&radius=10.0&out_csys=Equatorial&out_equinox=J2000.0&obj_sort=Distance+to+search+center&of=pre_text&zv_breaker=30000.0&list_limit=5&img_stamp=YES&z_constraint=Unconstrained&z_value1=&z_value2=&z_unit=z&ot_include=ANY&nmp_op=AN	LIVE	N/A		
http://nedwww.ipac.caltech.edu/cgi-bin/nph-objsearch?search_type=Near+Position+Search&in_csys=Near+Position=+Search&in_csys=Equatorial&in_equinox=J2000.0&lon=02+22+37.1&lat=+31+40+43&radius=1.00&out_csys=Equatorial&out_equinox=J2000.0&obj_sort=Distance+to+search+center&of=pre_text&zv_breaker=30000.0&list_limit=5&img_stamp=YES&z_constraint=Unconstrained&z_value1=&z_value2=&z_unit=z&ot_include=ANY&nmp_op=AN	LIVE	N/A		
http://nedwww.ipac.caltech.edu/cgi-bin/nph-objsearch?search_type=Near+Position+Search&in_csys=Near+Position=+Search&in_csys=Equatorial&in_equinox=J2000.0&lon=10+46+41.3&lat=+12+19+37&radius=10.0&out_csys=Equatorial&out_equinox=J2000.0&obj_sort=Distance+to+search+center&of=pre_text&zv_breaker=30000.0&list_limit=5&img_stamp=YES&z_constraint=Unconstrained&z_value1=&z_value2=&z_unit=z&ot_include=ANY&nmp_op=AN	LIVE	N/A		
http://nedwww.ipac.caltech.edu/cgi-bin/nph-objsearch?search_type=Near+Position+Search&in_csys=Near+Position=+Search&in_csys=Equatorial&in_equinox=J2000.0&lon=09+41+16.7&lat=+11+33+16&radius=1.00&out_csys=Equatorial&out_equinox=J2000.0&obj_sort=Distance+to+search+center&of=pre_text&zv_breaker=30000.0&list_limit=5&img_stamp=YES&z_constraint=Unconstrained&z_value1=&z_value2=&z_unit=z&ot_include=ANY&nmp_op=AN	LIVE	N/A		
http://nedwww.ipac.caltech.edu/cgi-bin/nph-objsearch?search_type=Near+Position+Search&in_csys=Near+Position=+Search&in_csys=Equatorial&in_equinox=J2000.0&lon=10+44+26.1&lat=+15+23+48&radius=10.0&out_csys=Equatorial&out_equinox=J2000.0&obj_sort=Distance+to+search+center&of=pre_text&zv_breaker=30000.0&list_limit=5&img_stamp=YES&z_constraint=Unconstrained&z_value1=&z_value2=&z_unit=z&ot_include=ANY&nmp_op=AN	LIVE	N/A		
http://nedwww.ipac.caltech.edu/cgi-bin/nph-objsearch?search_type=Near+Position+Search&in_csys=Near+Position=+Search&in_csys=Equatorial&in_equinox=J2000.0&lon=13+29+25.8&lat=+11+00+28&radius=10.0&out_csys=Equatorial&out_equinox=J2000.0&obj_sort=Distance+to+search+center&of=pre_text&zv_breaker=30000.0&list_limit=5&img_stamp=YES&z_constraint=Unconstrained&z_value1=&z_value2=&z_unit=z&ot_include=ANY&nmp_op=AN	LIVE	N/A		
http://nedwww.ipac.caltech.edu/cgi-bin/nph-objsearch?search_type=Near+Position+Search&in_csys=Near+Position=+Search&in_csys=Equatorial&in_equinox=J2000.0&lon=10+23+28.8&lat=+19+53+21&radius=1.00&out_csys=Equatorial&out_equinox=J2000.0&obj_sort=Distance+to+search+center&of=pre_text&zv_breaker=30000.0&list_limit=5&img_stamp=YES&z_constraint=Unconstrained&z_value1=&z_value2=&z_unit=z&ot_include=ANY&nmp_op=AN	LIVE	N/A		
http://nedwww.ipac.caltech.edu/cgi-bin/nph-objsearch?search_type=Near+Position+Search&in_csys=Near+Position=+Search&in_csys=Equatorial&in_equinox=J2000.0&lon=10+46+41.3&lat=+12+19+37&radius=1.00&out_csys=Equatorial&out_equinox=J2000.0&obj_sort=Distance+to+search+center&of=pre_text&zv_breaker=30000.0&list_limit=5&img_stamp=YES&z_constraint=Unconstrained&z_value1=&z_value2=&z_unit=z&ot_include=ANY&nmp_op=AN	LIVE	N/A		
http://nedwww.ipac.caltech.edu/cgi-bin/nph-objsearch?search_type=Near+Position+Search&in_csys=Near+Position=+Search&in_csys=Equatorial&in_equinox=J2000.0&lon=12+59+29.4&lat=+27+51+00&radius=1.00&out_csys=Equatorial&out_equinox=J2000.0&obj_sort=Distance+to+search+center&of=pre_text&zv_breaker=30000.0&list_limit=5&img_stamp=YES&z_constraint=Unconstrained&z_value1=&z_value2=&z_unit=z&ot_include=ANY&nmp_op=AN	LIVE	N/A		
http://nedwww.ipac.caltech.edu/cgi-bin/nph-objsearch?search_type=Near+Position+Search&in_csys=Near+Position=+Search&in_csys=Equatorial&in_equinox=J2000.0&lon=13+55+38.7&lat=+04+59+05&radius=10.0&out_csys=Equatorial&out_equinox=J2000.0&obj_sort=Distance+to+search+center&of=pre_text&zv_breaker=30000.0&list_limit=5&img_stamp=YES&z_constraint=Unconstrained&z_value1=&z_value2=&z_unit=z&ot_include=ANY&nmp_op=AN	LIVE	N/A		
http://nedwww.ipac.caltech.edu/cgi-bin/nph-objsearch?search_type=Near+Position+Search&in_csys=Near+Position=+Search&in_csys=Equatorial&in_equinox=J2000.0&lon=22+22+51.5&lat=+23+10+19&radius=1.00&out_csys=Equatorial&out_equinox=J2000.0&obj_sort=Distance+to+search+center&of=pre_text&zv_breaker=30000.0&list_limit=5&img_stamp=YES&z_constraint=Unconstrained&z_value1=&z_value2=&z_unit=z&ot_include=ANY&nmp_op=AN	LIVE	N/A		
http://nedwww.ipac.caltech.edu/cgi-bin/nph-objsearch?search_type=Near+Position+Search&in_csys=Near+Position=+Search&in_csys=Equatorial&in_equinox=J2000.0&lon=10+55+55.3&lat=+12+20+22&radius=10.0&out_csys=Equatorial&out_equinox=J2000.0&obj_sort=Distance+to+search+center&of=pre_text&zv_breaker=30000.0&list_limit=5&img_stamp=YES&z_constraint=Unconstrained&z_value1=&z_value2=&z_unit=z&ot_include=ANY&nmp_op=AN	LIVE	N/A		
http://nedwww.ipac.caltech.edu/cgi-bin/nph-objsearch?search_type=Near+Position+Search&in_csys=Near+Position=+Search&in_csys=Equatorial&in_equinox=J2000.0&lon=10+46+14.4&lat=+12+57+35&radius=1.00&out_csys=Equatorial&out_equinox=J2000.0&obj_sort=Distance+to+search+center&of=pre_text&zv_breaker=30000.0&list_limit=5&img_stamp=YES&z_constraint=Unconstrained&z_value1=&z_value2=&z_unit=z&ot_include=ANY&nmp_op=AN	LIVE	N/A		
http://nedwww.ipac.caltech.edu/cgi-bin/nph-objsearch?search_type=Near+Position+Search&in_csys=Near+Position=+Search&in_csys=Equatorial&in_equinox=J2000.0&lon=13+56+07.3&lat=+05+15+17&radius=10.0&out_csys=Equatorial&out_equinox=J2000.0&obj_sort=Distance+to+search+center&of=pre_text&zv_breaker=30000.0&list_limit=5&img_stamp=YES&z_constraint=Unconstrained&z_value1=&z_value2=&z_unit=z&ot_include=ANY&nmp_op=AN	LIVE	N/A		
http://nedwww.ipac.caltech.edu/cgi-bin/nph-objsearch?search_type=Near+Position+Search&in_csys=Near+Position=+Search&in_csys=Equatorial&in_equinox=J2000.0&lon=22+38+58.2&lat=+34+03+04&radius=1.00&out_csys=Equatorial&out_equinox=J2000.0&obj_sort=Distance+to+search+center&of=pre_text&zv_breaker=30000.0&list_limit=5&img_stamp=YES&z_constraint=Unconstrained&z_value1=&z_value2=&z_unit=z&ot_include=ANY&nmp_op=AN	LIVE	N/A		
http://nedwww.ipac.caltech.edu/cgi-bin/nph-objsearch?search_type=Near+Position+Search&in_csys=Near+Position=+Search&in_csys=Equatorial&in_equinox=J2000.0&lon=22+37+35.0&lat=+29+41+34&radius=1.00&out_csys=Equatorial&out_equinox=J2000.0&obj_sort=Distance+to+search+center&of=pre_text&zv_breaker=30000.0&list_limit=5&img_stamp=YES&z_constraint=Unconstrained&z_value1=&z_value2=&z_unit=z&ot_include=ANY&nmp_op=AN	LIVE	N/A		
http://nedwww.ipac.caltech.edu/cgi-bin/nph-objsearch?search_type=Near+Position+Search&in_csys=Near+Position=+Search&in_csys=Equatorial&in_equinox=J2000.0&lon=12+46+14.2&lat=+02+01+31&radius=1.00&out_csys=Equatorial&out_equinox=J2000.0&obj_sort=Distance+to+search+center&of=pre_text&zv_breaker=30000.0&list_limit=5&img_stamp=YES&z_constraint=Unconstrained&z_value1=&z_value2=&z_unit=z&ot_include=ANY&nmp_op=AN	LIVE	N/A		
http://nedwww.ipac.caltech.edu/cgi-bin/nph-objsearch?search_type=Near+Position+Search&in_csys=Near+Position=+Search&in_csys=Equatorial&in_equinox=J2000.0&lon=14+16+35.3&lat=+09+59+06&radius=10.0&out_csys=Equatorial&out_equinox=J2000.0&obj_sort=Distance+to+search+center&of=pre_text&zv_breaker=30000.0&list_limit=5&img_stamp=YES&z_constraint=Unconstrained&z_value1=&z_value2=&z_unit=z&ot_include=ANY&nmp_op=AN	LIVE	N/A		
http://nedwww.ipac.caltech.edu/cgi-bin/nph-objsearch?search_type=Near+Position+Search&in_csys=Near+Position=+Search&in_csys=Equatorial&in_equinox=J2000.0&lon=08+43+21.4&lat=+10+43+34&radius=10.0&out_csys=Equatorial&out_equinox=J2000.0&obj_sort=Distance+to+search+center&of=pre_text&zv_breaker=30000.0&list_limit=5&img_stamp=YES&z_constraint=Unconstrained&z_value1=&z_value2=&z_unit=z&ot_include=ANY&nmp_op=AN	LIVE	N/A		
http://nedwww.ipac.caltech.edu/cgi-bin/nph-objsearch?search_type=Near+Position+Search&in_csys=Near+Position=+Search&in_csys=Equatorial&in_equinox=J2000.0&lon=02+38+33.9&lat=+26+43+32&radius=1.00&out_csys=Equatorial&out_equinox=J2000.0&obj_sort=Distance+to+search+center&of=pre_text&zv_breaker=30000.0&list_limit=5&img_stamp=YES&z_constraint=Unconstrained&z_value1=&z_value2=&z_unit=z&ot_include=ANY&nmp_op=AN	LIVE	N/A		
http://nedwww.ipac.caltech.edu/cgi-bin/nph-objsearch?search_type=Near+Position+Search&in_csys=Near+Position=+Search&in_csys=Equatorial&in_equinox=J2000.0&lon=10+52+20.1&lat=+14+42+25&radius=1.00&out_csys=Equatorial&out_equinox=J2000.0&obj_sort=Distance+to+search+center&of=pre_text&zv_breaker=30000.0&list_limit=5&img_stamp=YES&z_constraint=Unconstrained&z_value1=&z_value2=&z_unit=z&ot_include=ANY&nmp_op=AN	LIVE	N/A		
http://nedwww.ipac.caltech.edu/cgi-bin/nph-objsearch?search_type=Near+Position+Search&in_csys=Near+Position=+Search&in_csys=Equatorial&in_equinox=J2000.0&lon=10+23+16.1&lat=+19+32+20&radius=1.00&out_csys=Equatorial&out_equinox=J2000.0&obj_sort=Distance+to+search+center&of=pre_text&zv_breaker=30000.0&list_limit=5&img_stamp=YES&z_constraint=Unconstrained&z_value1=&z_value2=&z_unit=z&ot_include=ANY&nmp_op=AN	LIVE	N/A		
http://nedwww.ipac.caltech.edu/cgi-bin/nph-objsearch?search_type=Near+Position+Search&in_csys=Near+Position=+Search&in_csys=Equatorial&in_equinox=J2000.0&lon=10+46+30.2&lat=+11+45+19&radius=1.00&out_csys=Equatorial&out_equinox=J2000.0&obj_sort=Distance+to+search+center&of=pre_text&zv_breaker=30000.0&list_limit=5&img_stamp=YES&z_constraint=Unconstrained&z_value1=&z_value2=&z_unit=z&ot_include=ANY&nmp_op=AN	LIVE	N/A		
http://nedwww.ipac.caltech.edu/cgi-bin/nph-objsearch?search_type=Near+Position+Search&in_csys=Near+Position=+Search&in_csys=Equatorial&in_equinox=J2000.0&lon=15+53+23.2&lat=+11+57+33&radius=10.0&out_csys=Equatorial&out_equinox=J2000.0&obj_sort=Distance+to+search+center&of=pre_text&zv_breaker=30000.0&list_limit=5&img_stamp=YES&z_constraint=Unconstrained&z_value1=&z_value2=&z_unit=z&ot_include=ANY&nmp_op=AN	LIVE	N/A		
http://nedwww.ipac.caltech.edu/cgi-bin/nph-objsearch?search_type=Near+Position+Search&in_csys=Near+Position=+Search&in_csys=Equatorial&in_equinox=J2000.0&lon=14+08+52.6&lat=+11+10+40&radius=10.0&out_csys=Equatorial&out_equinox=J2000.0&obj_sort=Distance+to+search+center&of=pre_text&zv_breaker=30000.0&list_limit=5&img_stamp=YES&z_constraint=Unconstrained&z_value1=&z_value2=&z_unit=z&ot_include=ANY&nmp_op=AN	LIVE	N/A		
http://nedwww.ipac.caltech.edu/cgi-bin/nph-objsearch?search_type=Near+Position+Search&in_csys=Near+Position=+Search&in_csys=Equatorial&in_equinox=J2000.0&lon=10+55+55.3&lat=+12+20+22&radius=1.00&out_csys=Equatorial&out_equinox=J2000.0&obj_sort=Distance+to+search+center&of=pre_text&zv_breaker=30000.0&list_limit=5&img_stamp=YES&z_constraint=Unconstrained&z_value1=&z_value2=&z_unit=z&ot_include=ANY&nmp_op=AN	LIVE	N/A		
http://nedwww.ipac.caltech.edu/cgi-bin/nph-objsearch?search_type=Near+Position+Search&in_csys=Near+Position=+Search&in_csys=Equatorial&in_equinox=J2000.0&lon=14+28+01.9&lat=+25+34+10&radius=1.00&out_csys=Equatorial&out_equinox=J2000.0&obj_sort=Distance+to+search+center&of=pre_text&zv_breaker=30000.0&list_limit=5&img_stamp=YES&z_constraint=Unconstrained&z_value1=&z_value2=&z_unit=z&ot_include=ANY&nmp_op=AN	LIVE	N/A		
http://nedwww.ipac.caltech.edu/cgi-bin/nph-objsearch?search_type=Near+Position+Search&in_csys=Near+Position=+Search&in_csys=Equatorial&in_equinox=J2000.0&lon=09+45+56.2&lat=+13+02+26&radius=1.00&out_csys=Equatorial&out_equinox=J2000.0&obj_sort=Distance+to+search+center&of=pre_text&zv_breaker=30000.0&list_limit=5&img_stamp=YES&z_constraint=Unconstrained&z_value1=&z_value2=&z_unit=z&ot_include=ANY&nmp_op=AN	LIVE	N/A		
http://nedwww.ipac.caltech.edu/cgi-bin/nph-objsearch?search_type=Near+Position+Search&in_csys=Near+Position=+Search&in_csys=Equatorial&in_equinox=J2000.0&lon=10+23+28.3&lat=+19+39+38&radius=1.00&out_csys=Equatorial&out_equinox=J2000.0&obj_sort=Distance+to+search+center&of=pre_text&zv_breaker=30000.0&list_limit=5&img_stamp=YES&z_constraint=Unconstrained&z_value1=&z_value2=&z_unit=z&ot_include=ANY&nmp_op=AN	LIVE	N/A		
http://nedwww.ipac.caltech.edu/cgi-bin/nph-objsearch?search_type=Near+Position+Search&in_csys=Near+Position=+Search&in_csys=Equatorial&in_equinox=J2000.0&lon=11+19+14.4&lat=+11+57+07&radius=10.0&out_csys=Equatorial&out_equinox=J2000.0&obj_sort=Distance+to+search+center&of=pre_text&zv_breaker=30000.0&list_limit=5&img_stamp=YES&z_constraint=Unconstrained&z_value1=&z_value2=&z_unit=z&ot_include=ANY&nmp_op=AN	LIVE	N/A		
http://nedwww.ipac.caltech.edu/cgi-bin/nph-objsearch?search_type=Near+Position+Search&in_csys=Near+Position=+Search&in_csys=Equatorial&in_equinox=J2000.0&lon=13+56+12.0&lat=+05+00+52&radius=10.0&out_csys=Equatorial&out_equinox=J2000.0&obj_sort=Distance+to+search+center&of=pre_text&zv_breaker=30000.0&list_limit=5&img_stamp=YES&z_constraint=Unconstrained&z_value1=&z_value2=&z_unit=z&ot_include=ANY&nmp_op=AN	LIVE	N/A		
http://nedwww.ipac.caltech.edu/cgi-bin/nph-objsearch?search_type=Near+Position+Search&in_csys=Near+Position=+Search&in_csys=Equatorial&in_equinox=J2000.0&lon=14+18+48.5&lat=+10+50+37&radius=10.0&out_csys=Equatorial&out_equinox=J2000.0&obj_sort=Distance+to+search+center&of=pre_text&zv_breaker=30000.0&list_limit=5&img_stamp=YES&z_constraint=Unconstrained&z_value1=&z_value2=&z_unit=z&ot_include=ANY&nmp_op=AN	LIVE	N/A		
http://nedwww.ipac.caltech.edu/cgi-bin/nph-objsearch?search_type=Near+Position+Search&in_csys=Near+Position=+Search&in_csys=Equatorial&in_equinox=J2000.0&lon=10+42+34.6&lat=+12+09+01&radius=1.00&out_csys=Equatorial&out_equinox=J2000.0&obj_sort=Distance+to+search+center&of=pre_text&zv_breaker=30000.0&list_limit=5&img_stamp=YES&z_constraint=Unconstrained&z_value1=&z_value2=&z_unit=z&ot_include=ANY&nmp_op=AN	LIVE	N/A		
http://nedwww.ipac.caltech.edu/cgi-bin/nph-objsearch?search_type=Near+Position+Search&in_csys=Near+Position=+Search&in_csys=Equatorial&in_equinox=J2000.0&lon=11+49+14.1&lat=+15+36+51&radius=10.0&out_csys=Equatorial&out_equinox=J2000.0&obj_sort=Distance+to+search+center&of=pre_text&zv_breaker=30000.0&list_limit=5&img_stamp=YES&z_constraint=Unconstrained&z_value1=&z_value2=&z_unit=z&ot_include=ANY&nmp_op=AN	LIVE	N/A		
http://nedwww.ipac.caltech.edu/cgi-bin/nph-objsearch?search_type=Near+Position+Search&in_csys=Near+Position=+Search&in_csys=Equatorial&in_equinox=J2000.0&lon=10+47+00.8&lat=+12+57+34&radius=1.00&out_csys=Equatorial&out_equinox=J2000.0&obj_sort=Distance+to+search+center&of=pre_text&zv_breaker=30000.0&list_limit=5&img_stamp=YES&z_constraint=Unconstrained&z_value1=&z_value2=&z_unit=z&ot_include=ANY&nmp_op=AN	LIVE	N/A		
http://nedwww.ipac.caltech.edu/cgi-bin/nph-objsearch?search_type=Near+Position+Search&in_csys=Near+Position=+Search&in_csys=Equatorial&in_equinox=J2000.0&lon=13+29+35.5&lat=+11+41+50&radius=1.00&out_csys=Equatorial&out_equinox=J2000.0&obj_sort=Distance+to+search+center&of=pre_text&zv_breaker=30000.0&list_limit=5&img_stamp=YES&z_constraint=Unconstrained&z_value1=&z_value2=&z_unit=z&ot_include=ANY&nmp_op=AN	LIVE	N/A		
http://nedwww.ipac.caltech.edu/cgi-bin/nph-objsearch?search_type=Near+Position+Search&in_csys=Near+Position=+Search&in_csys=Equatorial&in_equinox=J2000.0&lon=14+46+21.4&lat=+13+01+14&radius=10.0&out_csys=Equatorial&out_equinox=J2000.0&obj_sort=Distance+to+search+center&of=pre_text&zv_breaker=30000.0&list_limit=5&img_stamp=YES&z_constraint=Unconstrained&z_value1=&z_value2=&z_unit=z&ot_include=ANY&nmp_op=AN	LIVE	N/A		
http://nedwww.ipac.caltech.edu/cgi-bin/nph-objsearch?search_type=Near+Position+Search&in_csys=Near+Position=+Search&in_csys=Equatorial&in_equinox=J2000.0&lon=09+08+53.7&lat=+14+35+01&radius=1.00&out_csys=Equatorial&out_equinox=J2000.0&obj_sort=Distance+to+search+center&of=pre_text&zv_breaker=30000.0&list_limit=5&img_stamp=YES&z_constraint=Unconstrained&z_value1=&z_value2=&z_unit=z&ot_include=ANY&nmp_op=AN	LIVE	N/A		
http://nedwww.ipac.caltech.edu/cgi-bin/nph-objsearch?search_type=Near+Position+Search&in_csys=Near+Position=+Search&in_csys=Equatorial&in_equinox=J2000.0&lon=13+58+17.0&lat=+07+08+48&radius=10.0&out_csys=Equatorial&out_equinox=J2000.0&obj_sort=Distance+to+search+center&of=pre_text&zv_breaker=30000.0&list_limit=5&img_stamp=YES&z_constraint=Unconstrained&z_value1=&z_value2=&z_unit=z&ot_include=ANY&nmp_op=AN	LIVE	N/A		
http://nedwww.ipac.caltech.edu/cgi-bin/nph-objsearch?search_type=Near+Position+Search&in_csys=Near+Position=+Search&in_csys=Equatorial&in_equinox=J2000.0&lon=10+44+57.5&lat=+11+54+58&radius=1.00&out_csys=Equatorial&out_equinox=J2000.0&obj_sort=Distance+to+search+center&of=pre_text&zv_breaker=30000.0&list_limit=5&img_stamp=YES&z_constraint=Unconstrained&z_value1=&z_value2=&z_unit=z&ot_include=ANY&nmp_op=AN	LIVE	N/A		
http://nedwww.ipac.caltech.edu/cgi-bin/nph-objsearch?search_type=Near+Position+Search&in_csys=Near+Position=+Search&in_csys=Equatorial&in_equinox=J2000.0&lon=10+42+34.6&lat=+12+09+01&radius=10.0&out_csys=Equatorial&out_equinox=J2000.0&obj_sort=Distance+to+search+center&of=pre_text&zv_breaker=30000.0&list_limit=5&img_stamp=YES&z_constraint=Unconstrained&z_value1=&z_value2=&z_unit=z&ot_include=ANY&nmp_op=AN	LIVE	N/A		
http://nedwww.ipac.caltech.edu/cgi-bin/nph-objsearch?search_type=Near+Position+Search&in_csys=Near+Position=+Search&in_csys=Equatorial&in_equinox=J2000.0&lon=14+02+57.8&lat=+10+37+13&radius=10.0&out_csys=Equatorial&out_equinox=J2000.0&obj_sort=Distance+to+search+center&of=pre_text&zv_breaker=30000.0&list_limit=5&img_stamp=YES&z_constraint=Unconstrained&z_value1=&z_value2=&z_unit=z&ot_include=ANY&nmp_op=AN	LIVE	N/A		
http://nedwww.ipac.caltech.edu/cgi-bin/nph-objsearch?search_type=Near+Position+Search&in_csys=Near+Position=+Search&in_csys=Equatorial&in_equinox=J2000.0&lon=10+59+17.4&lat=+15+05+07&radius=10.0&out_csys=Equatorial&out_equinox=J2000.0&obj_sort=Distance+to+search+center&of=pre_text&zv_breaker=30000.0&list_limit=5&img_stamp=YES&z_constraint=Unconstrained&z_value1=&z_value2=&z_unit=z&ot_include=ANY&nmp_op=AN	LIVE	N/A		
http://nedwww.ipac.caltech.edu/cgi-bin/nph-objsearch?search_type=Near+Position+Search&in_csys=Near+Position=+Search&in_csys=Equatorial&in_equinox=J2000.0&lon=13+55+02.7&lat=+05+05+25&radius=10.0&out_csys=Equatorial&out_equinox=J2000.0&obj_sort=Distance+to+search+center&of=pre_text&zv_breaker=30000.0&list_limit=5&img_stamp=YES&z_constraint=Unconstrained&z_value1=&z_value2=&z_unit=z&ot_include=ANY&nmp_op=AN	LIVE	N/A		
http://nedwww.ipac.caltech.edu/cgi-bin/nph-objsearch?search_type=Near+Position+Search&in_csys=Near+Position=+Search&in_csys=Equatorial&in_equinox=J2000.0&lon=10+22+53.2&lat=+19+34+36&radius=1.00&out_csys=Equatorial&out_equinox=J2000.0&obj_sort=Distance+to+search+center&of=pre_text&zv_breaker=30000.0&list_limit=5&img_stamp=YES&z_constraint=Unconstrained&z_value1=&z_value2=&z_unit=z&ot_include=ANY&nmp_op=AN	LIVE	N/A		
http://nedwww.ipac.caltech.edu/cgi-bin/nph-objsearch?search_type=Near+Position+Search&in_csys=Near+Position=+Search&in_csys=Equatorial&in_equinox=J2000.0&lon=14+11+40.4&lat=+07+48+08&radius=10.0&out_csys=Equatorial&out_equinox=J2000.0&obj_sort=Distance+to+search+center&of=pre_text&zv_breaker=30000.0&list_limit=5&img_stamp=YES&z_constraint=Unconstrained&z_value1=&z_value2=&z_unit=z&ot_include=ANY&nmp_op=AN	LIVE	N/A		
http://nedwww.ipac.caltech.edu/cgi-bin/nph-objsearch?search_type=Near+Position+Search&in_csys=Near+Position=+Search&in_csys=Equatorial&in_equinox=J2000.0&lon=09+58+46.8&lat=+02+20+50&radius=1.00&out_csys=Equatorial&out_equinox=J2000.0&obj_sort=Distance+to+search+center&of=pre_text&zv_breaker=30000.0&list_limit=5&img_stamp=YES&z_constraint=Unconstrained&z_value1=&z_value2=&z_unit=z&ot_include=ANY&nmp_op=AN	LIVE	N/A		
http://nedwww.ipac.caltech.edu/cgi-bin/nph-objsearch?search_type=Near+Position+Search&in_csys=Near+Position=+Search&in_csys=Equatorial&in_equinox=J2000.0&lon=22+13+06.3&lat=+01+16+27&radius=1.00&out_csys=Equatorial&out_equinox=J2000.0&obj_sort=Distance+to+search+center&of=pre_text&zv_breaker=30000.0&list_limit=5&img_stamp=YES&z_constraint=Unconstrained&z_value1=&z_value2=&z_unit=z&ot_include=ANY&nmp_op=AN	LIVE	N/A		
http://nedwww.ipac.caltech.edu/cgi-bin/nph-objsearch?search_type=Near+Position+Search&in_csys=Near+Position=+Search&in_csys=Equatorial&in_equinox=J2000.0&lon=23+59+49.4&lat=+30+18+42&radius=1.00&out_csys=Equatorial&out_equinox=J2000.0&obj_sort=Distance+to+search+center&of=pre_text&zv_breaker=30000.0&list_limit=5&img_stamp=YES&z_constraint=Unconstrained&z_value1=&z_value2=&z_unit=z&ot_include=ANY&nmp_op=AN	LIVE	N/A		
http://nedwww.ipac.caltech.edu/cgi-bin/nph-objsearch?search_type=Near+Position+Search&in_csys=Near+Position=+Search&in_csys=Equatorial&in_equinox=J2000.0&lon=13+29+28.4&lat=+11+39+19&radius=10.0&out_csys=Equatorial&out_equinox=J2000.0&obj_sort=Distance+to+search+center&of=pre_text&zv_breaker=30000.0&list_limit=5&img_stamp=YES&z_constraint=Unconstrained&z_value1=&z_value2=&z_unit=z&ot_include=ANY&nmp_op=AN	LIVE	N/A		
http://nedwww.ipac.caltech.edu/cgi-bin/nph-objsearch?search_type=Near+Position+Search&in_csys=Near+Position=+Search&in_csys=Equatorial&in_equinox=J2000.0&lon=10+44+01.9&lat=+15+35+22&radius=10.0&out_csys=Equatorial&out_equinox=J2000.0&obj_sort=Distance+to+search+center&of=pre_text&zv_breaker=30000.0&list_limit=5&img_stamp=YES&z_constraint=Unconstrained&z_value1=&z_value2=&z_unit=z&ot_include=ANY&nmp_op=AN	LIVE	N/A		
http://nedwww.ipac.caltech.edu/cgi-bin/nph-objsearch?search_type=Near+Position+Search&in_csys=Near+Position=+Search&in_csys=Equatorial&in_equinox=J2000.0&lon=14+02+22.0&lat=+09+58+15&radius=10.0&out_csys=Equatorial&out_equinox=J2000.0&obj_sort=Distance+to+search+center&of=pre_text&zv_breaker=30000.0&list_limit=5&img_stamp=YES&z_constraint=Unconstrained&z_value1=&z_value2=&z_unit=z&ot_include=ANY&nmp_op=AN	LIVE	N/A		
http://nedwww.ipac.caltech.edu/cgi-bin/nph-objsearch?search_type=Near+Position+Search&in_csys=Near+Position=+Search&in_csys=Equatorial&in_equinox=J2000.0&lon=14+00+57.1&lat=+08+33+33&radius=10.0&out_csys=Equatorial&out_equinox=J2000.0&obj_sort=Distance+to+search+center&of=pre_text&zv_breaker=30000.0&list_limit=5&img_stamp=YES&z_constraint=Unconstrained&z_value1=&z_value2=&z_unit=z&ot_include=ANY&nmp_op=AN	LIVE	N/A		
http://nedwww.ipac.caltech.edu/cgi-bin/nph-objsearch?search_type=Near+Position+Search&in_csys=Near+Position=+Search&in_csys=Equatorial&in_equinox=J2000.0&lon=13+54+06.2&lat=+05+21+21&radius=10.0&out_csys=Equatorial&out_equinox=J2000.0&obj_sort=Distance+to+search+center&of=pre_text&zv_breaker=30000.0&list_limit=5&img_stamp=YES&z_constraint=Unconstrained&z_value1=&z_value2=&z_unit=z&ot_include=ANY&nmp_op=AN	LIVE	N/A		
http://nedwww.ipac.caltech.edu/cgi-bin/nph-objsearch?search_type=Near+Position+Search&in_csys=Near+Position=+Search&in_csys=Equatorial&in_equinox=J2000.0&lon=12+31+20.9&lat=+05+04+02&radius=10.0&out_csys=Equatorial&out_equinox=J2000.0&obj_sort=Distance+to+search+center&of=pre_text&zv_breaker=30000.0&list_limit=5&img_stamp=YES&z_constraint=Unconstrained&z_value1=&z_value2=&z_unit=z&ot_include=ANY&nmp_op=AN	LIVE	N/A		
http://nedwww.ipac.caltech.edu/cgi-bin/nph-objsearch?search_type=Near+Position+Search&in_csys=Near+Position=+Search&in_csys=Equatorial&in_equinox=J2000.0&lon=15+22+40.3&lat=+05+50+17&radius=1.00&out_csys=Equatorial&out_equinox=J2000.0&obj_sort=Distance+to+search+center&of=pre_text&zv_breaker=30000.0&list_limit=5&img_stamp=YES&z_constraint=Unconstrained&z_value1=&z_value2=&z_unit=z&ot_include=ANY&nmp_op=AN	LIVE	N/A		
http://nedwww.ipac.caltech.edu/cgi-bin/nph-objsearch?search_type=Near+Position+Search&in_csys=Near+Position=+Search&in_csys=Equatorial&in_equinox=J2000.0&lon=23+49+52.4&lat=+26+00+23&radius=1.00&out_csys=Equatorial&out_equinox=J2000.0&obj_sort=Distance+to+search+center&of=pre_text&zv_breaker=30000.0&list_limit=5&img_stamp=YES&z_constraint=Unconstrained&z_value1=&z_value2=&z_unit=z&ot_include=ANY&nmp_op=AN	LIVE	N/A		
http://nedwww.ipac.caltech.edu/cgi-bin/nph-objsearch?search_type=Near+Position+Search&in_csys=Near+Position=+Search&in_csys=Equatorial&in_equinox=J2000.0&lon=10+46+53.2&lat=+12+44+40&radius=1.00&out_csys=Equatorial&out_equinox=J2000.0&obj_sort=Distance+to+search+center&of=pre_text&zv_breaker=30000.0&list_limit=5&img_stamp=YES&z_constraint=Unconstrained&z_value1=&z_value2=&z_unit=z&ot_include=ANY&nmp_op=AN	LIVE	N/A		
http://nedwww.ipac.caltech.edu/cgi-bin/nph-objsearch?search_type=Near+Position+Search&in_csys=Near+Position=+Search&in_csys=Equatorial&in_equinox=J2000.0&lon=10+23+30.6&lat=+19+51+54&radius=1.00&out_csys=Equatorial&out_equinox=J2000.0&obj_sort=Distance+to+search+center&of=pre_text&zv_breaker=30000.0&list_limit=5&img_stamp=YES&z_constraint=Unconstrained&z_value1=&z_value2=&z_unit=z&ot_include=ANY&nmp_op=AN	LIVE	N/A		
http://nedwww.ipac.caltech.edu/cgi-bin/nph-objsearch?search_type=Near+Position+Search&in_csys=Near+Position=+Search&in_csys=Equatorial&in_equinox=J2000.0&lon=00+47+20.4&lat=+26+01+47&radius=1.00&out_csys=Equatorial&out_equinox=J2000.0&obj_sort=Distance+to+search+center&of=pre_text&zv_breaker=30000.0&list_limit=5&img_stamp=YES&z_constraint=Unconstrained&z_value1=&z_value2=&z_unit=z&ot_include=ANY&nmp_op=AN	LIVE	N/A		
http://nedwww.ipac.caltech.edu/cgi-bin/nph-objsearch?search_type=Near+Position+Search&in_csys=Near+Position=+Search&in_csys=Equatorial&in_equinox=J2000.0&lon=10+58+10.5&lat=+11+59+56&radius=1.00&out_csys=Equatorial&out_equinox=J2000.0&obj_sort=Distance+to+search+center&of=pre_text&zv_breaker=30000.0&list_limit=5&img_stamp=YES&z_constraint=Unconstrained&z_value1=&z_value2=&z_unit=z&ot_include=ANY&nmp_op=AN	LIVE	N/A		
http://nedwww.ipac.caltech.edu/cgi-bin/nph-objsearch?search_type=Near+Position+Search&in_csys=Near+Position=+Search&in_csys=Equatorial&in_equinox=J2000.0&lon=16+07+45.2&lat=+27+22+20&radius=1.00&out_csys=Equatorial&out_equinox=J2000.0&obj_sort=Distance+to+search+center&of=pre_text&zv_breaker=30000.0&list_limit=5&img_stamp=YES&z_constraint=Unconstrained&z_value1=&z_value2=&z_unit=z&ot_include=ANY&nmp_op=AN	LIVE	N/A		
http://nedwww.ipac.caltech.edu/cgi-bin/nph-objsearch?search_type=Near+Position+Search&in_csys=Near+Position=+Search&in_csys=Equatorial&in_equinox=J2000.0&lon=09+47+32.8&lat=+10+45+09&radius=10.0&out_csys=Equatorial&out_equinox=J2000.0&obj_sort=Distance+to+search+center&of=pre_text&zv_breaker=30000.0&list_limit=5&img_stamp=YES&z_constraint=Unconstrained&z_value1=&z_value2=&z_unit=z&ot_include=ANY&nmp_op=AN	LIVE	N/A		
http://nedwww.ipac.caltech.edu/cgi-bin/nph-objsearch?search_type=Near+Position+Search&in_csys=Near+Position=+Search&in_csys=Equatorial&in_equinox=J2000.0&lon=10+49+37.1&lat=+11+21+06&radius=1.00&out_csys=Equatorial&out_equinox=J2000.0&obj_sort=Distance+to+search+center&of=pre_text&zv_breaker=30000.0&list_limit=5&img_stamp=YES&z_constraint=Unconstrained&z_value1=&z_value2=&z_unit=z&ot_include=ANY&nmp_op=AN	LIVE	N/A		
http://nedwww.ipac.caltech.edu/cgi-bin/nph-objsearch?search_type=Near+Position+Search&in_csys=Near+Position=+Search&in_csys=Equatorial&in_equinox=J2000.0&lon=22+29+13.1&lat=+35+18+24&radius=1.00&out_csys=Equatorial&out_equinox=J2000.0&obj_sort=Distance+to+search+center&of=pre_text&zv_breaker=30000.0&list_limit=5&img_stamp=YES&z_constraint=Unconstrained&z_value1=&z_value2=&z_unit=z&ot_include=ANY&nmp_op=AN	LIVE	N/A		
http://nedwww.ipac.caltech.edu/cgi-bin/nph-objsearch?search_type=Near+Position+Search&in_csys=Near+Position=+Search&in_csys=Equatorial&in_equinox=J2000.0&lon=10+01+53.8&lat=+02+24+50&radius=1.00&out_csys=Equatorial&out_equinox=J2000.0&obj_sort=Distance+to+search+center&of=pre_text&zv_breaker=30000.0&list_limit=5&img_stamp=YES&z_constraint=Unconstrained&z_value1=&z_value2=&z_unit=z&ot_include=ANY&nmp_op=AN	LIVE	N/A		
http://nedwww.ipac.caltech.edu/cgi-bin/nph-objsearch?search_type=Near+Position+Search&in_csys=Near+Position=+Search&in_csys=Equatorial&in_equinox=J2000.0&lon=11+23+20.0&lat=+01+06+38&radius=10.0&out_csys=Equatorial&out_equinox=J2000.0&obj_sort=Distance+to+search+center&of=pre_text&zv_breaker=30000.0&list_limit=5&img_stamp=YES&z_constraint=Unconstrained&z_value1=&z_value2=&z_unit=z&ot_include=ANY&nmp_op=AN	LIVE	N/A		
http://nedwww.ipac.caltech.edu/cgi-bin/nph-objsearch?search_type=Near+Position+Search&in_csys=Near+Position=+Search&in_csys=Equatorial&in_equinox=J2000.0&lon=11+58+30.5&lat=+25+08+23&radius=1.00&out_csys=Equatorial&out_equinox=J2000.0&obj_sort=Distance+to+search+center&of=pre_text&zv_breaker=30000.0&list_limit=5&img_stamp=YES&z_constraint=Unconstrained&z_value1=&z_value2=&z_unit=z&ot_include=ANY&nmp_op=AN	LIVE	N/A		
http://nedwww.ipac.caltech.edu/cgi-bin/nph-objsearch?search_type=Near+Position+Search&in_csys=Near+Position=+Search&in_csys=Equatorial&in_equinox=J2000.0&lon=15+22+40.3&lat=+05+50+17&radius=10.0&out_csys=Equatorial&out_equinox=J2000.0&obj_sort=Distance+to+search+center&of=pre_text&zv_breaker=30000.0&list_limit=5&img_stamp=YES&z_constraint=Unconstrained&z_value1=&z_value2=&z_unit=z&ot_include=ANY&nmp_op=AN	LIVE	N/A		
http://nedwww.ipac.caltech.edu/cgi-bin/nph-objsearch?search_type=Near+Position+Search&in_csys=Near+Position=+Search&in_csys=Equatorial&in_equinox=J2000.0&lon=08+51+12.1&lat=+27+52+48&radius=1.00&out_csys=Equatorial&out_equinox=J2000.0&obj_sort=Distance+to+search+center&of=pre_text&zv_breaker=30000.0&list_limit=5&img_stamp=YES&z_constraint=Unconstrained&z_value1=&z_value2=&z_unit=z&ot_include=ANY&nmp_op=AN	LIVE	N/A		
http://nedwww.ipac.caltech.edu/cgi-bin/nph-objsearch?search_type=Near+Position+Search&in_csys=Near+Position=+Search&in_csys=Equatorial&in_equinox=J2000.0&lon=11+48+27.6&lat=+12+43+38&radius=1.00&out_csys=Equatorial&out_equinox=J2000.0&obj_sort=Distance+to+search+center&of=pre_text&zv_breaker=30000.0&list_limit=5&img_stamp=YES&z_constraint=Unconstrained&z_value1=&z_value2=&z_unit=z&ot_include=ANY&nmp_op=AN	LIVE	N/A		
http://nedwww.ipac.caltech.edu/cgi-bin/nph-objsearch?search_type=Near+Position+Search&in_csys=Near+Position=+Search&in_csys=Equatorial&in_equinox=J2000.0&lon=09+25+12.2&lat=+11+16+49&radius=1.00&out_csys=Equatorial&out_equinox=J2000.0&obj_sort=Distance+to+search+center&of=pre_text&zv_breaker=30000.0&list_limit=5&img_stamp=YES&z_constraint=Unconstrained&z_value1=&z_value2=&z_unit=z&ot_include=ANY&nmp_op=AN	LIVE	N/A		
http://nedwww.ipac.caltech.edu/cgi-bin/nph-objsearch?search_type=Near+Position+Search&in_csys=Near+Position=+Search&in_csys=Equatorial&in_equinox=J2000.0&lon=11+42+09.4&lat=+10+16+30&radius=1.00&out_csys=Equatorial&out_equinox=J2000.0&obj_sort=Distance+to+search+center&of=pre_text&zv_breaker=30000.0&list_limit=5&img_stamp=YES&z_constraint=Unconstrained&z_value1=&z_value2=&z_unit=z&ot_include=ANY&nmp_op=AN	LIVE	N/A		
http://nedwww.ipac.caltech.edu/cgi-bin/nph-objsearch?search_type=Near+Position+Search&in_csys=Near+Position=+Search&in_csys=Equatorial&in_equinox=J2000.0&lon=13+29+29.4&lat=+11+37+29&radius=10.0&out_csys=Equatorial&out_equinox=J2000.0&obj_sort=Distance+to+search+center&of=pre_text&zv_breaker=30000.0&list_limit=5&img_stamp=YES&z_constraint=Unconstrained&z_value1=&z_value2=&z_unit=z&ot_include=ANY&nmp_op=AN	LIVE	N/A		
http://nedwww.ipac.caltech.edu/cgi-bin/nph-objsearch?search_type=Near+Position+Search&in_csys=Near+Position=+Search&in_csys=Equatorial&in_equinox=J2000.0&lon=11+55+28.7&lat=+11+58+05&radius=10.0&out_csys=Equatorial&out_equinox=J2000.0&obj_sort=Distance+to+search+center&of=pre_text&zv_breaker=30000.0&list_limit=5&img_stamp=YES&z_constraint=Unconstrained&z_value1=&z_value2=&z_unit=z&ot_include=ANY&nmp_op=AN	LIVE	N/A		
http://nedwww.ipac.caltech.edu/cgi-bin/nph-objsearch?search_type=Near+Position+Search&in_csys=Near+Position=+Search&in_csys=Equatorial&in_equinox=J2000.0&lon=11+58+16.7&lat=-01+29+21&radius=1.00&out_csys=Equatorial&out_equinox=J2000.0&obj_sort=Distance+to+search+center&of=pre_text&zv_breaker=30000.0&list_limit=5&img_stamp=YES&z_constraint=Unconstrained&z_value1=&z_value2=&z_unit=z&ot_include=ANY&nmp_op=AN	LIVE	N/A		
http://nedwww.ipac.caltech.edu/cgi-bin/nph-objsearch?search_type=Near+Position+Search&in_csys=Near+Position=+Search&in_csys=Equatorial&in_equinox=J2000.0&lon=14+11+53.2&lat=+11+12+33&radius=10.0&out_csys=Equatorial&out_equinox=J2000.0&obj_sort=Distance+to+search+center&of=pre_text&zv_breaker=30000.0&list_limit=5&img_stamp=YES&z_constraint=Unconstrained&z_value1=&z_value2=&z_unit=z&ot_include=ANY&nmp_op=AN	LIVE	N/A		
http://nedwww.ipac.caltech.edu/cgi-bin/nph-objsearch?search_type=Near+Position+Search&in_csys=Near+Position=+Search&in_csys=Equatorial&in_equinox=J2000.0&lon=10+12+09.6&lat=+06+04+22&radius=10.0&out_csys=Equatorial&out_equinox=J2000.0&obj_sort=Distance+to+search+center&of=pre_text&zv_breaker=30000.0&list_limit=5&img_stamp=YES&z_constraint=Unconstrained&z_value1=&z_value2=&z_unit=z&ot_include=ANY&nmp_op=AN	LIVE	N/A		
http://nedwww.ipac.caltech.edu/cgi-bin/nph-objsearch?search_type=Near+Position+Search&in_csys=Near+Position=+Search&in_csys=Equatorial&in_equinox=J2000.0&lon=16+02+46.4&lat=+08+52+34&radius=10.0&out_csys=Equatorial&out_equinox=J2000.0&obj_sort=Distance+to+search+center&of=pre_text&zv_breaker=30000.0&list_limit=5&img_stamp=YES&z_constraint=Unconstrained&z_value1=&z_value2=&z_unit=z&ot_include=ANY&nmp_op=AN	LIVE	N/A		
http://nedwww.ipac.caltech.edu/cgi-bin/nph-objsearch?search_type=Near+Position+Search&in_csys=Near+Position=+Search&in_csys=Equatorial&in_equinox=J2000.0&lon=14+07+04.5&lat=+10+42+45&radius=10.0&out_csys=Equatorial&out_equinox=J2000.0&obj_sort=Distance+to+search+center&of=pre_text&zv_breaker=30000.0&list_limit=5&img_stamp=YES&z_constraint=Unconstrained&z_value1=&z_value2=&z_unit=z&ot_include=ANY&nmp_op=AN	LIVE	N/A		
http://nedwww.ipac.caltech.edu/cgi-bin/nph-objsearch?search_type=Near+Position+Search&in_csys=Near+Position=+Search&in_csys=Equatorial&in_equinox=J2000.0&lon=14+14+43.5&lat=+10+04+29&radius=10.0&out_csys=Equatorial&out_equinox=J2000.0&obj_sort=Distance+to+search+center&of=pre_text&zv_breaker=30000.0&list_limit=5&img_stamp=YES&z_constraint=Unconstrained&z_value1=&z_value2=&z_unit=z&ot_include=ANY&nmp_op=AN	LIVE	N/A		
http://nedwww.ipac.caltech.edu/cgi-bin/nph-objsearch?search_type=Near+Position+Search&in_csys=Near+Position=+Search&in_csys=Equatorial&in_equinox=J2000.0&lon=10+44+01.9&lat=+15+35+22&radius=1.00&out_csys=Equatorial&out_equinox=J2000.0&obj_sort=Distance+to+search+center&of=pre_text&zv_breaker=30000.0&list_limit=5&img_stamp=YES&z_constraint=Unconstrained&z_value1=&z_value2=&z_unit=z&ot_include=ANY&nmp_op=AN	LIVE	N/A		
http://nedwww.ipac.caltech.edu/cgi-bin/nph-objsearch?search_type=Near+Position+Search&in_csys=Near+Position=+Search&in_csys=Equatorial&in_equinox=J2000.0&lon=14+05+57.0&lat=+09+07+58&radius=1.00&out_csys=Equatorial&out_equinox=J2000.0&obj_sort=Distance+to+search+center&of=pre_text&zv_breaker=30000.0&list_limit=5&img_stamp=YES&z_constraint=Unconstrained&z_value1=&z_value2=&z_unit=z&ot_include=ANY&nmp_op=AN	LIVE	N/A		
http://nedwww.ipac.caltech.edu/cgi-bin/nph-objsearch?search_type=Near+Position+Search&in_csys=Near+Position=+Search&in_csys=Equatorial&in_equinox=J2000.0&lon=10+31+54.0&lat=+12+55+37&radius=1.00&out_csys=Equatorial&out_equinox=J2000.0&obj_sort=Distance+to+search+center&of=pre_text&zv_breaker=30000.0&list_limit=5&img_stamp=YES&z_constraint=Unconstrained&z_value1=&z_value2=&z_unit=z&ot_include=ANY&nmp_op=AN	LIVE	N/A		
http://nedwww.ipac.caltech.edu/cgi-bin/nph-objsearch?search_type=Near+Position+Search&in_csys=Near+Position=+Search&in_csys=Equatorial&in_equinox=J2000.0&lon=12+03+28.2&lat=+08+22+13&radius=10.0&out_csys=Equatorial&out_equinox=J2000.0&obj_sort=Distance+to+search+center&of=pre_text&zv_breaker=30000.0&list_limit=5&img_stamp=YES&z_constraint=Unconstrained&z_value1=&z_value2=&z_unit=z&ot_include=ANY&nmp_op=AN	LIVE	N/A		
http://nedwww.ipac.caltech.edu/cgi-bin/nph-objsearch?search_type=Near+Position+Search&in_csys=Near+Position=+Search&in_csys=Equatorial&in_equinox=J2000.0&lon=14+03+00.6&lat=+09+02+58&radius=10.0&out_csys=Equatorial&out_equinox=J2000.0&obj_sort=Distance+to+search+center&of=pre_text&zv_breaker=30000.0&list_limit=5&img_stamp=YES&z_constraint=Unconstrained&z_value1=&z_value2=&z_unit=z&ot_include=ANY&nmp_op=AN	LIVE	N/A		
http://nedwww.ipac.caltech.edu/cgi-bin/nph-objsearch?search_type=Near+Position+Search&in_csys=Near+Position=+Search&in_csys=Equatorial&in_equinox=J2000.0&lon=10+31+54.0&lat=+12+55+37&radius=10.0&out_csys=Equatorial&out_equinox=J2000.0&obj_sort=Distance+to+search+center&of=pre_text&zv_breaker=30000.0&list_limit=5&img_stamp=YES&z_constraint=Unconstrained&z_value1=&z_value2=&z_unit=z&ot_include=ANY&nmp_op=AN	LIVE	N/A		
http://nedwww.ipac.caltech.edu/cgi-bin/nph-objsearch?search_type=Near+Position+Search&in_csys=Near+Position=+Search&in_csys=Equatorial&in_equinox=J2000.0&lon=08+49+11.8&lat=+60+13+14&radius=1.00&out_csys=Equatorial&out_equinox=J2000.0&obj_sort=Distance+to+search+center&of=pre_text&zv_breaker=30000.0&list_limit=5&img_stamp=YES&z_constraint=Unconstrained&z_value1=&z_value2=&z_unit=z&ot_include=ANY&nmp_op=AN	LIVE	N/A		
http://nedwww.ipac.caltech.edu/cgi-bin/nph-objsearch?search_type=Near+Position+Search&in_csys=Near+Position=+Search&in_csys=Equatorial&in_equinox=J2000.0&lon=08+49+11.8&lat=+60+13+14&radius=10.0&out_csys=Equatorial&out_equinox=J2000.0&obj_sort=Distance+to+search+center&of=pre_text&zv_breaker=30000.0&list_limit=5&img_stamp=YES&z_constraint=Unconstrained&z_value1=&z_value2=&z_unit=z&ot_include=ANY&nmp_op=AN	LIVE	N/A		
http://nedwww.ipac.caltech.edu/cgi-bin/nph-objsearch?search_type=Near+Position+Search&in_csys=Near+Position=+Search&in_csys=Equatorial&in_equinox=J2000.0&lon=16+05+38.0&lat=+10+02+07&radius=10.0&out_csys=Equatorial&out_equinox=J2000.0&obj_sort=Distance+to+search+center&of=pre_text&zv_breaker=30000.0&list_limit=5&img_stamp=YES&z_constraint=Unconstrained&z_value1=&z_value2=&z_unit=z&ot_include=ANY&nmp_op=AN	LIVE	N/A		
http://nedwww.ipac.caltech.edu/cgi-bin/nph-objsearch?search_type=Near+Position+Search&in_csys=Near+Position=+Search&in_csys=Equatorial&in_equinox=J2000.0&lon=13+55+58.3&lat=+08+59+36&radius=10.0&out_csys=Equatorial&out_equinox=J2000.0&obj_sort=Distance+to+search+center&of=pre_text&zv_breaker=30000.0&list_limit=5&img_stamp=YES&z_constraint=Unconstrained&z_value1=&z_value2=&z_unit=z&ot_include=ANY&nmp_op=AN	LIVE	N/A		
http://nedwww.ipac.caltech.edu/cgi-bin/nph-objsearch?search_type=Near+Position+Search&in_csys=Near+Position=+Search&in_csys=Equatorial&in_equinox=J2000.0&lon=12+31+53.9&lat=+05+10+20&radius=1.00&out_csys=Equatorial&out_equinox=J2000.0&obj_sort=Distance+to+search+center&of=pre_text&zv_breaker=30000.0&list_limit=5&img_stamp=YES&z_constraint=Unconstrained&z_value1=&z_value2=&z_unit=z&ot_include=ANY&nmp_op=AN	LIVE	N/A		
http://nedwww.ipac.caltech.edu/cgi-bin/nph-objsearch?search_type=Near+Position+Search&in_csys=Near+Position=+Search&in_csys=Equatorial&in_equinox=J2000.0&lon=12+57+22.5&lat=+02+59+41&radius=1.00&out_csys=Equatorial&out_equinox=J2000.0&obj_sort=Distance+to+search+center&of=pre_text&zv_breaker=30000.0&list_limit=5&img_stamp=YES&z_constraint=Unconstrained&z_value1=&z_value2=&z_unit=z&ot_include=ANY&nmp_op=AN	LIVE	N/A		
http://nedwww.ipac.caltech.edu/cgi-bin/nph-objsearch?search_type=Near+Position+Search&in_csys=Near+Position=+Search&in_csys=Equatorial&in_equinox=J2000.0&lon=14+02+11.3&lat=+09+26+23&radius=10.0&out_csys=Equatorial&out_equinox=J2000.0&obj_sort=Distance+to+search+center&of=pre_text&zv_breaker=30000.0&list_limit=5&img_stamp=YES&z_constraint=Unconstrained&z_value1=&z_value2=&z_unit=z&ot_include=ANY&nmp_op=AN	LIVE	N/A		
http://nedwww.ipac.caltech.edu/cgi-bin/nph-objsearch?search_type=Near+Position+Search&in_csys=Near+Position=+Search&in_csys=Equatorial&in_equinox=J2000.0&lon=11+09+49.3&lat=+12+46+12&radius=10.0&out_csys=Equatorial&out_equinox=J2000.0&obj_sort=Distance+to+search+center&of=pre_text&zv_breaker=30000.0&list_limit=5&img_stamp=YES&z_constraint=Unconstrained&z_value1=&z_value2=&z_unit=z&ot_include=ANY&nmp_op=AN	LIVE	N/A		
http://nedwww.ipac.caltech.edu/cgi-bin/nph-objsearch?search_type=Near+Position+Search&in_csys=Near+Position=+Search&in_csys=Equatorial&in_equinox=J2000.0&lon=22+08+16.5&lat=+30+40+00&radius=1.00&out_csys=Equatorial&out_equinox=J2000.0&obj_sort=Distance+to+search+center&of=pre_text&zv_breaker=30000.0&list_limit=5&img_stamp=YES&z_constraint=Unconstrained&z_value1=&z_value2=&z_unit=z&ot_include=ANY&nmp_op=AN	LIVE	N/A		
http://nedwww.ipac.caltech.edu/cgi-bin/nph-objsearch?search_type=Near+Position+Search&in_csys=Near+Position=+Search&in_csys=Equatorial&in_equinox=J2000.0&lon=10+55+03.4&lat=+14+05+41&radius=10.0&out_csys=Equatorial&out_equinox=J2000.0&obj_sort=Distance+to+search+center&of=pre_text&zv_breaker=30000.0&list_limit=5&img_stamp=YES&z_constraint=Unconstrained&z_value1=&z_value2=&z_unit=z&ot_include=ANY&nmp_op=AN	LIVE	N/A		
http://nedwww.ipac.caltech.edu/cgi-bin/nph-objsearch?search_type=Near+Position+Search&in_csys=Near+Position=+Search&in_csys=Equatorial&in_equinox=J2000.0&lon=10+50+09.1&lat=+13+29+02&radius=1.00&out_csys=Equatorial&out_equinox=J2000.0&obj_sort=Distance+to+search+center&of=pre_text&zv_breaker=30000.0&list_limit=5&img_stamp=YES&z_constraint=Unconstrained&z_value1=&z_value2=&z_unit=z&ot_include=ANY&nmp_op=AN	LIVE	N/A		
http://nedwww.ipac.caltech.edu/cgi-bin/nph-objsearch?search_type=Near+Position+Search&in_csys=Near+Position=+Search&in_csys=Equatorial&in_equinox=J2000.0&lon=14+40+39.6&lat=+03+28+14&radius=1.00&out_csys=Equatorial&out_equinox=J2000.0&obj_sort=Distance+to+search+center&of=pre_text&zv_breaker=30000.0&list_limit=5&img_stamp=YES&z_constraint=Unconstrained&z_value1=&z_value2=&z_unit=z&ot_include=ANY&nmp_op=AN	LIVE	N/A		
http://nedwww.ipac.caltech.edu/cgi-bin/nph-objsearch?search_type=Near+Position+Search&in_csys=Near+Position=+Search&in_csys=Equatorial&in_equinox=J2000.0&lon=12+59+03.9&lat=+28+07+25&radius=1.00&out_csys=Equatorial&out_equinox=J2000.0&obj_sort=Distance+to+search+center&of=pre_text&zv_breaker=30000.0&list_limit=5&img_stamp=YES&z_constraint=Unconstrained&z_value1=&z_value2=&z_unit=z&ot_include=ANY&nmp_op=AN	LIVE	N/A		
http://nedwww.ipac.caltech.edu/cgi-bin/nph-objsearch?search_type=Near+Position+Search&in_csys=Near+Position=+Search&in_csys=Equatorial&in_equinox=J2000.0&lon=12+30+49.4&lat=+12+23+28&radius=1.00&out_csys=Equatorial&out_equinox=J2000.0&obj_sort=Distance+to+search+center&of=pre_text&zv_breaker=30000.0&list_limit=5&img_stamp=YES&z_constraint=Unconstrained&z_value1=&z_value2=&z_unit=z&ot_include=ANY&nmp_op=AN	LIVE	N/A		
http://nedwww.ipac.caltech.edu/cgi-bin/nph-objsearch?search_type=Near+Position+Search&in_csys=Near+Position=+Search&in_csys=Equatorial&in_equinox=J2000.0&lon=09+14+58.6&lat=+04+42+01&radius=10.0&out_csys=Equatorial&out_equinox=J2000.0&obj_sort=Distance+to+search+center&of=pre_text&zv_breaker=30000.0&list_limit=5&img_stamp=YES&z_constraint=Unconstrained&z_value1=&z_value2=&z_unit=z&ot_include=ANY&nmp_op=AN	LIVE	N/A		
http://nedwww.ipac.caltech.edu/cgi-bin/nph-objsearch?search_type=Near+Position+Search&in_csys=Near+Position=+Search&in_csys=Equatorial&in_equinox=J2000.0&lon=16+07+45.2&lat=+27+22+20&radius=10.0&out_csys=Equatorial&out_equinox=J2000.0&obj_sort=Distance+to+search+center&of=pre_text&zv_breaker=30000.0&list_limit=5&img_stamp=YES&z_constraint=Unconstrained&z_value1=&z_value2=&z_unit=z&ot_include=ANY&nmp_op=AN	LIVE	N/A		
http://nedwww.ipac.caltech.edu/cgi-bin/nph-objsearch?search_type=Near+Position+Search&in_csys=Near+Position=+Search&in_csys=Equatorial&in_equinox=J2000.0&lon=15+02+23.8&lat=+11+12+23&radius=10.0&out_csys=Equatorial&out_equinox=J2000.0&obj_sort=Distance+to+search+center&of=pre_text&zv_breaker=30000.0&list_limit=5&img_stamp=YES&z_constraint=Unconstrained&z_value1=&z_value2=&z_unit=z&ot_include=ANY&nmp_op=AN	LIVE	N/A		
http://nedwww.ipac.caltech.edu/cgi-bin/nph-objsearch?search_type=Near+Position+Search&in_csys=Near+Position=+Search&in_csys=Equatorial&in_equinox=J2000.0&lon=22+32+35.4&lat=+25+13+00&radius=1.00&out_csys=Equatorial&out_equinox=J2000.0&obj_sort=Distance+to+search+center&of=pre_text&zv_breaker=30000.0&list_limit=5&img_stamp=YES&z_constraint=Unconstrained&z_value1=&z_value2=&z_unit=z&ot_include=ANY&nmp_op=AN	LIVE	N/A		
http://nedwww.ipac.caltech.edu/cgi-bin/nph-objsearch?search_type=Near+Position+Search&in_csys=Near+Position=+Search&in_csys=Equatorial&in_equinox=J2000.0&lon=12+05+48.2&lat=+16+51+06&radius=1.00&out_csys=Equatorial&out_equinox=J2000.0&obj_sort=Distance+to+search+center&of=pre_text&zv_breaker=30000.0&list_limit=5&img_stamp=YES&z_constraint=Unconstrained&z_value1=&z_value2=&z_unit=z&ot_include=ANY&nmp_op=AN	LIVE	N/A		
http://nedwww.ipac.caltech.edu/cgi-bin/nph-objsearch?search_type=Near+Position+Search&in_csys=Near+Position=+Search&in_csys=Equatorial&in_equinox=J2000.0&lon=12+26+57.2&lat=+01+24+34&radius=1.00&out_csys=Equatorial&out_equinox=J2000.0&obj_sort=Distance+to+search+center&of=pre_text&zv_breaker=30000.0&list_limit=5&img_stamp=YES&z_constraint=Unconstrained&z_value1=&z_value2=&z_unit=z&ot_include=ANY&nmp_op=AN	LIVE	N/A		
http://nedwww.ipac.caltech.edu/cgi-bin/nph-objsearch?search_type=Near+Position+Search&in_csys=Near+Position=+Search&in_csys=Equatorial&in_equinox=J2000.0&lon=11+03+01.9&lat=+08+02+54&radius=1.00&out_csys=Equatorial&out_equinox=J2000.0&obj_sort=Distance+to+search+center&of=pre_text&zv_breaker=30000.0&list_limit=5&img_stamp=YES&z_constraint=Unconstrained&z_value1=&z_value2=&z_unit=z&ot_include=ANY&nmp_op=AN	LIVE	N/A		
http://nedwww.ipac.caltech.edu/cgi-bin/nph-objsearch?search_type=Near+Position+Search&in_csys=Near+Position=+Search&in_csys=Equatorial&in_equinox=J2000.0&lon=09+00+23.8&lat=+07+18+28&radius=10.0&out_csys=Equatorial&out_equinox=J2000.0&obj_sort=Distance+to+search+center&of=pre_text&zv_breaker=30000.0&list_limit=5&img_stamp=YES&z_constraint=Unconstrained&z_value1=&z_value2=&z_unit=z&ot_include=ANY&nmp_op=AN	LIVE	N/A		
http://nedwww.ipac.caltech.edu/cgi-bin/nph-objsearch?search_type=Near+Position+Search&in_csys=Near+Position=+Search&in_csys=Equatorial&in_equinox=J2000.0&lon=10+00+30.0&lat=+02+09+00&radius=1.00&out_csys=Equatorial&out_equinox=J2000.0&obj_sort=Distance+to+search+center&of=pre_text&zv_breaker=30000.0&list_limit=5&img_stamp=YES&z_constraint=Unconstrained&z_value1=&z_value2=&z_unit=z&ot_include=ANY&nmp_op=AN	LIVE	N/A		
http://nedwww.ipac.caltech.edu/cgi-bin/nph-objsearch?search_type=Near+Position+Search&in_csys=Near+Position=+Search&in_csys=Equatorial&in_equinox=J2000.0&lon=14+43+39.4&lat=+11+08+21&radius=10.0&out_csys=Equatorial&out_equinox=J2000.0&obj_sort=Distance+to+search+center&of=pre_text&zv_breaker=30000.0&list_limit=5&img_stamp=YES&z_constraint=Unconstrained&z_value1=&z_value2=&z_unit=z&ot_include=ANY&nmp_op=AN	LIVE	N/A		
http://nedwww.ipac.caltech.edu/cgi-bin/nph-objsearch?search_type=Near+Position+Search&in_csys=Near+Position=+Search&in_csys=Equatorial&in_equinox=J2000.0&lon=13+53+30.4&lat=+11+20+36&radius=10.0&out_csys=Equatorial&out_equinox=J2000.0&obj_sort=Distance+to+search+center&of=pre_text&zv_breaker=30000.0&list_limit=5&img_stamp=YES&z_constraint=Unconstrained&z_value1=&z_value2=&z_unit=z&ot_include=ANY&nmp_op=AN	LIVE	N/A		
http://nedwww.ipac.caltech.edu/cgi-bin/nph-objsearch?search_type=Near+Position+Search&in_csys=Near+Position=+Search&in_csys=Equatorial&in_equinox=J2000.0&lon=01+25+31.5&lat=+32+08+09&radius=1.00&out_csys=Equatorial&out_equinox=J2000.0&obj_sort=Distance+to+search+center&of=pre_text&zv_breaker=30000.0&list_limit=5&img_stamp=YES&z_constraint=Unconstrained&z_value1=&z_value2=&z_unit=z&ot_include=ANY&nmp_op=AN	LIVE	N/A		
http://nedwww.ipac.caltech.edu/cgi-bin/nph-objsearch?search_type=Near+Position+Search&in_csys=Near+Position=+Search&in_csys=Equatorial&in_equinox=J2000.0&lon=11+59+43.6&lat=-00+46+22&radius=1.00&out_csys=Equatorial&out_equinox=J2000.0&obj_sort=Distance+to+search+center&of=pre_text&zv_breaker=30000.0&list_limit=5&img_stamp=YES&z_constraint=Unconstrained&z_value1=&z_value2=&z_unit=z&ot_include=ANY&nmp_op=AN	LIVE	N/A		
http://nedwww.ipac.caltech.edu/cgi-bin/nph-objsearch?search_type=Near+Position+Search&in_csys=Near+Position=+Search&in_csys=Equatorial&in_equinox=J2000.0&lon=10+55+03.4&lat=+14+05+41&radius=1.00&out_csys=Equatorial&out_equinox=J2000.0&obj_sort=Distance+to+search+center&of=pre_text&zv_breaker=30000.0&list_limit=5&img_stamp=YES&z_constraint=Unconstrained&z_value1=&z_value2=&z_unit=z&ot_include=ANY&nmp_op=AN	LIVE	N/A		
http://nedwww.ipac.caltech.edu/cgi-bin/nph-objsearch?search_type=Near+Position+Search&in_csys=Near+Position=+Search&in_csys=Equatorial&in_equinox=J2000.0&lon=14+00+04.4&lat=+12+06+41&radius=10.0&out_csys=Equatorial&out_equinox=J2000.0&obj_sort=Distance+to+search+center&of=pre_text&zv_breaker=30000.0&list_limit=5&img_stamp=YES&z_constraint=Unconstrained&z_value1=&z_value2=&z_unit=z&ot_include=ANY&nmp_op=AN	LIVE	N/A		
http://nedwww.ipac.caltech.edu/cgi-bin/nph-objsearch?search_type=Near+Position+Search&in_csys=Near+Position=+Search&in_csys=Equatorial&in_equinox=J2000.0&lon=10+33+19.2&lat=+10+11+22&radius=1.00&out_csys=Equatorial&out_equinox=J2000.0&obj_sort=Distance+to+search+center&of=pre_text&zv_breaker=30000.0&list_limit=5&img_stamp=YES&z_constraint=Unconstrained&z_value1=&z_value2=&z_unit=z&ot_include=ANY&nmp_op=AN	LIVE	N/A		
http://nedwww.ipac.caltech.edu/cgi-bin/nph-objsearch?search_type=Near+Position+Search&in_csys=Near+Position=+Search&in_csys=Equatorial&in_equinox=J2000.0&lon=08+55+33.2&lat=+31+12+42&radius=1.00&out_csys=Equatorial&out_equinox=J2000.0&obj_sort=Distance+to+search+center&of=pre_text&zv_breaker=30000.0&list_limit=5&img_stamp=YES&z_constraint=Unconstrained&z_value1=&z_value2=&z_unit=z&ot_include=ANY&nmp_op=AN	LIVE	N/A		
http://nedwww.ipac.caltech.edu/cgi-bin/nph-objsearch?search_type=Near+Position+Search&in_csys=Near+Position=+Search&in_csys=Equatorial&in_equinox=J2000.0&lon=10+46+14.4&lat=+12+57+35&radius=10.0&out_csys=Equatorial&out_equinox=J2000.0&obj_sort=Distance+to+search+center&of=pre_text&zv_breaker=30000.0&list_limit=5&img_stamp=YES&z_constraint=Unconstrained&z_value1=&z_value2=&z_unit=z&ot_include=ANY&nmp_op=AN	LIVE	N/A		
http://nedwww.ipac.caltech.edu/cgi-bin/nph-objsearch?search_type=Near+Position+Search&in_csys=Near+Position=+Search&in_csys=Equatorial&in_equinox=J2000.0&lon=10+46+30.2&lat=+11+45+19&radius=10.0&out_csys=Equatorial&out_equinox=J2000.0&obj_sort=Distance+to+search+center&of=pre_text&zv_breaker=30000.0&list_limit=5&img_stamp=YES&z_constraint=Unconstrained&z_value1=&z_value2=&z_unit=z&ot_include=ANY&nmp_op=AN	LIVE	N/A		
http://nedwww.ipac.caltech.edu/cgi-bin/nph-objsearch?search_type=Near+Position+Search&in_csys=Near+Position=+Search&in_csys=Equatorial&in_equinox=J2000.0&lon=10+00+10.3&lat=+02+09+21&radius=1.00&out_csys=Equatorial&out_equinox=J2000.0&obj_sort=Distance+to+search+center&of=pre_text&zv_breaker=30000.0&list_limit=5&img_stamp=YES&z_constraint=Unconstrained&z_value1=&z_value2=&z_unit=z&ot_include=ANY&nmp_op=AN	LIVE	N/A		
http://nedwww.ipac.caltech.edu/cgi-bin/nph-objsearch?search_type=Near+Position+Search&in_csys=Near+Position=+Search&in_csys=Equatorial&in_equinox=J2000.0&lon=13+56+21.3&lat=+05+19+44&radius=10.0&out_csys=Equatorial&out_equinox=J2000.0&obj_sort=Distance+to+search+center&of=pre_text&zv_breaker=30000.0&list_limit=5&img_stamp=YES&z_constraint=Unconstrained&z_value1=&z_value2=&z_unit=z&ot_include=ANY&nmp_op=AN	LIVE	N/A		
http://nedwww.ipac.caltech.edu/cgi-bin/nph-objsearch?search_type=Near+Position+Search&in_csys=Near+Position=+Search&in_csys=Equatorial&in_equinox=J2000.0&lon=13+49+23.6&lat=+08+30+27&radius=10.0&out_csys=Equatorial&out_equinox=J2000.0&obj_sort=Distance+to+search+center&of=pre_text&zv_breaker=30000.0&list_limit=5&img_stamp=YES&z_constraint=Unconstrained&z_value1=&z_value2=&z_unit=z&ot_include=ANY&nmp_op=AN	LIVE	N/A		
http://nedwww.ipac.caltech.edu/cgi-bin/nph-objsearch?search_type=Near+Position+Search&in_csys=Near+Position=+Search&in_csys=Equatorial&in_equinox=J2000.0&lon=10+59+17.4&lat=+15+05+07&radius=1.00&out_csys=Equatorial&out_equinox=J2000.0&obj_sort=Distance+to+search+center&of=pre_text&zv_breaker=30000.0&list_limit=5&img_stamp=YES&z_constraint=Unconstrained&z_value1=&z_value2=&z_unit=z&ot_include=ANY&nmp_op=AN	LIVE	N/A		
http://nedwww.ipac.caltech.edu/cgi-bin/nph-objsearch?search_type=Near+Position+Search&in_csys=Near+Position=+Search&in_csys=Equatorial&in_equinox=J2000.0&lon=10+53+00.7&lat=+10+22+44&radius=10.0&out_csys=Equatorial&out_equinox=J2000.0&obj_sort=Distance+to+search+center&of=pre_text&zv_breaker=30000.0&list_limit=5&img_stamp=YES&z_constraint=Unconstrained&z_value1=&z_value2=&z_unit=z&ot_include=ANY&nmp_op=AN	LIVE	N/A		
http://nedwww.ipac.caltech.edu/cgi-bin/nph-objsearch?search_type=Near+Position+Search&in_csys=Near+Position=+Search&in_csys=Equatorial&in_equinox=J2000.0&lon=13+29+35.5&lat=+11+41+50&radius=10.0&out_csys=Equatorial&out_equinox=J2000.0&obj_sort=Distance+to+search+center&of=pre_text&zv_breaker=30000.0&list_limit=5&img_stamp=YES&z_constraint=Unconstrained&z_value1=&z_value2=&z_unit=z&ot_include=ANY&nmp_op=AN	LIVE	N/A		
http://nedwww.ipac.caltech.edu/cgi-bin/nph-objsearch?search_type=Near+Position+Search&in_csys=Near+Position=+Search&in_csys=Equatorial&in_equinox=J2000.0&lon=14+05+01.4&lat=+53+39+44&radius=10.0&out_csys=Equatorial&out_equinox=J2000.0&obj_sort=Distance+to+search+center&of=pre_text&zv_breaker=30000.0&list_limit=5&img_stamp=YES&z_constraint=Unconstrained&z_value1=&z_value2=&z_unit=z&ot_include=ANY&nmp_op=AN	LIVE	N/A		
http://nedwww.ipac.caltech.edu/cgi-bin/nph-objsearch?search_type=Near+Position+Search&in_csys=Near+Position=+Search&in_csys=Equatorial&in_equinox=J2000.0&lon=10+50+09.1&lat=+13+29+02&radius=10.0&out_csys=Equatorial&out_equinox=J2000.0&obj_sort=Distance+to+search+center&of=pre_text&zv_breaker=30000.0&list_limit=5&img_stamp=YES&z_constraint=Unconstrained&z_value1=&z_value2=&z_unit=z&ot_include=ANY&nmp_op=AN	LIVE	N/A		
http://nedwww.ipac.caltech.edu/cgi-bin/nph-objsearch?search_type=Near+Position+Search&in_csys=Near+Position=+Search&in_csys=Equatorial&in_equinox=J2000.0&lon=09+54+52.2&lat=+14+29+07&radius=1.00&out_csys=Equatorial&out_equinox=J2000.0&obj_sort=Distance+to+search+center&of=pre_text&zv_breaker=30000.0&list_limit=5&img_stamp=YES&z_constraint=Unconstrained&z_value1=&z_value2=&z_unit=z&ot_include=ANY&nmp_op=AN	LIVE	N/A		
http://nedwww.ipac.caltech.edu/cgi-bin/nph-objsearch?search_type=Near+Position+Search&in_csys=Near+Position=+Search&in_csys=Equatorial&in_equinox=J2000.0&lon=13+54+11.2&lat=+05+13+36&radius=10.0&out_csys=Equatorial&out_equinox=J2000.0&obj_sort=Distance+to+search+center&of=pre_text&zv_breaker=30000.0&list_limit=5&img_stamp=YES&z_constraint=Unconstrained&z_value1=&z_value2=&z_unit=z&ot_include=ANY&nmp_op=AN	LIVE	N/A		
http://nedwww.ipac.caltech.edu/cgi-bin/nph-objsearch?search_type=Near+Position+Search&in_csys=Near+Position=+Search&in_csys=Equatorial&in_equinox=J2000.0&lon=11+47+51.8&lat=+13+16+33&radius=1.00&out_csys=Equatorial&out_equinox=J2000.0&obj_sort=Distance+to+search+center&of=pre_text&zv_breaker=30000.0&list_limit=5&img_stamp=YES&z_constraint=Unconstrained&z_value1=&z_value2=&z_unit=z&ot_include=ANY&nmp_op=AN	LIVE	N/A		
http://nedwww.ipac.caltech.edu/cgi-bin/nph-objsearch?search_type=Near+Position+Search&in_csys=Near+Position=+Search&in_csys=Equatorial&in_equinox=J2000.0&lon=21+47+37.5&lat=+25+53+17&radius=1.00&out_csys=Equatorial&out_equinox=J2000.0&obj_sort=Distance+to+search+center&of=pre_text&zv_breaker=30000.0&list_limit=5&img_stamp=YES&z_constraint=Unconstrained&z_value1=&z_value2=&z_unit=z&ot_include=ANY&nmp_op=AN	LIVE	N/A		
http://nedwww.ipac.caltech.edu/cgi-bin/nph-objsearch?search_type=Near+Position+Search&in_csys=Near+Position=+Search&in_csys=Equatorial&in_equinox=J2000.0&lon=10+53+00.7&lat=+10+22+44&radius=1.00&out_csys=Equatorial&out_equinox=J2000.0&obj_sort=Distance+to+search+center&of=pre_text&zv_breaker=30000.0&list_limit=5&img_stamp=YES&z_constraint=Unconstrained&z_value1=&z_value2=&z_unit=z&ot_include=ANY&nmp_op=AN	LIVE	N/A		
http://nedwww.ipac.caltech.edu/cgi-bin/nph-objsearch?search_type=Near+Position+Search&in_csys=Near+Position=+Search&in_csys=Equatorial&in_equinox=J2000.0&lon=15+16+10.8&lat=+10+30+34&radius=10.0&out_csys=Equatorial&out_equinox=J2000.0&obj_sort=Distance+to+search+center&of=pre_text&zv_breaker=30000.0&list_limit=5&img_stamp=YES&z_constraint=Unconstrained&z_value1=&z_value2=&z_unit=z&ot_include=ANY&nmp_op=AN	LIVE	N/A		
http://nedwww.ipac.caltech.edu/cgi-bin/nph-objsearch?search_type=Near+Position+Search&in_csys=Near+Position=+Search&in_csys=Equatorial&in_equinox=J2000.0&lon=16+03+22.2&lat=+15+00+29&radius=10.0&out_csys=Equatorial&out_equinox=J2000.0&obj_sort=Distance+to+search+center&of=pre_text&zv_breaker=30000.0&list_limit=5&img_stamp=YES&z_constraint=Unconstrained&z_value1=&z_value2=&z_unit=z&ot_include=ANY&nmp_op=AN	LIVE	N/A		
http://nedwww.ipac.caltech.edu/cgi-bin/nph-objsearch?search_type=Near+Position+Search&in_csys=Near+Position=+Search&in_csys=Equatorial&in_equinox=J2000.0&lon=13+29+31.2&lat=+11+47+19&radius=1.00&out_csys=Equatorial&out_equinox=J2000.0&obj_sort=Distance+to+search+center&of=pre_text&zv_breaker=30000.0&list_limit=5&img_stamp=YES&z_constraint=Unconstrained&z_value1=&z_value2=&z_unit=z&ot_include=ANY&nmp_op=AN	LIVE	N/A		
http://nedwww.ipac.caltech.edu/cgi-bin/nph-objsearch?search_type=Near+Position+Search&in_csys=Near+Position=+Search&in_csys=Equatorial&in_equinox=J2000.0&lon=10+00+05.7&lat=+01+54+39&radius=1.00&out_csys=Equatorial&out_equinox=J2000.0&obj_sort=Distance+to+search+center&of=pre_text&zv_breaker=30000.0&list_limit=5&img_stamp=YES&z_constraint=Unconstrained&z_value1=&z_value2=&z_unit=z&ot_include=ANY&nmp_op=AN	LIVE	N/A		
http://nedwww.ipac.caltech.edu/cgi-bin/nph-objsearch?search_type=Near+Position+Search&in_csys=Near+Position=+Search&in_csys=Equatorial&in_equinox=J2000.0&lon=15+34+57.1&lat=+23+30+11&radius=1.00&out_csys=Equatorial&out_equinox=J2000.0&obj_sort=Distance+to+search+center&of=pre_text&zv_breaker=30000.0&list_limit=5&img_stamp=YES&z_constraint=Unconstrained&z_value1=&z_value2=&z_unit=z&ot_include=ANY&nmp_op=AN	LIVE	N/A		
http://nedwww.ipac.caltech.edu/cgi-bin/nph-objsearch?search_type=Near+Position+Search&in_csys=Near+Position=+Search&in_csys=Equatorial&in_equinox=J2000.0&lon=12+31+20.9&lat=+05+04+02&radius=1.00&out_csys=Equatorial&out_equinox=J2000.0&obj_sort=Distance+to+search+center&of=pre_text&zv_breaker=30000.0&list_limit=5&img_stamp=YES&z_constraint=Unconstrained&z_value1=&z_value2=&z_unit=z&ot_include=ANY&nmp_op=AN	LIVE	N/A		
http://nedwww.ipac.caltech.edu/cgi-bin/nph-objsearch?search_type=Near+Position+Search&in_csys=Near+Position=+Search&in_csys=Equatorial&in_equinox=J2000.0&lon=13+57+24.8&lat=+05+56+55&radius=10.0&out_csys=Equatorial&out_equinox=J2000.0&obj_sort=Distance+to+search+center&of=pre_text&zv_breaker=30000.0&list_limit=5&img_stamp=YES&z_constraint=Unconstrained&z_value1=&z_value2=&z_unit=z&ot_include=ANY&nmp_op=AN	LIVE	N/A		
http://nedwww.ipac.caltech.edu/cgi-bin/nph-objsearch?search_type=Near+Position+Search&in_csys=Near+Position=+Search&in_csys=Equatorial&in_equinox=J2000.0&lon=10+46+53.2&lat=+12+44+40&radius=10.0&out_csys=Equatorial&out_equinox=J2000.0&obj_sort=Distance+to+search+center&of=pre_text&zv_breaker=30000.0&list_limit=5&img_stamp=YES&z_constraint=Unconstrained&z_value1=&z_value2=&z_unit=z&ot_include=ANY&nmp_op=AN	LIVE	N/A		
http://nedwww.ipac.caltech.edu/cgi-bin/nph-objsearch?search_type=Near+Position+Search&in_csys=Near+Position=+Search&in_csys=Equatorial&in_equinox=J2000.0&lon=15+06+29.3&lat=+01+36+20&radius=1.00&out_csys=Equatorial&out_equinox=J2000.0&obj_sort=Distance+to+search+center&of=pre_text&zv_breaker=30000.0&list_limit=5&img_stamp=YES&z_constraint=Unconstrained&z_value1=&z_value2=&z_unit=z&ot_include=ANY&nmp_op=AN	LIVE	N/A		
http://nedwww.ipac.caltech.edu/cgi-bin/nph-objsearch?search_type=Near+Position+Search&in_csys=Near+Position=+Search&in_csys=Equatorial&in_equinox=J2000.0&lon=09+54+52.2&lat=+14+29+07&radius=10.0&out_csys=Equatorial&out_equinox=J2000.0&obj_sort=Distance+to+search+center&of=pre_text&zv_breaker=30000.0&list_limit=5&img_stamp=YES&z_constraint=Unconstrained&z_value1=&z_value2=&z_unit=z&ot_include=ANY&nmp_op=AN	LIVE	N/A		
http://nedwww.ipac.caltech.edu/cgi-bin/nph-objsearch?search_type=Near+Position+Search&in_csys=Near+Position=+Search&in_csys=Equatorial&in_equinox=J2000.0&lon=11+00+51.9&lat=+13+52+51&radius=10.0&out_csys=Equatorial&out_equinox=J2000.0&obj_sort=Distance+to+search+center&of=pre_text&zv_breaker=30000.0&list_limit=5&img_stamp=YES&z_constraint=Unconstrained&z_value1=&z_value2=&z_unit=z&ot_include=ANY&nmp_op=AN	LIVE	N/A		
http://nedwww.ipac.caltech.edu/cgi-bin/nph-objsearch?search_type=Near+Position+Search&in_csys=Near+Position=+Search&in_csys=Equatorial&in_equinox=J2000.0&lon=12+46+33.1&lat=+03+17+54&radius=1.00&out_csys=Equatorial&out_equinox=J2000.0&obj_sort=Distance+to+search+center&of=pre_text&zv_breaker=30000.0&list_limit=5&img_stamp=YES&z_constraint=Unconstrained&z_value1=&z_value2=&z_unit=z&ot_include=ANY&nmp_op=AN	LIVE	N/A		
http://nedwww.ipac.caltech.edu/cgi-bin/nph-objsearch?search_type=Near+Position+Search&in_csys=Near+Position=+Search&in_csys=Equatorial&in_equinox=J2000.0&lon=14+34+07.6&lat=+08+07+55&radius=10.0&out_csys=Equatorial&out_equinox=J2000.0&obj_sort=Distance+to+search+center&of=pre_text&zv_breaker=30000.0&list_limit=5&img_stamp=YES&z_constraint=Unconstrained&z_value1=&z_value2=&z_unit=z&ot_include=ANY&nmp_op=AN	LIVE	N/A		
http://nedwww.ipac.caltech.edu/cgi-bin/nph-objsearch?search_type=Near+Position+Search&in_csys=Near+Position=+Search&in_csys=Equatorial&in_equinox=J2000.0&lon=13+53+26.5&lat=+05+12+27&radius=10.0&out_csys=Equatorial&out_equinox=J2000.0&obj_sort=Distance+to+search+center&of=pre_text&zv_breaker=30000.0&list_limit=5&img_stamp=YES&z_constraint=Unconstrained&z_value1=&z_value2=&z_unit=z&ot_include=ANY&nmp_op=AN	LIVE	N/A		
http://nedwww.ipac.caltech.edu/cgi-bin/nph-objsearch?search_type=Near+Position+Search&in_csys=Near+Position=+Search&in_csys=Equatorial&in_equinox=J2000.0&lon=12+31+24.4&lat=+09+28+32&radius=10.0&out_csys=Equatorial&out_equinox=J2000.0&obj_sort=Distance+to+search+center&of=pre_text&zv_breaker=30000.0&list_limit=5&img_stamp=YES&z_constraint=Unconstrained&z_value1=&z_value2=&z_unit=z&ot_include=ANY&nmp_op=AN	LIVE	N/A		
http://nedwww.ipac.caltech.edu/cgi-bin/nph-objsearch?search_type=Near+Position+Search&in_csys=Near+Position=+Search&in_csys=Equatorial&in_equinox=J2000.0&lon=14+28+53.4&lat=+16+45+18&radius=1.00&out_csys=Equatorial&out_equinox=J2000.0&obj_sort=Distance+to+search+center&of=pre_text&zv_breaker=30000.0&list_limit=5&img_stamp=YES&z_constraint=Unconstrained&z_value1=&z_value2=&z_unit=z&ot_include=ANY&nmp_op=AN	LIVE	N/A		
http://nedwww.ipac.caltech.edu/cgi-bin/nph-objsearch?search_type=Near+Position+Search&in_csys=Near+Position=+Search&in_csys=Equatorial&in_equinox=J2000.0&lon=10+47+00.8&lat=+12+57+34&radius=10.0&out_csys=Equatorial&out_equinox=J2000.0&obj_sort=Distance+to+search+center&of=pre_text&zv_breaker=30000.0&list_limit=5&img_stamp=YES&z_constraint=Unconstrained&z_value1=&z_value2=&z_unit=z&ot_include=ANY&nmp_op=AN	LIVE	N/A		
http://nedwww.ipac.caltech.edu/cgi-bin/nph-objsearch?search_type=Near+Position+Search&in_csys=Near+Position=+Search&in_csys=Equatorial&in_equinox=J2000.0&lon=15+29+25.8&lat=+05+05+05&radius=10.0&out_csys=Equatorial&out_equinox=J2000.0&obj_sort=Distance+to+search+center&of=pre_text&zv_breaker=30000.0&list_limit=5&img_stamp=YES&z_constraint=Unconstrained&z_value1=&z_value2=&z_unit=z&ot_include=ANY&nmp_op=AN	LIVE	N/A		
http://nedwww.ipac.caltech.edu/cgi-bin/nph-objsearch?search_type=Near+Position+Search&in_csys=Near+Position=+Search&in_csys=Equatorial&in_equinox=J2000.0&lon=13+56+07.3&lat=+05+15+17&radius=1.00&out_csys=Equatorial&out_equinox=J2000.0&obj_sort=Distance+to+search+center&of=pre_text&zv_breaker=30000.0&list_limit=5&img_stamp=YES&z_constraint=Unconstrained&z_value1=&z_value2=&z_unit=z&ot_include=ANY&nmp_op=AN	LIVE	N/A		
http://nedwww.ipac.caltech.edu/cgi-bin/nph-objsearch?search_type=Near+Position+Search&in_csys=Near+Position=+Search&in_csys=Equatorial&in_equinox=J2000.0&lon=13+01+57.6&lat=+28+00+21&radius=1.00&out_csys=Equatorial&out_equinox=J2000.0&obj_sort=Distance+to+search+center&of=pre_text&zv_breaker=30000.0&list_limit=5&img_stamp=YES&z_constraint=Unconstrained&z_value1=&z_value2=&z_unit=z&ot_include=ANY&nmp_op=AN	LIVE	N/A		
http://nedwww.ipac.caltech.edu/cgi-bin/nph-objsearch?search_type=Near+Position+Search&in_csys=Near+Position=+Search&in_csys=Equatorial&in_equinox=J2000.0&lon=10+33+19.2&lat=+10+11+22&radius=10.0&out_csys=Equatorial&out_equinox=J2000.0&obj_sort=Distance+to+search+center&of=pre_text&zv_breaker=30000.0&list_limit=5&img_stamp=YES&z_constraint=Unconstrained&z_value1=&z_value2=&z_unit=z&ot_include=ANY&nmp_op=AN	LIVE	N/A		
http://nedwww.ipac.caltech.edu/cgi-bin/nph-objsearch?search_type=Near+Position+Search&in_csys=Near+Position=+Search&in_csys=Equatorial&in_equinox=J2000.0&lon=13+00+37.8&lat=+28+03+29&radius=1.00&out_csys=Equatorial&out_equinox=J2000.0&obj_sort=Distance+to+search+center&of=pre_text&zv_breaker=30000.0&list_limit=5&img_stamp=YES&z_constraint=Unconstrained&z_value1=&z_value2=&z_unit=z&ot_include=ANY&nmp_op=AN	LIVE	N/A		
http://nedwww.ipac.caltech.edu/cgi-bin/nph-objsearch?search_type=Near+Position+Search&in_csys=Near+Position=+Search&in_csys=Equatorial&in_equinox=J2000.0&lon=11+20+16.9&lat=+13+35+13&radius=1.00&out_csys=Equatorial&out_equinox=J2000.0&obj_sort=Distance+to+search+center&of=pre_text&zv_breaker=30000.0&list_limit=5&img_stamp=YES&z_constraint=Unconstrained&z_value1=&z_value2=&z_unit=z&ot_include=ANY&nmp_op=AN	LIVE	N/A		
http://nedwww.ipac.caltech.edu/cgi-bin/nph-objsearch?search_type=Near+Position+Search&in_csys=Near+Position=+Search&in_csys=Equatorial&in_equinox=J2000.0&lon=23+30+42.8&lat=+23+32+31&radius=1.00&out_csys=Equatorial&out_equinox=J2000.0&obj_sort=Distance+to+search+center&of=pre_text&zv_breaker=30000.0&list_limit=5&img_stamp=YES&z_constraint=Unconstrained&z_value1=&z_value2=&z_unit=z&ot_include=ANY&nmp_op=AN	LIVE	N/A		
http://nedwww.ipac.caltech.edu/cgi-bin/nph-objsearch?search_type=Near+Position+Search&in_csys=Near+Position=+Search&in_csys=Equatorial&in_equinox=J2000.0&lon=10+21+44.9&lat=+18+05+22&radius=1.00&out_csys=Equatorial&out_equinox=J2000.0&obj_sort=Distance+to+search+center&of=pre_text&zv_breaker=30000.0&list_limit=5&img_stamp=YES&z_constraint=Unconstrained&z_value1=&z_value2=&z_unit=z&ot_include=ANY&nmp_op=AN	LIVE	N/A		
http://nedwww.ipac.caltech.edu/cgi-bin/nph-objsearch?search_type=Near+Position+Search&in_csys=Near+Position=+Search&in_csys=Equatorial&in_equinox=J2000.0&lon=13+52+20.4&lat=+07+47+58&radius=10.0&out_csys=Equatorial&out_equinox=J2000.0&obj_sort=Distance+to+search+center&of=pre_text&zv_breaker=30000.0&list_limit=5&img_stamp=YES&z_constraint=Unconstrained&z_value1=&z_value2=&z_unit=z&ot_include=ANY&nmp_op=AN	LIVE	N/A		
http://nedwww.ipac.caltech.edu/cgi-bin/nph-objsearch?search_type=Near+Position+Search&in_csys=Near+Position=+Search&in_csys=Equatorial&in_equinox=J2000.0&lon=23+04+28.2&lat=+27+21+27&radius=1.00&out_csys=Equatorial&out_equinox=J2000.0&obj_sort=Distance+to+search+center&of=pre_text&zv_breaker=30000.0&list_limit=5&img_stamp=YES&z_constraint=Unconstrained&z_value1=&z_value2=&z_unit=z&ot_include=ANY&nmp_op=AN	LIVE	N/A		
http://nedwww.ipac.caltech.edu/cgi-bin/nph-objsearch?search_type=Near+Position+Search&in_csys=Near+Position=+Search&in_csys=Equatorial&in_equinox=J2000.0&lon=00+41+29.4&lat=+22+02+31&radius=1.00&out_csys=Equatorial&out_equinox=J2000.0&obj_sort=Distance+to+search+center&of=pre_text&zv_breaker=30000.0&list_limit=5&img_stamp=YES&z_constraint=Unconstrained&z_value1=&z_value2=&z_unit=z&ot_include=ANY&nmp_op=AN	LIVE	N/A		
http://nedwww.ipac.caltech.edu/cgi-bin/nph-objsearch?search_type=Near+Position+Search&in_csys=Near+Position=+Search&in_csys=Equatorial&in_equinox=J2000.0&lon=15+18+23.1&lat=+12+11+09&radius=10.0&out_csys=Equatorial&out_equinox=J2000.0&obj_sort=Distance+to+search+center&of=pre_text&zv_breaker=30000.0&list_limit=5&img_stamp=YES&z_constraint=Unconstrained&z_value1=&z_value2=&z_unit=z&ot_include=ANY&nmp_op=AN	LIVE	N/A		
http://nedwww.ipac.caltech.edu/cgi-bin/nph-objsearch?search_type=Near+Position+Search&in_csys=Near+Position=+Search&in_csys=Equatorial&in_equinox=J2000.0&lon=10+35+48.9&lat=+08+28+49&radius=10.0&out_csys=Equatorial&out_equinox=J2000.0&obj_sort=Distance+to+search+center&of=pre_text&zv_breaker=30000.0&list_limit=5&img_stamp=YES&z_constraint=Unconstrained&z_value1=&z_value2=&z_unit=z&ot_include=ANY&nmp_op=AN	LIVE	N/A		
http://nedwww.ipac.caltech.edu/cgi-bin/nph-objsearch?search_type=Near+Position+Search&in_csys=Near+Position=+Search&in_csys=Equatorial&in_equinox=J2000.0&lon=10+46+54.6&lat=+12+47+16&radius=10.0&out_csys=Equatorial&out_equinox=J2000.0&obj_sort=Distance+to+search+center&of=pre_text&zv_breaker=30000.0&list_limit=5&img_stamp=YES&z_constraint=Unconstrained&z_value1=&z_value2=&z_unit=z&ot_include=ANY&nmp_op=AN	LIVE	N/A		
http://nedwww.ipac.caltech.edu/cgi-bin/nph-objsearch?search_type=Near+Position+Search&in_csys=Near+Position=+Search&in_csys=Equatorial&in_equinox=J2000.0&lon=13+29+30.8&lat=+11+44+44&radius=10.0&out_csys=Equatorial&out_equinox=J2000.0&obj_sort=Distance+to+search+center&of=pre_text&zv_breaker=30000.0&list_limit=5&img_stamp=YES&z_constraint=Unconstrained&z_value1=&z_value2=&z_unit=z&ot_include=ANY&nmp_op=AN	LIVE	N/A		
http://nedwww.ipac.caltech.edu/cgi-bin/nph-objsearch?search_type=Near+Position+Search&in_csys=Near+Position=+Search&in_csys=Equatorial&in_equinox=J2000.0&lon=01+15+01.5&lat=+30+20+42&radius=1.00&out_csys=Equatorial&out_equinox=J2000.0&obj_sort=Distance+to+search+center&of=pre_text&zv_breaker=30000.0&list_limit=5&img_stamp=YES&z_constraint=Unconstrained&z_value1=&z_value2=&z_unit=z&ot_include=ANY&nmp_op=AN	LIVE	N/A		
http://nedwww.ipac.caltech.edu/cgi-bin/nph-objsearch?search_type=Near+Position+Search&in_csys=Near+Position=+Search&in_csys=Equatorial&in_equinox=J2000.0&lon=14+09+50.2&lat=+10+57+40&radius=10.0&out_csys=Equatorial&out_equinox=J2000.0&obj_sort=Distance+to+search+center&of=pre_text&zv_breaker=30000.0&list_limit=5&img_stamp=YES&z_constraint=Unconstrained&z_value1=&z_value2=&z_unit=z&ot_include=ANY&nmp_op=AN	LIVE	N/A		
http://nedwww.ipac.caltech.edu/cgi-bin/nph-objsearch?search_type=Near+Position+Search&in_csys=Near+Position=+Search&in_csys=Equatorial&in_equinox=J2000.0&lon=22+37+33.3&lat=+35+33+16&radius=1.00&out_csys=Equatorial&out_equinox=J2000.0&obj_sort=Distance+to+search+center&of=pre_text&zv_breaker=30000.0&list_limit=5&img_stamp=YES&z_constraint=Unconstrained&z_value1=&z_value2=&z_unit=z&ot_include=ANY&nmp_op=AN	LIVE	N/A		
http://nedwww.ipac.caltech.edu/cgi-bin/nph-objsearch?search_type=Near+Position+Search&in_csys=Near+Position=+Search&in_csys=Equatorial&in_equinox=J2000.0&lon=07+56+54.2&lat=+14+38+28&radius=10.0&out_csys=Equatorial&out_equinox=J2000.0&obj_sort=Distance+to+search+center&of=pre_text&zv_breaker=30000.0&list_limit=5&img_stamp=YES&z_constraint=Unconstrained&z_value1=&z_value2=&z_unit=z&ot_include=ANY&nmp_op=AN	LIVE	N/A		
http://nedwww.ipac.caltech.edu/cgi-bin/nph-objsearch?search_type=Near+Position+Search&in_csys=Near+Position=+Search&in_csys=Equatorial&in_equinox=J2000.0&lon=12+05+47.7&lat=+16+51+08&radius=1.00&out_csys=Equatorial&out_equinox=J2000.0&obj_sort=Distance+to+search+center&of=pre_text&zv_breaker=30000.0&list_limit=5&img_stamp=YES&z_constraint=Unconstrained&z_value1=&z_value2=&z_unit=z&ot_include=ANY&nmp_op=AN	LIVE	N/A		
http://nedwww.ipac.caltech.edu/cgi-bin/nph-objsearch?search_type=Near+Position+Search&in_csys=Near+Position=+Search&in_csys=Equatorial&in_equinox=J2000.0&lon=10+02+27.1&lat=+02+10+01&radius=1.00&out_csys=Equatorial&out_equinox=J2000.0&obj_sort=Distance+to+search+center&of=pre_text&zv_breaker=30000.0&list_limit=5&img_stamp=YES&z_constraint=Unconstrained&z_value1=&z_value2=&z_unit=z&ot_include=ANY&nmp_op=AN	LIVE	N/A		
http://nedwww.ipac.caltech.edu/cgi-bin/nph-objsearch?search_type=Near+Position+Search&in_csys=Near+Position=+Search&in_csys=Equatorial&in_equinox=J2000.0&lon=13+00+06.0&lat=+28+15+06&radius=1.00&out_csys=Equatorial&out_equinox=J2000.0&obj_sort=Distance+to+search+center&of=pre_text&zv_breaker=30000.0&list_limit=5&img_stamp=YES&z_constraint=Unconstrained&z_value1=&z_value2=&z_unit=z&ot_include=ANY&nmp_op=AN	LIVE	N/A		
http://nedwww.ipac.caltech.edu/cgi-bin/nph-objsearch?search_type=Near+Position+Search&in_csys=Near+Position=+Search&in_csys=Equatorial&in_equinox=J2000.0&lon=09+24+57.4&lat=+11+32+29&radius=1.00&out_csys=Equatorial&out_equinox=J2000.0&obj_sort=Distance+to+search+center&of=pre_text&zv_breaker=30000.0&list_limit=5&img_stamp=YES&z_constraint=Unconstrained&z_value1=&z_value2=&z_unit=z&ot_include=ANY&nmp_op=AN	LIVE	N/A		
http://nedwww.ipac.caltech.edu/cgi-bin/nph-objsearch?search_type=Near+Position+Search&in_csys=Near+Position=+Search&in_csys=Equatorial&in_equinox=J2000.0&lon=23+42+36.1&lat=+31+10+35&radius=1.00&out_csys=Equatorial&out_equinox=J2000.0&obj_sort=Distance+to+search+center&of=pre_text&zv_breaker=30000.0&list_limit=5&img_stamp=YES&z_constraint=Unconstrained&z_value1=&z_value2=&z_unit=z&ot_include=ANY&nmp_op=AN	LIVE	N/A		
http://nedwww.ipac.caltech.edu/cgi-bin/nph-objsearch?search_type=Near+Position+Search&in_csys=Near+Position=+Search&in_csys=Equatorial&in_equinox=J2000.0&lon=11+20+16.9&lat=+13+35+13&radius=10.0&out_csys=Equatorial&out_equinox=J2000.0&obj_sort=Distance+to+search+center&of=pre_text&zv_breaker=30000.0&list_limit=5&img_stamp=YES&z_constraint=Unconstrained&z_value1=&z_value2=&z_unit=z&ot_include=ANY&nmp_op=AN	LIVE	N/A		
http://nedwww.ipac.caltech.edu/cgi-bin/nph-objsearch?search_type=Near+Position+Search&in_csys=Equatorial&in_equinox=J2000.0&lon=12+04+00.0&lat=%2B02+00+00&radius=60&hconst=73&omegam=0.27&omegav=0.73&corr_z=1&z_constraint=Unconstrained&z_value1=&z_value2=&z_unit=z&ot_include=ANY&in_objtypes1=GGroups&ex_objtypes1=Galaxies&nmp_op=ANY&out_csys=Equatorial&out_equinox=J2000.0&obj_sort=Distance+to+search+center&of=pre_text&zv_breaker=30000.0&list_limit=5&img_stamp=YES	LIVE	N/A		
http://nedwww.ipac.caltech.edu/cgi-bin/nph-objsearch?search_type=Near+Position+Search&in_csys=Equatorial&in_equinox=J2000.0&lon=14+40+00.0&lat=%2B03+00+00&radius=60&hconst=73&omegam=0.27&omegav=0.73&corr_z=1&z_constraint=Unconstrained&z_value1=&z_value2=&z_unit=z&ot_include=ANY&in_objtypes1=GGroups&ex_objtypes1=Galaxies&nmp_op=ANY&out_csys=Equatorial&out_equinox=J2000.0&obj_sort=Distance+to+search+center&of=pre_text&zv_breaker=30000.0&list_limit=5&img_stamp=YES	LIVE	N/A		
http://adsabs.harvard.edu/cgi-bin/nph-abs_connect?db_key=AST&sim_query=YES&aut_xct=NO&aut_logic=OR&obj_logic=OR&author=&object=&start_mon=&start_year=&end_mon=&end_year=&ttl_logic=OR&title=&txt_logic=OR&text=HIPASS%0D%0A&nr_to_return=100&start_nr=1&start_entry_day=&start_entry_mon=&start_entry_year=&min_score=&jou_pick=NO&ref_stems=&data_and=ALL&group_and=ALL&sort=SCORE&aut_syn=YES&ttl_syn=YES&txt_syn=YES&aut_wt=1.0&obj_wt=1.0&ttl_wt=0.3&txt_wt=3.0&aut_wgt=YES&obj_wgt=YES&ttl_wgt=YES&txt_wgt=YES&ttl_sco=YES&txt_sco=YES&version=1	LIVE	N/A		
http://macVmlSchemaUri	DEAD	NO		
http://wwwtronexus.com/node/34	DEAD	NO		
http://www.aoc.nrao.edu/~egreisen/scs_041022.pdf	DEAD	NO		
http://adsabs.harvard.edu/abs/2012MNRAS.427.2841F	DEAD	NO		
http://adsabs.harvard.edu/abs/2016ApJ...832...89M	DEAD	NO		
http://adsabs.harvard.edu/abs/2011ApJ...732...93T	DEAD	NO		
http://adsabs.harvard.edu/abs/2014ApJ...793...40H	DEAD	NO		
http://adsabs.harvard.edu/abs/2011ApJ...742...60D	DEAD	NO		
http://adsabs.harvard.edu/abs/2005AJ....130.1502M	DEAD	NO		
http://adsabs.harvard.edu/abs/2007A%26A...474..851D	DEAD	NO		
http://adsabs.harvard.edu/abs/2016A%26A...596A.117A	DEAD	NO		
https://www.skidmore.edu/physics/faculty/odekon.phph	DEAD	NO		
http://skyserver.sdss.org/dr10/en/tools/chart/list.aspx	DEAD	NO		
http://egg.astro.cornell.edu/alfalfa/ugrad/hiprofile.ht				
http://www.astro.yale.edu/cgi-bin/virgohi/galaxy.cgi?ngc4402	DEAD	NO		
http://www.astro.yale.edu/cgi-bin/virgohi/galaxy.cgi?ngc4351	DEAD	NO		
http://www.astro.yale.edu/cgi-bin/virgohi/galaxy.cgi?ngc4424	DEAD	NO		
http://astron.berkeley.edu/~heiles/handouts/handouts_idl.html	DEAD	NO		
http://www.astro.yale.edu/cgi-bin/virgohi/galaxy.cgi?ngc4419a	DEAD	NO		
http://cas.sdss.org/astro/en/tools/chart/navi.asp?ra=149.282&dec=	DEAD	NO		
http://cas.sdss.org/astro/en/tools/chart/navi.asp?ra=210.0208&dec=	DEAD	NO		
http://cas.sdss.org/astro/en/tools/chart/navi.asp?ra=155.6342&dec=	DEAD	NO		
http://cas.sdss.org/astro/en/tools/chart/navi.asp?ra=232.3575&dec=	DEAD	NO		
http://cas.sdss.org/astro/en/tools/chart/navi.asp?ra=155.6092&dec=	DEAD	NO		
http://cas.sdss.org/astro/en/tools/chart/navi.asp?ra=161.6258&dec=	DEAD	NO		
http://cas.sdss.org/astro/en/tools/chart/navi.asp?ra=180.8675&dec=	DEAD	NO		
http://cas.sdss.org/astro/en/tools/chart/navi.asp?ra=130.8392&dec=	DEAD	NO		
http://cas.sdss.org/astro/en/tools/chart/navi.asp?ra=180.8950&dec=	DEAD	NO		
http://cas.sdss.org/astro/en/tools/chart/navi.asp?ra=339.3958&dec=	DEAD	NO		
http://cas.sdss.org/astro/en/tools/chart/navi.asp?ra=124.2558&dec=	DEAD	NO		
http://cas.sdss.org/astro/en/tools/chart/navi.asp?ra=332.0688&dec=	DEAD	NO		
http://cas.sdss.org/astro/en/tools/chart/navi.asp?ra=208.0850&dec=	DEAD	NO		
http://cas.sdss.org/astro/en/tools/chart/navi.asp?ra=138.7442&dec=	DEAD	NO		
http://cas.sdss.org/astro/en/tools/chart/navi.asp?ra=208.0992&dec=	DEAD	NO		
http://cas.sdss.org/astro/en/tools/chart/navi.asp?ra=213.4850&dec=	DEAD	NO		
http://cas.sdss.org/astro/en/tools/chart/navi.asp?ra=165.1883&dec=	DEAD	NO		
http://cas.sdss.org/astro/en/tools/chart/navi.asp?ra=195.1575&dec=	DEAD	NO		
http://cas.sdss.org/astro/en/tools/chart/navi.asp?ra=163.2529&dec=	DEAD	NO		
http://cas.sdss.org/astro/en/tools/chart/navi.asp?ra=208.7433&dec=	DEAD	NO		
http://cas.sdss.org/astro/en/tools/chart/navi.asp?ra=357.4683&dec=	DEAD	NO		
http://cas.sdss.org/astro/en/tools/chart/navi.asp?ra=202.3783&dec=	DEAD	NO		
http://cas.sdss.org/astro/en/tools/chart/navi.asp?ra=209.5146&dec=	DEAD	NO		
http://cas.sdss.org/astro/en/tools/chart/navi.asp?ra=170.0704&dec=	DEAD	NO		
http://cas.sdss.org/astro/en/tools/chart/navi.asp?ra=162.4046&dec=	DEAD	NO		
http://cas.sdss.org/astro/en/tools/chart/navi.asp?ra=230.6679&dec=	DEAD	NO		
http://cas.sdss.org/astro/en/tools/chart/navi.asp?ra=233.7379&dec=	DEAD	NO		
http://cas.sdss.org/astro/en/tools/chart/navi.asp?ra=187.6083&dec=	DEAD	NO		
http://cas.sdss.org/astro/en/tools/chart/navi.asp?ra=211.4288&dec=	DEAD	NO		
http://cas.sdss.org/astro/en/tools/chart/navi.asp?ra=217.2225&dec=	DEAD	NO		
http://cas.sdss.org/astro/en/tools/chart/navi.asp?ra=209.2317&dec=	DEAD	NO		
http://cas.sdss.org/astro/en/tools/chart/navi.asp?ra=229.5963&dec=	DEAD	NO		
http://cas.sdss.org/astro/en/tools/chart/navi.asp?ra=187.8517&dec=	DEAD	NO		
http://cas.sdss.org/astro/en/tools/chart/navi.asp?ra=208.7687&dec=	DEAD	NO		
http://cas.sdss.org/astro/en/tools/chart/navi.asp?ra=212.6350&dec=	DEAD	NO		
http://cas.sdss.org/astro/en/tools/chart/navi.asp?ra=339.4283&dec=	DEAD	NO		
http://cas.sdss.org/astro/en/tools/chart/navi.asp?ra=355.4720&dec=	DEAD	NO		
http://cas.sdss.org/astro/en/tools/chart/navi.asp?ra=220.9142&dec=	DEAD	NO		
http://cas.sdss.org/astro/en/tools/chart/navi.asp?ra=160.6442&dec=	DEAD	NO		
http://cas.sdss.org/astro/en/tools/chart/navi.asp?ra=161.2396&dec=	DEAD	NO		
http://cas.sdss.org/astro/en/tools/chart/navi.asp?ra=155.8171&dec=	DEAD	NO		
http://cas.sdss.org/astro/en/tools/chart/navi.asp?ra=209.5708&dec=	DEAD	NO		
http://cas.sdss.org/astro/en/tools/chart/navi.asp?ra=210.9108&dec=	DEAD	NO		
http://cas.sdss.org/astro/en/tools/chart/navi.asp?ra=146.8867&dec=	DEAD	NO		
http://www.nrao.edu/astrores/HIrogues/RoguesLiving.shtml	LIVE	N/A		
http://www.nrao.edu/index.php/learn/radioastronomy/radiowaves	LIVE	N/A		
http://www.nrao.edu/index.php/learn/radioastronomy/radiotelescopes	LIVE	N/A		
http://www.nrao.edu/astrores/HIrogues/webGallery/RoguesGallery12.html	LIVE	N/A		
https://www.legacysurvey.org/viewer?ra=150.4742&dec=%20%202.413891&layer=ls-dr9&zoom=14	LIVE	N/A		
https://www.legacysurvey.org/viewer?ra=149.6950&dec=%20%202.347221&layer=ls-dr9&zoom=14	LIVE	N/A		
https://www.legacysurvey.org/viewer?ra=150.0429&dec=%20%202.155831&layer=ls-dr9&zoom=14	LIVE	N/A		
https://www.legacysurvey.org/viewer?ra=150.0237&dec=%20%201.910831&layer=ls-dr9&zoom=14	LIVE	N/A		
https://www.legacysurvey.org/viewer?ra=150.6129&dec=%20%202.166941&layer=ls-dr9&zoom=14	LIVE	N/A		
https://www.legacysurvey.org/viewer?ra=150.1250&dec=%20%202.150001&layer=ls-dr9&zoom=14	LIVE	N/A		
http://skyserver.sdss3.org/dr9/en/tools/chart/navi.asp?ra=202.3725&dec=%2011.6247&opt=glsi	LIVE	N/A		
http://skyserver.sdss3.org/dr9/en/tools/chart/navi.asp?ra=170.0704&dec=%2013.5869&opt=glsi	LIVE	N/A		
http://skyserver.sdss3.org/dr9/en/tools/chart/navi.asp?ra=202.3783&dec=%2011.7456&opt=glsi	LIVE	N/A		
http://skyserver.sdss3.org/dr9/en/tools/chart/navi.asp?ra=169.8100&dec=%2011.9519&opt=glsi	LIVE	N/A		
http://skyserver.sdss3.org/dr9/en/tools/chart/navi.asp?ra=177.1150&dec=%2012.7272&opt=glsi	LIVE	N/A		
http://skyserver.sdss3.org/dr9/en/tools/chart/navi.asp?ra=132.2992&dec=%2060.2206&opt=glsi	LIVE	N/A		
http://skyserver.sdss3.org/dr9/en/tools/chart/navi.asp?ra=202.3979&dec=%2011.6972&opt=glsi	LIVE	N/A		
http://skyserver.sdss3.org/dr9/en/tools/chart/navi.asp?ra=211.2558&dec=%2053.6622&opt=glsi	LIVE	N/A		
http://skyserver.sdss3.org/dr9/en/tools/chart/navi.asp?ra=202.3575&dec=%2011.0078&opt=glsi	LIVE	N/A		
http://skyserver.sdss3.org/dr9/en/tools/chart/navi.asp?ra=202.3683&dec=%2011.6553&opt=glsi	LIVE	N/A		
http://skyserver.sdss3.org/dr9/en/tools/chart/navi.asp?ra=210.5471&dec=%20%209.4397&opt=glsi	LIVE	N/A		
http://skyserver.sdss3.org/dr9/en/tools/chart/navi.asp?ra=210.5917&dec=%20%209.9708&opt=glsi	LIVE	N/A		
http://skyserver.sdss3.org/dr9/en/tools/chart/navi.asp?ra=189.0875&dec=%2025.987&opt=gls&scale=1.0	LIVE	N/A		
http://skyserver.sdss3.org/dr9/en/tools/chart/navi.asp?ra=202.3396&dec=%2011.73472&opt=gls&scale=1.0	LIVE	N/A		
http://skyserver.sdss3.org/dr9/en/tools/chart/navi.asp?ra=323.7650&dec=%2010.9600&opt=glsi&scale=0.39617	LIVE	N/A		
http://skyserver.sdss3.org/dr9/en/tools/chart/navi.asp?ra=155.4371&dec=%2018.0886&opt=glsi&scale=0.39617	LIVE	N/A		
http://skyserver.sdss3.org/dr9/en/tools/chart/navi.asp?ra=352.6783&dec=%2023.54194&opt=glsi&scale=0.39617	LIVE	N/A		
http://skyserver.sdss3.org/dr9/en/tools/chart/navi.asp?ra=155.4371&dec=%2018.08861&opt=glsi&scale=0.39617	LIVE	N/A		
http://skyserver.sdss3.org/dr9/en/tools/chart/navi.asp?ra=187.8454&dec=%2025.91389&opt=glsi&scale=0.39617	LIVE	N/A		
http://skyserver.sdss3.org/dr9/en/tools/chart/navi.asp?ra=338.2608&dec=%2035.38583&opt=glsi&scale=0.39617	LIVE	N/A		
http://skyserver.sdss3.org/dr9/en/tools/chart/navi.asp?ra=339.3888&dec=%2035.55444&opt=glsi&scale=0.39617	LIVE	N/A		
http://skyserver.sdss3.org/dr9/en/tools/chart/navi.asp?ra=217.2225&dec=%2016.75500&opt=glsi&scale=0.39617	LIVE	N/A		
http://skyserver.sdss3.org/dr9/en/tools/chart/navi.asp?ra=155.8700&dec=%2019.88917&opt=glsi&scale=0.39617	LIVE	N/A		
http://skyserver.sdss3.org/dr8/en/tools/chart/navi.asp?ra=233.7379&dec=%2023.50306&opt=glsi&scale=0.39617	LIVE	N/A		
http://skyserver.sdss3.org/dr9/en/tools/chart/navi.asp?ra=124.2558&dec=%2017.07028&opt=glsi&scale=0.39617	LIVE	N/A		
http://skyserver.sdss3.org/dr9/en/tools/chart/navi.asp?ra=226.6725&dec=%2012.73695&opt=glsi&scale=0.39617	LIVE	N/A		
http://skyserver.sdss3.org/dr9/en/tools/chart/navi.asp?ra=339.4283&dec=%2035.31583&opt=glsi&scale=0.39617	LIVE	N/A		
http://skyserver.sdss3.org/dr9/en/tools/chart/navi.asp?ra=145.3196&dec=%2011.55444&opt=glsi&scale=0.39617	LIVE	N/A		
http://skyserver.sdss3.org/dr9/en/tools/chart/navi.asp?ra=139.9500&dec=%2033.75889&opt=glsi&scale=0.39617	LIVE	N/A		
http://skyserver.sdss3.org/dr9/en/tools/chart/navi.asp?ra=137.2237&dec=%2014.58361&opt=glsi&scale=0.39617	LIVE	N/A		
http://skyserver.sdss3.org/dr9/en/tools/chart/navi.asp?ra=202.3800&dec=%2011.78861&opt=glsi&scale=0.39617	LIVE	N/A		
http://skyserver.sdss3.org/dr9/en/tools/chart/navi.asp?ra=326.9062&dec=%2025.88806&opt=glsi&scale=0.39617	LIVE	N/A		
http://skyserver.sdss3.org/dr8/en/tools/chart/navi.asp?ra=194.7588&dec=%2028.11556&opt=glsi&scale=0.39617	LIVE	N/A		
http://skyserver.sdss3.org/dr9/en/tools/chart/navi.asp?ra=176.9658&dec=%2013.27583&opt=glsi&scale=0.39617	LIVE	N/A		
http://skyserver.sdss3.org/dr9/en/tools/chart/navi.asp?ra=132.8004&dec=%2027.88000&opt=glsi&scale=0.39617	LIVE	N/A		
http://skyserver.sdss3.org/dr9/en/tools/chart/navi.asp?ra=339.3958&dec=%2029.69278&opt=glsi&scale=0.39617	LIVE	N/A		
http://skyserver.sdss3.org/dr9/en/tools/chart/navi.asp?ra=346.1175&dec=%2027.35750&opt=glsi&scale=0.39617	LIVE	N/A		
http://skyserver.sdss3.org/dr9/en/tools/chart/navi.asp?ra=339.7425&dec=%2034.05111&opt=glsi&scale=0.39617	LIVE	N/A		
http://skyserver.sdss3.org/dr9/en/tools/chart/navi.asp?ra=155.8775&dec=%2019.86500&opt=glsi&scale=0.39617	LIVE	N/A		
http://skyserver.sdss3.org/dr8/en/tools/chart/navi.asp?ra=195.0256&dec=%2028.25167&opt=glsi&scale=0.39617	LIVE	N/A		
http://skyserver.sdss3.org/dr9/en/tools/chart/navi.asp?ra=359.9558&dec=%2030.31167&opt=glsi&scale=0.39617	LIVE	N/A		
http://skyserver.sdss3.org/dr9/en/tools/chart/navi.asp?ra=155.8171&dec=%2019.53889&opt=glsi&scale=0.39617	LIVE	N/A		
http://skyserver.sdss3.org/dr9/en/tools/chart/navi.asp?ra=163.6654&dec=%2017.62278&opt=glsi&scale=0.39617	LIVE	N/A		
http://skyserver.sdss3.org/dr9/en/tools/chart/navi.asp?ra=337.3046&dec=%2035.30667&opt=glsi&scale=0.39617	LIVE	N/A		
http://skyserver.sdss3.org/dr8/en/tools/chart/navi.asp?ra=187.7058&dec=%2012.39111&opt=glsi&scale=0.39617	LIVE	N/A		
http://skyserver.sdss3.org/dr9/en/tools/chart/navi.asp?ra=155.8679&dec=%2019.66055&opt=glsi&scale=0.39617	LIVE	N/A		
http://skyserver.sdss3.org/dr8/en/tools/chart/navi.asp?ra=195.1575&dec=%2028.05805&opt=glsi&scale=0.39617	LIVE	N/A		
http://skyserver.sdss3.org/dr9/en/tools/chart/navi.asp?ra=335.7146&dec=%2023.17194&opt=glsi&scale=0.39617	LIVE	N/A		
http://skyserver.sdss3.org/dr9/en/tools/chart/navi.asp?ra=141.3008&dec=%2011.28028&opt=glsi&scale=0.39617	LIVE	N/A		
http://skyserver.sdss3.org/dr9/en/tools/chart/navi.asp?ra=147.9092&dec=%2010.43972&opt=glsi&scale=0.39617	LIVE	N/A		
http://skyserver.sdss3.org/dr9/en/tools/chart/navi.asp?ra=175.5392&dec=%2010.27500&opt=glsi&scale=0.39617	LIVE	N/A		
http://skyserver.sdss3.org/dr9/en/tools/chart/navi.asp?ra=181.4508&dec=%2016.85167&opt=glsi&scale=0.39617	LIVE	N/A		
http://skyserver.sdss3.org/dr9/en/tools/chart/navi.asp?ra=338.1475&dec=%2025.21667&opt=glsi&scale=0.39617	LIVE	N/A		
http://skyserver.sdss3.org/dr9/en/tools/chart/navi.asp?ra=357.4683&dec=%2026.00639&opt=glsi&scale=0.39617	LIVE	N/A		
http://skyserver.sdss3.org/dr9/en/tools/chart/navi.asp?ra=355.7487&dec=%2023.10139&opt=glsi&scale=0.39617	LIVE	N/A		
http://skyserver.sdss3.org/dr9/en/tools/chart/navi.asp?ra=327.6679&dec=%2028.59083&opt=glsi&scale=0.39617	LIVE	N/A		
http://skyserver.sdss3.org/dr8/en/tools/chart/navi.asp?ra=194.8725&dec=%2027.85000&opt=glsi&scale=0.39617	LIVE	N/A		
http://skyserver.sdss3.org/dr9/en/tools/chart/navi.asp?ra=355.6504&dec=%2031.17639&opt=glsi&scale=0.39617	LIVE	N/A		
http://skyserver.sdss3.org/dr8/en/tools/chart/navi.asp?ra=195.4900&dec=%2028.00583&opt=glsi&scale=0.39617	LIVE	N/A		
http://skyserver.sdss3.org/dr9/en/tools/chart/navi.asp?ra=217.0079&dec=%2025.56944&opt=glsi&scale=0.39617	LIVE	N/A		
http://skyserver.sdss3.org/dr9/en/tools/chart/navi.asp?ra=354.8133&dec=%2024.81417&opt=glsi&scale=0.39617	LIVE	N/A		
http://skyserver.sdss3.org/dr9/en/tools/chart/navi.asp?ra=141.2392&dec=%2011.54139&opt=glsi&scale=0.39617	LIVE	N/A		
http://skyserver.sdss3.org/dr9/en/tools/chart/navi.asp?ra=179.6271&dec=%2025.13972&opt=glsi&scale=0.39617	LIVE	N/A		
http://skyserver.sdss3.org/dr9/en/tools/chart/navi.asp?ra=199.1008&dec=%2016.27861&opt=glsi&scale=0.39617	LIVE	N/A		
http://skyserver.sdss3.org/dr8/en/tools/chart/navi.asp?ra=194.7663&dec=%2028.12361&opt=glsi&scale=0.39617	LIVE	N/A		
http://skyserver.sdss3.org/dr9/en/tools/chart/navi.asp?ra=146.4842&dec=%2013.04056&opt=glsi&scale=0.39617	LIVE	N/A		
http://skyserver.sdss3.org/dr9/en/tools/chart/navi.asp?ra=355.4720&dec=%2027.18833&opt=glsi&scale=0.39617	LIVE	N/A		
http://skyserver.sdss3.org/dr9/en/tools/chart/navi.asp?ra=133.8883&dec=%2031.21167&opt=glsi&scale=0.39617	LIVE	N/A		
http://skyserver.sdss3.org/dr9/en/tools/chart/navi.asp?ra=155.6092&dec=%2019.38806&opt=glsi&scale=0.39617	LIVE	N/A		
http://skyserver.sdss3.org/dr9/en/tools/chart/navi.asp?ra=332.0688&dec=%2030.66667&opt=glsi&scale=0.39617	LIVE	N/A		
http://skyserver.sdss3.org/dr9/en/tools/chart/navi.asp?ra=181.4487&dec=%2016.85222&opt=glsi&scale=0.39617	LIVE	N/A		
http://skyserver.sdss3.org/dr9/en/tools/chart/navi.asp?ra=155.7217&dec=%2019.57667&opt=glsi&scale=0.39617	LIVE	N/A		
http://skyserver.sdss3.org/dr9/en/tools/chart/navi.asp?ra=155.6342&dec=%2019.39472&opt=glsi&scale=0.39617	LIVE	N/A		
http://skyserver.sdss3.org/dr9/en/tools/chart/navi.asp?ra=155.4371&dec=%2018.08945&opt=glsi&scale=0.39617	LIVE	N/A		
http://skyserver.sdss3.org/dr9/en/tools/chart/navi.asp?ra=168.2896&dec=%2029.27306&opt=glsi&scale=0.39617	LIVE	N/A		
http://skyserver.sdss.org/dr12/en/tools/chart/navi.aspx?ra=195.4900&dec=%2028.00583&opt=glsi&scale=0.39617	LIVE	N/A		
http://skyserver.sdss3.org/dr9/en/tools/chart/navi.asp?ra=%2012.2654&dec=%2015.4856&opt=glsi&scale=0.39617	LIVE	N/A		
http://skyserver.sdss.org/dr12/en/tools/chart/navi.aspx?ra=187.7058&dec=%2012.39111&opt=glsi&scale=0.39617	LIVE	N/A		
http://skyserver.sdss3.org/dr9/en/tools/chart/navi.asp?ra=%2037.1421&dec=%2025.3311&opt=glsi&scale=0.39617	LIVE	N/A		
http://skyserver.sdss.org/dr12/en/tools/chart/navi.aspx?ra=195.0256&dec=%2028.25167&opt=glsi&scale=0.39617	LIVE	N/A		
http://skyserver.sdss.org/dr12/en/tools/chart/navi.aspx?ra=195.1575&dec=%2028.05805&opt=glsi&scale=0.39617	LIVE	N/A		
http://skyserver.sdss.org/dr12/en/tools/chart/navi.aspx?ra=194.8725&dec=%2027.85000&opt=glsi&scale=0.39617	LIVE	N/A		
http://skyserver.sdss.org/dr12/en/tools/chart/navi.aspx?ra=194.7663&dec=%2028.12361&opt=glsi&scale=0.39617	LIVE	N/A		
http://skyserver.sdss3.org/dr9/en/tools/chart/navi.asp?ra=%2014.9171&dec=%2015.3308&opt=glsi&scale=0.39617	LIVE	N/A		
http://skyserver.sdss.org/dr12/en/tools/chart/navi.aspx?ra=194.7588&dec=%2028.11556&opt=glsi&scale=0.39617	LIVE	N/A		
http://skyserver.sdss3.org/dr9/en/tools/chart/navi.asp?ra=209.0304&dec=%20%205.25472&opt=glsi&scale=0.39617	LIVE	N/A		
http://skyserver.sdss3.org/dr9/en/tools/chart/navi.asp?ra=186.7383&dec=%20%201.40944&opt=glsi&scale=0.39617	LIVE	N/A		
http://skyserver.sdss3.org/dr9/en/tools/chart/navi.asp?ra=191.6379&dec=%20%203.29833&opt=glsi&scale=0.39617	LIVE	N/A		
http://skyserver.sdss3.org/dr9/en/tools/chart/navi.asp?ra=%2042.9154&dec=%2033.78000&opt=glsi&scale=0.39617	LIVE	N/A		
http://skyserver.sdss3.org/dr9/en/tools/chart/navi.asp?ra=220.1650&dec=%20%203.47056&opt=glsi&scale=0.39617	LIVE	N/A		
http://skyserver.sdss3.org/dr9/en/tools/chart/navi.asp?ra=%2011.8350&dec=%2026.02972&opt=glsi&scale=0.39617	LIVE	N/A		
http://skyserver.sdss3.org/dr9/en/tools/chart/navi.asp?ra=333.2763&dec=%20%201.27417&opt=glsi&scale=0.39617	LIVE	N/A		
http://skyserver.sdss3.org/dr9/en/tools/chart/navi.asp?ra=186.0108&dec=%20%209.35695&opt=glsi&scale=0.39617	LIVE	N/A		
http://skyserver.sdss3.org/dr9/en/tools/chart/navi.asp?ra=%2039.6412&dec=%2026.72556&opt=glsi&scale=0.39617	LIVE	N/A		
http://skyserver.sdss3.org/dr9/en/tools/chart/navi.asp?ra=%2036.1204&dec=%2023.92611&opt=glsi&scale=0.39617	LIVE	N/A		
http://skyserver.sdss3.org/dr9/en/tools/chart/navi.asp?ra=211.4875&dec=%20%209.13278&opt=glsi&scale=0.39617	LIVE	N/A		
http://skyserver.sdss3.org/dr9/en/tools/chart/navi.asp?ra=%2021.3812&dec=%2032.13583&opt=glsi&scale=0.39617	LIVE	N/A		
http://skyserver.sdss3.org/dr9/en/tools/chart/navi.asp?ra=%2010.3725&dec=%2022.04194&opt=glsi&scale=0.39617	LIVE	N/A		
http://skyserver.sdss3.org/dr9/en/tools/chart/navi.asp?ra=191.5592&dec=%20%202.02528&opt=glsi&scale=0.39617	LIVE	N/A		
http://skyserver.sdss3.org/dr9/en/tools/chart/navi.asp?ra=%2035.6546&dec=%2031.67861&opt=glsi&scale=0.39617	LIVE	N/A		
http://skyserver.sdss3.org/dr9/en/tools/chart/navi.asp?ra=124.5071&dec=%20%200.68583&opt=glsi&scale=0.39617	LIVE	N/A		
http://skyserver.sdss3.org/dr9/en/tools/chart/navi.asp?ra=%2018.7563&dec=%2030.34500&opt=glsi&scale=0.39617	LIVE	N/A		
http://skyserver.sdss3.org/dr9/en/tools/chart/navi.asp?ra=%2035.2479&dec=%2025.28667&opt=glsi&scale=0.39617	LIVE	N/A		
http://skyserver.sdss3.org/dr9/en/tools/chart/navi.asp?ra=194.3438&dec=%20%202.99472&opt=glsi&scale=0.39617	LIVE	N/A		
http://skyserver.sdss3.org/dr9/en/tools/chart/navi.asp?ra=187.9746&dec=%20%205.17222&opt=glsi&scale=0.39617	LIVE	N/A		
http://skyserver.sdss3.org/dr9/en/tools/chart/navi.asp?ra=%20179.9317&dec=%20-0.7727&opt=glsi&scale=0.39617	LIVE	N/A		
http://skyserver.sdss3.org/dr9/en/tools/chart/navi.asp?ra=226.6221&dec=%20%201.60556&opt=glsi&scale=0.39617	LIVE	N/A		
http://skyserver.sdss.org/dr16/en/tools/chart/navi.aspx?ra=150.6129&dec=%20%202.16694&opt=GILS&scale=0.39617	LIVE	N/A		
http://skyserver.sdss.org/dr16/en/tools/chart/navi.aspx?ra=150.1250&dec=%20%202.15000&opt=GILS&scale=0.39617	LIVE	N/A		
http://skyserver.sdss.org/dr16/en/tools/chart/navi.aspx?ra=150.4742&dec=%20%202.41389&opt=GILS&scale=0.39617	LIVE	N/A		
http://skyserver.sdss.org/dr16/en/tools/chart/navi.aspx?ra=149.6950&dec=%20%202.34722&opt=GILS&scale=0.39617	LIVE	N/A		
http://skyserver.sdss.org/dr16/en/tools/chart/navi.aspx?ra=150.0237&dec=%20%201.91083&opt=GILS&scale=0.39617	LIVE	N/A		
http://skyserver.sdss3.org/public/en/tools/chart/navi.aspx?ra=323.7650&dec=%2010.9600&opt=GILS&scale=0.39617	LIVE	N/A		
http://skyserver.sdss3.org/public/en/tools/chart/navi.aspx?ra=155.4371&dec=%2018.0886&opt=GILS&scale=0.39617	LIVE	N/A		
http://skyserver.sdss.org/dr16/en/tools/chart/navi.aspx?ra=150.0429&dec=%20%202.15583&opt=GILS&scale=0.39617	LIVE	N/A		
http://skyserver.sdss3.org/public/en/tools/chart/navi.aspx?ra=346.1175&dec=%2027.35750&opt=GILS&scale=0.39617	LIVE	N/A		
http://skyserver.sdss3.org/public/en/tools/chart/navi.aspx?ra=355.6504&dec=%2031.17639&opt=GILS&scale=0.39617	LIVE	N/A		
http://skyserver.sdss3.org/public/en/tools/chart/navi.aspx?ra=332.0688&dec=%2030.66667&opt=GILS&scale=0.39617	LIVE	N/A		
http://skyserver.sdss3.org/public/en/tools/chart/navi.aspx?ra=338.2608&dec=%2035.38583&opt=GILS&scale=0.39617	LIVE	N/A		
http://skyserver.sdss3.org/public/en/tools/chart/navi.aspx?ra=357.4683&dec=%2026.00639&opt=GILS&scale=0.39617	LIVE	N/A		
http://skyserver.sdss3.org/public/en/tools/chart/navi.aspx?ra=338.1475&dec=%2025.21667&opt=GILS&scale=0.39617	LIVE	N/A		
http://skyserver.sdss3.org/public/en/tools/chart/navi.aspx?ra=132.8004&dec=%2027.88000&opt=GILS&scale=0.39617	LIVE	N/A		
http://skyserver.sdss3.org/public/en/tools/chart/navi.aspx?ra=155.4371&dec=%2018.08945&opt=GILS&scale=0.39617	LIVE	N/A		
http://skyserver.sdss3.org/public/en/tools/chart/navi.aspx?ra=339.4283&dec=%2035.31583&opt=GILS&scale=0.39617	LIVE	N/A		
http://skyserver.sdss3.org/public/en/tools/chart/navi.aspx?ra=337.3046&dec=%2035.30667&opt=GILS&scale=0.39617	LIVE	N/A		
http://skyserver.sdss3.org/public/en/tools/chart/navi.aspx?ra=355.4720&dec=%2027.18833&opt=GILS&scale=0.39617	LIVE	N/A		
http://skyserver.sdss3.org/public/en/tools/chart/navi.aspx?ra=355.7487&dec=%2023.10139&opt=GILS&scale=0.39617	LIVE	N/A		
http://skyserver.sdss3.org/public/en/tools/chart/navi.aspx?ra=339.7425&dec=%2034.05111&opt=GILS&scale=0.39617	LIVE	N/A		
http://skyserver.sdss3.org/public/en/tools/chart/navi.aspx?ra=327.6679&dec=%2028.59083&opt=GILS&scale=0.39617	LIVE	N/A		
http://skyserver.sdss3.org/public/en/tools/chart/navi.aspx?ra=354.8133&dec=%2024.81417&opt=GILS&scale=0.39617	LIVE	N/A		
http://skyserver.sdss3.org/public/en/tools/chart/navi.aspx?ra=147.9092&dec=%2010.43972&opt=GILS&scale=0.39617	LIVE	N/A		
http://skyserver.sdss3.org/public/en/tools/chart/navi.aspx?ra=133.8883&dec=%2031.21167&opt=GILS&scale=0.39617	LIVE	N/A		
http://skyserver.sdss3.org/public/en/tools/chart/navi.aspx?ra=326.9062&dec=%2025.88806&opt=GILS&scale=0.39617	LIVE	N/A		
http://skyserver.sdss3.org/public/en/tools/chart/navi.aspx?ra=339.3888&dec=%2035.55444&opt=GILS&scale=0.39617	LIVE	N/A		
http://skyserver.sdss3.org/public/en/tools/chart/navi.aspx?ra=339.3958&dec=%2029.69278&opt=GILS&scale=0.39617	LIVE	N/A		
http://skyserver.sdss3.org/public/en/tools/chart/navi.aspx?ra=352.6783&dec=%2023.54194&opt=GILS&scale=0.39617	LIVE	N/A		
http://skyserver.sdss3.org/public/en/tools/chart/navi.aspx?ra=187.8454&dec=%2025.91389&opt=GILS&scale=0.39617	LIVE	N/A		
http://skyserver.sdss3.org/public/en/tools/chart/navi.aspx?ra=335.7146&dec=%2023.17194&opt=GILS&scale=0.39617	LIVE	N/A		
http://skyserver.sdss3.org/public/en/tools/chart/navi.aspx?ra=181.4487&dec=%2016.85222&opt=GILS&scale=0.39617	LIVE	N/A		
http://skyserver.sdss3.org/public/en/tools/chart/navi.aspx?ra=359.9558&dec=%2030.31167&opt=GILS&scale=0.39617	LIVE	N/A		
http://skyserver.sdss3.org/public/en/tools/chart/navi.aspx?ra=146.4842&dec=%2013.04056&opt=GILS&scale=0.39617	LIVE	N/A		
http://skyserver.sdss3.org/dr9/en/tools/chart/navi.asp?ra=%20%201.9083&dec=%2033.34027&opt=glsi&scale=0.39617	LIVE	N/A		
http://skyserver.sdss3.org/public/en/tools/chart/navi.aspx?ra=%2014.9171&dec=%2015.3308&opt=GILS&scale=0.39617	LIVE	N/A		
http://skyserver.sdss3.org/public/en/tools/chart/navi.aspx?ra=%2012.2654&dec=%2015.4856&opt=GILS&scale=0.39617	LIVE	N/A		
http://skyserver.sdss3.org/public/en/tools/chart/navi.aspx?ra=%2037.1421&dec=%2025.3311&opt=GILS&scale=0.39617	LIVE	N/A		
http://skyserver.sdss3.org/public/en/tools/chart/navi.aspx?ra=333.2763&dec=%20%201.27417&opt=GILS&scale=0.39617	LIVE	N/A		
http://skyserver.sdss3.org/public/en/tools/chart/navi.aspx?ra=%2035.2479&dec=%2025.28667&opt=GILS&scale=0.39617	LIVE	N/A		
http://skyserver.sdss3.org/public/en/tools/chart/navi.aspx?ra=187.9746&dec=%20%205.17222&opt=GILS&scale=0.39617	LIVE	N/A		
http://skyserver.sdss3.org/public/en/tools/chart/navi.aspx?ra=%2039.6412&dec=%2026.72556&opt=GILS&scale=0.39617	LIVE	N/A		
http://skyserver.sdss3.org/public/en/tools/chart/navi.aspx?ra=%2018.7563&dec=%2030.34500&opt=GILS&scale=0.39617	LIVE	N/A		
http://skyserver.sdss3.org/public/en/tools/chart/navi.aspx?ra=%2011.8350&dec=%2026.02972&opt=GILS&scale=0.39617	LIVE	N/A		
http://skyserver.sdss3.org/public/en/tools/chart/navi.aspx?ra=209.0304&dec=%20%205.25472&opt=GILS&scale=0.39617	LIVE	N/A		
http://skyserver.sdss3.org/public/en/tools/chart/navi.aspx?ra=%2035.6546&dec=%2031.67861&opt=GILS&scale=0.39617	LIVE	N/A		
http://skyserver.sdss3.org/public/en/tools/chart/navi.aspx?ra=191.6379&dec=%20%203.29833&opt=GILS&scale=0.39617	LIVE	N/A		
http://skyserver.sdss3.org/public/en/tools/chart/navi.aspx?ra=%2036.1204&dec=%2023.92611&opt=GILS&scale=0.39617	LIVE	N/A		
http://skyserver.sdss3.org/public/en/tools/chart/navi.aspx?ra=%2021.3812&dec=%2032.13583&opt=GILS&scale=0.39617	LIVE	N/A		
http://skyserver.sdss3.org/public/en/tools/chart/navi.aspx?ra=%2042.9154&dec=%2033.78000&opt=GILS&scale=0.39617	LIVE	N/A		
http://skyserver.sdss3.org/public/en/tools/chart/navi.aspx?ra=186.7383&dec=%20%201.40944&opt=GILS&scale=0.39617	LIVE	N/A		
http://skyserver.sdss3.org/public/en/tools/chart/navi.aspx?ra=%2010.3725&dec=%2022.04194&opt=GILS&scale=0.39617	LIVE	N/A		
http://skyserver.sdss3.org/dr8/en/tools/chart/navi.asp?ra=194.4904&dec=%20%20%2028.061773&opt=glsi&scale=0.39617	LIVE	N/A		
http://skyserver.sdss3.org/public/en/tools/chart/navi.aspx?ra=%20%201.9083&dec=%2033.34027&opt=GILS&scale=0.39617	LIVE	N/A		
http://skyserver.sdss.org/dr12/en/tools/chart/navi.aspx?ra=194.4904&dec=%20%20%2028.061773&opt=glsi&scale=0.39617	LIVE	N/A		
https://archive.stsci.edu/cgi-bin/dss_search?v=poss2ukstu_red&r=195.1575&d=28.0581&e=J2000&h=15.0&w=15.0&f=gif&c=none&fov=NONE&v3=	LIVE	N/A		
https://archive.stsci.edu/cgi-bin/dss_search?v=poss2ukstu_red&r=194.4904&d=28.0618&e=J2000&h=15.0&w=15.0&f=gif&c=none&fov=NONE&v3=	LIVE	N/A		
https://archive.stsci.edu/cgi-bin/dss_search?v=poss2ukstu_red&r=195.0256&d=28.2522&e=J2000&h=15.0&w=15.0&f=gif&c=none&fov=NONE&v3=	LIVE	N/A		
https://archive.stsci.edu/cgi-bin/dss_search?v=poss2ukstu_red&r=195.4900&d=28.0058&e=J2000&h=15.0&w=15.0&f=gif&c=none&fov=NONE&v3=	LIVE	N/A		
https://archive.stsci.edu/cgi-bin/dss_search?v=poss2ukstu_red&r=194.7663&d=28.1236&e=J2000&h=15.0&w=15.0&f=gif&c=none&fov=NONE&v3=	LIVE	N/A		
https://archive.stsci.edu/cgi-bin/dss_search?v=poss2ukstu_red&r=194.7588&d=28.1156&e=J2000&h=15.0&w=15.0&f=gif&c=none&fov=NONE&v3=	LIVE	N/A		
https://archive.stsci.edu/cgi-bin/dss_search?v=poss2ukstu_red&r=194.8725&d=27.8500&e=J2000&h=15.0&w=15.0&f=gif&c=none&fov=NONE&v3=	LIVE	N/A		
https://archive.stsci.edu/cgi-bin/dss_search?v=poss2ukstu_red&r=187.7058&d=12.3911+&e=J2000&h=15.0&w=15.0&f=gif&c=none&fov=NONE&v3=	LIVE	N/A		
https://archive.stsci.edu/cgi-bin/dss_search?v=poss2ukstu_blue&r=195.4900&d=28.0058&e=J2000&h=15.0&w=15.0&f=gif&c=none&fov=NONE&v3=	LIVE	N/A		
https://archive.stsci.edu/cgi-bin/dss_search?v=poss2ukstu_blue&r=194.4904&d=28.0618&e=J2000&h=15.0&w=15.0&f=gif&c=none&fov=NONE&v3=	LIVE	N/A		
https://archive.stsci.edu/cgi-bin/dss_search?v=poss2ukstu_red&r=233.7379&d=23.5031+&e=J2000&h=15.0&w=15.0&f=gif&c=none&fov=NONE&v3=	LIVE	N/A		
https://archive.stsci.edu/cgi-bin/dss_search?v=poss2ukstu_blue&r=195.1575&d=28.0581&e=J2000&h=15.0&w=15.0&f=gif&c=none&fov=NONE&v3=	LIVE	N/A		
https://archive.stsci.edu/cgi-bin/dss_search?v=poss2ukstu_blue&r=194.8725&d=27.8500&e=J2000&h=15.0&w=15.0&f=gif&c=none&fov=NONE&v3=	LIVE	N/A		
https://archive.stsci.edu/cgi-bin/dss_search?v=poss2ukstu_blue&r=194.7663&d=28.1236&e=J2000&h=15.0&w=15.0&f=gif&c=none&fov=NONE&v3=	LIVE	N/A		
https://archive.stsci.edu/cgi-bin/dss_search?v=poss2ukstu_blue&r=195.0256&d=28.2522&e=J2000&h=15.0&w=15.0&f=gif&c=none&fov=NONE&v3=	LIVE	N/A		
https://archive.stsci.edu/cgi-bin/dss_search?v=poss2ukstu_blue&r=194.7588&d=28.1156&e=J2000&h=15.0&w=15.0&f=gif&c=none&fov=NONE&v3=	LIVE	N/A		
https://archive.stsci.edu/cgi-bin/dss_search?v=poss2ukstu_blue&r=187.7058&d=12.3911+&e=J2000&h=15.0&w=15.0&f=gif&c=none&fov=NONE&v3=	LIVE	N/A		
https://archive.stsci.edu/cgi-bin/dss_search?v=poss2ukstu_blue&r=233.7379&d=23.5031+&e=J2000&h=15.0&w=15.0&f=gif&c=none&fov=NONE&v3=	LIVE	N/A		
http://skyview.gsfc.nasa.gov/cgi-bin/nnskcall.pl?Interface=bform&VCOORD=143.7225,%2017.05139&NWINDOW=on&SURVEY=DSS2+Red&SCOORD=Equatori				
http://skyview.gsfc.nasa.gov/cgi-bin/nnskcall.pl?Interface=bform&VCOORD=155.4371,%2018.08861&NWINDOW=on&SURVEY=DSS2+Red&SCOORD=Equatorial&EQUINX=20				
http://skyview.gsfc.nasa.gov/cgi-bin/nnskcall.pl?Interface=bform&VCOORD=327.6679,%2028.59083&NWINDOW=on&SURVEY=DSS2+Blue&SCOORD=Equatorial&EQUINX				
http://skyview.gsfc.nasa.gov/cgi-bin/nnskcall.pl?Interface=bform&VCOORD=155.4371,%2018.08861&NWINDOW=on&SURVEY=DSS2+Blue&SCOORD=Equatorial&EQUINX=2				
http://skyview.gsfc.nasa.gov/cgi-bin/nnskcall.pl?Interface=bform&VCOORD=143.7225,%2017.05139&NWINDOW=on&SURVEY=DSS2+Blue&SCOORD=Equator				
https://skyview.gsfc.nasa.gov/current/cgi/runquery.pl?Interface=bform&VCOORD=209.2317,%20%205.15167&NWINDOW=on&SURVEY=DSS2+Blue&SCOORD=Equatorial&EQUINX=2000&MAPROJ=Gn				
  omonic&SFACTR=0.03&GRIDDD=Yes&COLTAB=Stern+Special	LIVE	N/A		
https://ps1images.stsci.edu/cgi-bin/ps1cutouts?pos=150.0429%20%202.15583&filter=color&filter=g&filter=r&filter=i&filter=z&filter=y&filetypes=stack&auxiliary=data&size=240&output_size=0&vverbose=0&autoscale=99.500000&catlist=	LIVE	N/A		
https://ps1images.stsci.edu/cgi-bin/ps1cutouts?pos=149.6950%20%202.34722&filter=color&filter=g&filter=r&filter=i&filter=z&filter=y&filetypes=stack&auxiliary=data&size=240&output_size=0&vverbose=0&autoscale=99.500000&catlist=	LIVE	N/A		
https://ps1images.stsci.edu/cgi-bin/ps1cutouts?pos=150.1250%20%202.15000&filter=color&filter=g&filter=r&filter=i&filter=z&filter=y&filetypes=stack&auxiliary=data&size=240&output_size=0&vverbose=0&autoscale=99.500000&catlist=	LIVE	N/A		
https://ps1images.stsci.edu/cgi-bin/ps1cutouts?pos=150.6129%20%202.16694&filter=color&filter=g&filter=r&filter=i&filter=z&filter=y&filetypes=stack&auxiliary=data&size=240&output_size=0&vverbose=0&autoscale=99.500000&catlist=	LIVE	N/A		
https://ps1images.stsci.edu/cgi-bin/ps1cutouts?pos=150.0237%20%201.91083&filter=color&filter=g&filter=r&filter=i&filter=z&filter=y&filetypes=stack&auxiliary=data&size=240&output_size=0&vverbose=0&autoscale=99.500000&catlist=	LIVE	N/A		
https://ps1images.stsci.edu/cgi-bin/ps1cutouts?pos=150.4742%20%202.41389&filter=color&filter=g&filter=r&filter=i&filter=z&filter=y&filetypes=stack&auxiliary=data&size=240&output_size=0&vverbose=0&autoscale=99.500000&catlist=	LIVE	N/A		
http://nedwww.ipac.caltech.edu/cgi-bin/nph-objsearch?search_type=Near+Position+Search&in_csys=Near+Position=+Search&in_csys=Equatorial&in_equinox=J2000.0&lon=155.4371d&lat=%2018.0886d&radius=1.00&out_csys=Equatorial&out_equinox=J2000.0&obj_sort=Distance+to+search+center&of=pre_text&zv_breaker=30000.0&list_limit=5&img_stamp=YES&z_constraint=Unconstrained&z_value1=&z_value2=&z_unit=z&ot_include=ANY&nmp_op=AN	LIVE	N/A		
http://nedwww.ipac.caltech.edu/cgi-bin/nph-objsearch?search_type=Near+Position+Search&in_csys=Near+Position=+Search&in_csys=Equatorial&in_equinox=J2000.0&lon=323.7650d&lat=%2010.9600d&radius=10.0&out_csys=Equatorial&out_equinox=J2000.0&obj_sort=Distance+to+search+center&of=pre_text&zv_breaker=30000.0&list_limit=5&img_stamp=YES&z_constraint=Unconstrained&z_value1=&z_value2=&z_unit=z&ot_include=ANY&nmp_op=AN	LIVE	N/A		
http://nedwww.ipac.caltech.edu/cgi-bin/nph-objsearch?search_type=Near+Position+Search&in_csys=Near+Position=+Search&in_csys=Equatorial&in_equinox=J2000.0&lon=155.4371d&lat=%2018.0886d&radius=10.0&out_csys=Equatorial&out_equinox=J2000.0&obj_sort=Distance+to+search+center&of=pre_text&zv_breaker=30000.0&list_limit=5&img_stamp=YES&z_constraint=Unconstrained&z_value1=&z_value2=&z_unit=z&ot_include=ANY&nmp_op=AN	LIVE	N/A		
http://nedwww.ipac.caltech.edu/cgi-bin/nph-objsearch?search_type=Near+Position+Search&in_csys=Near+Position=+Search&in_csys=Equatorial&in_equinox=J2000.0&lon=323.7650d&lat=%2010.9600d&radius=1.00&out_csys=Equatorial&out_equinox=J2000.0&obj_sort=Distance+to+search+center&of=pre_text&zv_breaker=30000.0&list_limit=5&img_stamp=YES&z_constraint=Unconstrained&z_value1=&z_value2=&z_unit=z&ot_include=ANY&nmp_op=AN	LIVE	N/A		
quinox=J2000.0&lon=10+21+44.9&lat=+18+05+19&radius=1.00&out_csys=Equatorial&out_equinox=J2000.0&obj_sort=Distance+to+search+center&of=pre_text&zv_breaker=30000.				
0&list_limit=5&img_stamp=YES&z_constraint=Unconstrained&z_value1=&z_value2=&z_unit=z&ot_include=ANY&nmp_op=AN	LIVE	N/A		
http://nedwww.ipac.caltech.edu/cgi-bin/nph-objsearch?search_type=Near+Position+Search&in_csys=Near+Position=+Search&in_csys=Equatorial&in_equinox=J2000.0&lon=14+05+%201.4&lat=+53+39+44&radius=10.0&out_csys=Equatorial&out_equinox=J2000.0&obj_sort=Distance+to+search+center&of=pre_text&zv_breaker=30000.0&list_limit=5&img_stamp=YES&z_constraint=Unconstrained&z_value1=&z_value2=&z_unit=z&ot_include=ANY&nmp_op=AN	LIVE	N/A		
http://nedwww.ipac.caltech.edu/cgi-bin/nph-objsearch?search_type=Near+Position+Search&in_csys=Near+Position=+Search&in_csys=Equatorial&in_equinox=J2000.0&lon=01+41+%206.4&lat=+27+19+03&radius=1.00&out_csys=Equatorial&out_equinox=J2000.0&obj_sort=Distance+to+search+center&of=pre_text&zv_breaker=30000.0&list_limit=5&img_stamp=YES&z_constraint=Unconstrained&z_value1=&z_value2=&z_unit=z&ot_include=ANY&nmp_op=AN	LIVE	N/A		
atorial&in_equinox=J2000.0&lon=09+34+53.4&lat=+17+03+05&radius=1.00&out_csys=Equatorial&out_equinox=J2000.0&obj_sort=Distance+to+search+center&of=pr				
e_text&zv_breaker=30000.0&list_limit=5&img_stamp=YES&z_constraint=Unconstrained&z_value1=&z_value2=&z_unit=z&ot_include=ANY&nmp_op=AN	LIVE	N/A		
http://nedwww.ipac.caltech.edu/cgi-bin/nph-objsearch?search_type=Near+Position+Search&in_csys=Near+Position=+Search&in_csys=Equatorial&in_equinox=J2000.0&lon=01+41+%206.4&lat=+27+19+03&radius=10.0&out_csys=Equatorial&out_equinox=J2000.0&obj_sort=Distance+to+search+center&of=pre_text&zv_breaker=30000.0&list_limit=5&img_stamp=YES&z_constraint=Unconstrained&z_value1=&z_value2=&z_unit=z&ot_include=ANY&nmp_op=AN	LIVE	N/A		
http://nedwww.ipac.caltech.edu/cgi-bin/nph-objsearch?search_type=Near+Position+Search&in_csys=Near+Position=+Search&in_csys=Equatorial&in_equinox=J2000.0&lon=14+05+%201.4&lat=+53+39+44&radius=1.00&out_csys=Equatorial&out_equinox=J2000.0&obj_sort=Distance+to+search+center&of=pre_text&zv_breaker=30000.0&list_limit=5&img_stamp=YES&z_constraint=Unconstrained&z_value1=&z_value2=&z_unit=z&ot_include=ANY&nmp_op=AN	LIVE	N/A		
_equinox=J2000.0&lon=21+50+40.3&lat=+28+35+27&radius=1.00&out_csys=Equatorial&out_equinox=J2000.0&obj_sort=Distance+to+search+center&of=pre_text&zv_breaker=30				
000.0&list_limit=5&img_stamp=YES&z_constraint=Unconstrained&z_value1=&z_value2=&z_unit=z&ot_include=ANY&nmp_op=AN	LIVE	N/A		
http://nedwww.ipac.caltech.edu/cgi-bin/nph-objsearch?search_type=Near+Position+Search&in_csys=Near+Position=+Search&in_csys=Equatorial&in_equinox=J2000.0&lon=%2012.2654d&lat=%2015.4856d&radius=1.00&out_csys=Equatorial&out_equinox=J2000.0&obj_sort=Distance+to+search+center&of=pre_text&zv_breaker=30000.0&list_limit=5&img_stamp=YES&z_constraint=Unconstrained&z_value1=&z_value2=&z_unit=z&ot_include=ANY&nmp_op=AN	LIVE	N/A		
http://nedwww.ipac.caltech.edu/cgi-bin/nph-objsearch?search_type=Near+Position+Search&in_csys=Near+Position=+Search&in_csys=Equatorial&in_equinox=J2000.0&lon=%2012.2654d&lat=%2015.4856d&radius=10.0&out_csys=Equatorial&out_equinox=J2000.0&obj_sort=Distance+to+search+center&of=pre_text&zv_breaker=30000.0&list_limit=5&img_stamp=YES&z_constraint=Unconstrained&z_value1=&z_value2=&z_unit=z&ot_include=ANY&nmp_op=AN	LIVE	N/A		
http://nedwww.ipac.caltech.edu/cgi-bin/nph-objsearch?search_type=Near+Position+Search&in_csys=Near+Position=+Search&in_csys=Equatorial&in_equinox=J2000.0&lon=%2037.1421d&lat=%2025.3311d&radius=1.00&out_csys=Equatorial&out_equinox=J2000.0&obj_sort=Distance+to+search+center&of=pre_text&zv_breaker=30000.0&list_limit=5&img_stamp=YES&z_constraint=Unconstrained&z_value1=&z_value2=&z_unit=z&ot_include=ANY&nmp_op=AN	LIVE	N/A		
http://nedwww.ipac.caltech.edu/cgi-bin/nph-objsearch?search_type=Near+Position+Search&in_csys=Near+Position=+Search&in_csys=Equatorial&in_equinox=J2000.0&lon=%2014.9171d&lat=%2015.3308d&radius=1.00&out_csys=Equatorial&out_equinox=J2000.0&obj_sort=Distance+to+search+center&of=pre_text&zv_breaker=30000.0&list_limit=5&img_stamp=YES&z_constraint=Unconstrained&z_value1=&z_value2=&z_unit=z&ot_include=ANY&nmp_op=AN	LIVE	N/A		
http://nedwww.ipac.caltech.edu/cgi-bin/nph-objsearch?search_type=Near+Position+Search&in_csys=Near+Position=+Search&in_csys=Equatorial&in_equinox=J2000.0&lon=%2037.1421d&lat=%2025.3311d&radius=10.0&out_csys=Equatorial&out_equinox=J2000.0&obj_sort=Distance+to+search+center&of=pre_text&zv_breaker=30000.0&list_limit=5&img_stamp=YES&z_constraint=Unconstrained&z_value1=&z_value2=&z_unit=z&ot_include=ANY&nmp_op=AN	LIVE	N/A		
http://nedwww.ipac.caltech.edu/cgi-bin/nph-objsearch?search_type=Near+Position+Search&in_csys=Near+Position=+Search&in_csys=Equatorial&in_equinox=J2000.0&lon=%2014.9171d&lat=%2015.3308d&radius=10.0&out_csys=Equatorial&out_equinox=J2000.0&obj_sort=Distance+to+search+center&of=pre_text&zv_breaker=30000.0&list_limit=5&img_stamp=YES&z_constraint=Unconstrained&z_value1=&z_value2=&z_unit=z&ot_include=ANY&nmp_op=AN	LIVE	N/A		
http://knol.google.com/k/things-to-do	DEAD	NO		
http://www1.union.edu/~readj/virgoHI.html	DEAD	NO		
http://adsabs.harvard.edu/abs/2019AAS...23326106R	DEAD	NO		
http://adsabs.harvard.edu/abs/2007ApJS..172..599S	DEAD	NO		
http://adsabs.harvard.edu/abs/1993AJ....105.1251W	DEAD	NO		
http://adsabs.harvard.edu/abs/2012ApJ...759..138P	DEAD	NO		
http://adsabs.harvard.edu/abs/2010ApJ...708L..22G	DEAD	NO		
http://www.astro.cornell.edu/~galaxy/checklist.html	DEAD	NO		
http://www.uwsp.edu/physastr/aDurbala/aDurbala.aspx	DEAD	NO		
http://astrosun.tn.cornell.edu/%7Egalaxy/idl_startup.txt	DEAD	NO		
http://www.astro.lsa.umich.edu/~mputman/togscontact.html	DEAD	NO		
http://egg.astro.cornell.edu/alfalfa/ugrad/usingalfalpha.php	DEAD	NO		
http://www.astro.yale.edu/cgi-bin/virgohi/galaxy.cgi?ngc4580	DEAD	NO		
http://egg.astro.cornell.edu/alfalfa/ugradteam/uat19_obs_students.php	DEAD	NO		
http://www.edpsciences.org/articles/aa/full/2003/34/aa3887/aa3887.html	DEAD	NO		
http://www.journals.uchicago.edu/AJ/journal/issues/v124n2/202097/202097.html	DEAD	NO		
http://egg.astro.cornell.edu/alfalfa/ugradteam/uat17talks/gordonUATgreen.pdf	DEAD	NO		
http://egg.astro.cornell.edu/alfalfa/ugradteam/apps/files/ppsagc_21june15.csv	DEAD	NO		
http://cas.sdss.org/astro/en/tools/explore/obj.asp?ra=148.7175&dec=%2014.4853	DEAD	NO		
http://cas.sdss.org/astro/en/tools/explore/obj.asp?ra=130.8392&dec=%2010.72611	DEAD	NO		
http://cas.sdss.org/astro/en/tools/explore/obj.asp?ra=161.7533&dec=%2012.95944	DEAD	NO		
http://cas.sdss.org/astro/en/tools/explore/obj.asp?ra=161.1087&dec=%2015.39667	DEAD	NO		
http://cas.sdss.org/astro/en/tools/explore/obj.asp?ra=157.9750&dec=%2012.92694	DEAD	NO		
http://cas.sdss.org/astro/en/tools/explore/obj.asp?ra=241.4083&dec=%2010.03528	DEAD	NO		
http://cas.sdss.org/astro/en/tools/explore/obj.asp?ra=161.6258&dec=%2011.75528	DEAD	NO		
http://egg.astro.cornell.edu/alfalfa/ugradteam/uat18talks/uat18_introAPPSS.pdf	DEAD	NO		
http://cas.sdss.org/astro/en/tools/explore/obj.asp?ra=146.8867&dec=%2010.75250	DEAD	NO		
http://cas.sdss.org/astro/en/tools/explore/obj.asp?ra=221.5892&dec=%2013.02056	DEAD	NO		
http://cas.sdss.org/astro/en/tools/explore/obj.asp?ra=162.4046&dec=%2011.35167	DEAD	NO		
http://cas.sdss.org/astro/en/tools/explore/obj.asp?ra=202.3575&dec=%2011.00778	DEAD	NO		
http://cas.sdss.org/astro/en/tools/explore/obj.asp?ra=164.5437&dec=%2011.99889	DEAD	NO		
http://cas.sdss.org/astro/en/tools/explore/obj.asp?ra=160.6442&dec=%2012.15028	DEAD	NO		
http://www.blackwell-synergy.com/links/doi/10.1111/j.1365-2966.2004.07782.x/abs	DEAD	NO		
http://astronomy.colgate.edu/~tbalonek/downloads/ALFALFA-Union-July08/Quirk.pdf	DEAD	NO		
http://cas.sdss.org/astro/en/tools/explore/obj.asp?ra=209.5583&dec=%20%205.40806	DEAD	NO		
http://cas.sdss.org/astro/en/tools/explore/obj.asp?ra=180.8950&dec=%20%208.29472	DEAD	NO		
http://cas.sdss.org/astro/en/tools/explore/obj.asp?ra=208.5467&dec=%20%205.22667	DEAD	NO		
http://cas.sdss.org/astro/en/tools/explore/obj.asp?ra=208.3604&dec=%20%205.20750	DEAD	NO		
http://cas.sdss.org/astro/en/tools/explore/obj.asp?ra=208.7687&dec=%20%205.18944	DEAD	NO		
http://cas.sdss.org/astro/en/tools/explore/obj.asp?ra=158.9537&dec=%20%208.48028	DEAD	NO		
http://cas.sdss.org/astro/en/tools/explore/obj.asp?ra=209.0500&dec=%20%205.01444	DEAD	NO		
http://cas.sdss.org/astro/en/tools/explore/obj.asp?ra=218.5317&dec=%20%208.13194	DEAD	NO		
http://cas.sdss.org/astro/en/tools/explore/obj.asp?ra=210.2379&dec=%20%208.55917	DEAD	NO		
http://cas.sdss.org/astro/en/tools/chart/navi.asp?ra=168.7283&dec=3.83583&opt=glsi	DEAD	NO		
http://cas.sdss.org/astro/en/tools/chart/navi.asp?ra=323.7650&dec=%2010.9600&opt=glsi	DEAD	NO		
http://cas.sdss.org/astro/en/tools/chart/navi.asp?ra=241.9383&dec=%2027.3722&opt=glsi	DEAD	NO		
http://cas.sdss.org/astro/en/tools/chart/navi.asp?ra=132.2992&dec=%2060.22055&opt=gli	DEAD	NO		
http://cas.sdss.org/astro/en/tools/chart/navi.asp?ra=169.8100&dec=%2011.9519&opt=glsi	DEAD	NO		
http://cas.sdss.org/astro/en/tools/chart/navi.asp?ra=202.3783&dec=%2011.7456&opt=glsi	DEAD	NO		
http://cas.sdss.org/astro/en/tools/chart/navi.asp?ra=202.3979&dec=%2011.6972&opt=glsi	DEAD	NO		
http://cas.sdss.org/astro/en/tools/chart/navi.asp?ra=135.690688&dec=%208.8544&opt=gli	DEAD	NO		
http://cas.sdss.org/astro/en/tools/chart/navi.asp?ra=210.5338&dec=%2011.11750&opt=glsi	DEAD	NO		
http://cas.sdss.org/astro/en/tools/chart/navi.asp?ra=213.4850&dec=%2011.98694&opt=glsi	DEAD	NO		
http://cas.sdss.org/astro/en/tools/chart/navi.asp?ra=167.4554&dec=%2012.77000&opt=glsi	DEAD	NO		
http://cas.sdss.org/astro/en/tools/chart/navi.asp?ra=229.0450&dec=%2010.50944&opt=glsi	DEAD	NO		
http://cas.sdss.org/astro/en/tools/chart/navi.asp?ra=209.1583&dec=%2012.25861&opt=glsi	DEAD	NO		
http://cas.sdss.org/astro/en/tools/chart/navi.asp?ra=161.7533&dec=%2012.95944&opt=glsi	DEAD	NO		
http://cas.sdss.org/astro/en/tools/chart/navi.asp?ra=339.7425&dec=%2034.05111&opt=glsi	DEAD	NO		
http://cas.sdss.org/astro/en/tools/chart/navi.asp?ra=221.5892&dec=%2013.02056&opt=glsi	DEAD	NO		
http://cas.sdss.org/astro/en/tools/chart/navi.asp?ra=159.9292&dec=%2012.63444&opt=glsi	DEAD	NO		
http://cas.sdss.org/astro/en/tools/chart/navi.asp?ra=161.6721&dec=%2012.32694&opt=glsi	DEAD	NO		
http://cas.sdss.org/astro/en/tools/chart/navi.asp?ra=158.4725&dec=%2011.20639&opt=glsi	DEAD	NO		
http://cas.sdss.org/astro/en/tools/chart/navi.asp?ra=211.2933&dec=%2011.77111&opt=glsi	DEAD	NO		
http://cas.sdss.org/astro/en/tools/chart/navi.asp?ra=339.3888&dec=%2035.55444&opt=glsi	DEAD	NO		
http://cas.sdss.org/astro/en/tools/chart/navi.asp?ra=337.3046&dec=%2035.30667&opt=glsi	DEAD	NO		
http://cas.sdss.org/astro/en/tools/chart/navi.asp?ra=194.8725&dec=%2027.85000&opt=glsi	DEAD	NO		
http://cas.sdss.org/astro/en/tools/chart/navi.asp?ra=220.9142&dec=%2011.13917&opt=glsi	DEAD	NO		
http://cas.sdss.org/astro/en/tools/chart/navi.asp?ra=195.4900&dec=%2028.00583&opt=glsi	DEAD	NO		
http://cas.sdss.org/astro/en/tools/chart/navi.asp?ra=168.2896&dec=%2029.27306&opt=glsi	DEAD	NO		
http://cas.sdss.org/astro/en/tools/chart/navi.asp?ra=155.6342&dec=%2019.39472&opt=glsi	DEAD	NO		
http://cas.sdss.org/astro/en/tools/chart/navi.asp?ra=208.3308&dec=%2010.12167&opt=glsi	DEAD	NO		
http://cas.sdss.org/astro/en/tools/chart/navi.asp?ra=158.3300&dec=%2010.18944&opt=glsi	DEAD	NO		
http://cas.sdss.org/astro/en/tools/chart/navi.asp?ra=233.7379&dec=%2023.50306&opt=glsi	DEAD	NO		
http://cas.sdss.org/astro/en/tools/chart/navi.asp?ra=162.4046&dec=%2011.35167&opt=glsi	DEAD	NO		
http://cas.sdss.org/astro/en/tools/chart/navi.asp?ra=155.8171&dec=%2019.53889&opt=glsi	DEAD	NO		
http://cas.sdss.org/astro/en/tools/chart/navi.asp?ra=143.7225&dec=%2017.05139&opt=glsi	DEAD	NO		
http://cas.sdss.org/astro/en/tools/chart/navi.asp?ra=170.5879&dec=%20%201.12250&opt=gli	DEAD	NO		
http://www.edpsciences.org/journal/index.cfm?v_url=aa/full/2003/04/aah3995/aah3995.html	DEAD	NO		
http://cas.sdss.org/astro/en/tools/chart/navi.asp?ra=210.5917&dec=%20%209.9708&opt=glsi	DEAD	NO		
http://cas.sdss.org/astro/en/tools/chart/navi.asp?ra=208.7612&dec=%20%205.09028&opt=gli	DEAD	NO		
http://cas.sdss.org/astro/en/tools/chart/navi.asp?ra=208.3604&dec=%20%205.20750&opt=gli	DEAD	NO		
http://cas.sdss.org/astro/en/tools/chart/navi.asp?ra=184.70625&dec=14.41638890&opt=glis	DEAD	NO		
http://cas.sdss.org/astro/en/tools/chart/navi.asp?ra=209.2317&dec=%20%205.15167&opt=gli	DEAD	NO		
http://cas.sdss.org/astro/en/tools/chart/navi.asp?ra=170.7358&dec=%20%201.13222&opt=gli	DEAD	NO		
http://cas.sdss.org/astro/en/tools/chart/navi.asp?ra=%2014.9171&dec=%2015.3308&opt=glsi	DEAD	NO		
http://cas.sdss.org/astro/en/tools/chart/navi.asp?ra=209.0500&dec=%20%205.01444&opt=gli	DEAD	NO		
http://cas.sdss.org/astro/en/tools/chart/navi.asp?ra=187.8517&dec=%20%209.47556&opt=gli	DEAD	NO		
http://cas.sdss.org/astro/en/tools/chart/navi.asp?ra=170.8333&dec=%20%201.11056&opt=gli	DEAD	NO		
http://cas.sdss.org/astro/en/tools/chart/navi.asp?ra=210.6708&dec=%20%208.24972&opt=glsi	DEAD	NO		
http://cas.sdss.org/astro/en/tools/chart/navi.asp?ra=150.0237&dec=%20%201.91083&opt=glsi	DEAD	NO		
http://cas.sdss.org/astro/en/tools/chart/navi.asp?ra=%2035.2479&dec=%2025.28667&opt=glsi	DEAD	NO		
http://cas.sdss.org/astro/en/tools/chart/navi.asp?ra=212.5717&dec=%20%206.14611&opt=glsi	DEAD	NO		
http://cas.sdss.org/astro/en/tools/chart/navi.asp?ra=209.3533&dec=%20%205.94861&opt=glsi	DEAD	NO		
http://cas.sdss.org/astro/en/tools/chart/navi.asp?ra=149.6950&dec=%20%202.34722&opt=glsi	DEAD	NO		
http://cas.sdss.org/astro/en/tools/chart/navi.asp?ra=210.0008&dec=%20%207.76444&opt=glsi	DEAD	NO		
http://cas.sdss.org/astro/en/tools/chart/navi.asp?ra=226.6221&dec=%20%201.60556&opt=glsi	DEAD	NO		
http://cas.sdss.org/astro/en/tools/chart/navi.asp?ra=213.5104&dec=%20%208.05306&opt=glsi	DEAD	NO		
http://cas.sdss.org/astro/en/tools/chart/navi.asp?ra=220.1650&dec=%20%203.47056&opt=glsi	DEAD	NO		
http://cas.sdss.org/astro/en/tools/chart/navi.asp?ra=210.7525&dec=%20%209.04944&opt=glsi	DEAD	NO		
http://cas.sdss.org/astro/en/tools/chart/navi.asp?ra=150.4742&dec=%20%202.41389&opt=glsi	DEAD	NO		
http://cas.sdss.org/astro/en/tools/chart/navi.asp?ra=215.8667&dec=%20%208.59500&opt=glsi	DEAD	NO		
http://cas.sdss.org/astro/en/tools/chart/navi.asp?ra=%2036.1204&dec=%2023.92611&opt=glsi	DEAD	NO		
http://cas.sdss.org/astro/en/tools/chart/navi.asp?ra=194.4904&dec=%20%20%2028.061773&opt=glsi	DEAD	NO		
http://adsabs.harvard.edu/cgi-bin/nph-bib_query?bibcode=1997ApJ...484..618B&db_key=AST&high=3d3860d11f19221	DEAD	NO		
http://skyserver.sdss2.org/dr12/en/tools/chart/navi.aspx?ra=233.7379&dec=%2023.50306&opt=glsi&scale=0.39617	DEAD	NO		
http://adsabs.harvard.edu/cgi-bin/nph-bib_query?bibcode=1998A%26AS..128..325T&db_key=AST&high=3e8c5307ff06677	DEAD	NO		
http://adsabs.harvard.edu/cgi-bin/nph-bib_query?bibcode=2004ApJ...601L..39T&amp;db_key=AST&amp;high=3f9d3041c006319	DEAD	NO		
http://casjobs.sdss.org/ImgCutoutDR5/getjpeg.aspx?ra=184.70625				
http://adsabs.harvard.edu/cgi-bin/nph-bib_query?bibcode=2005AJ....130.2613G&amp;db_key=AST&amp;data_type=HTML&amp;format=&amp;high=42a8b3a4c131572	DEAD	NO		
http://adsabs.harvard.edu/cgi-bin/nph-bib_query?bibcode=2007AJ....133.2087S&amp;db_key=AST&amp;data_type=HTML&amp;format=&amp;high=42a8b3a4c131433	DEAD	NO		
http://adsabs.harvard.edu/cgi-bin/nph-bib_query?bibcode=1988A%26AS...72...19W&amp;db_key=AST&amp;data_type=HTML&amp;format=&amp;high=42b1bea00c02054	DEAD	NO		
http://adsabs.harvard.edu/abs/2002ApJS..143..419S	LIVE	N/A		
http://adsabs.harvard.edu/abs/2012ApJ...756..113H	LIVE	N/A		
http://adsabs.harvard.edu/abs/2017AJ....154...58H	LIVE	N/A		
http://adsabs.harvard.edu/abs/2007AJ....133.2569G	LIVE	N/A		
http://adsabs.harvard.edu/abs/2012AJ....144...87H	LIVE	N/A		
http://adsabs.harvard.edu/abs/1988ApJ...333..136M	LIVE	N/A		
http://adsabs.harvard.edu/abs/2013AJ....146...15G	LIVE	N/A		
http://adsabs.harvard.edu/abs/2007ApJ...665L..15K	LIVE	N/A		
http://adsabs.harvard.edu/abs/2018AAS...23135419M	LIVE	N/A		
http://adsabs.harvard.edu/abs/2011MNRAS.416.1739F	LIVE	N/A		
http://adsabs.harvard.edu/abs/1996ApJ...461..609S	LIVE	N/A		
http://adsabs.harvard.edu/abs/2019AAS...23335113H	LIVE	N/A		
http://adsabs.harvard.edu/abs/2019AAS...23335111B	LIVE	N/A		
http://adsabs.harvard.edu/abs/2019AAS...23326001R	LIVE	N/A		
http://adsabs.harvard.edu/abs/2005AAS...20711201S	LIVE	N/A		
http://adsabs.harvard.edu/abs/2018AAS...23125217R	LIVE	N/A		
http://adsabs.harvard.edu/abs/1997AJ....113...22G	LIVE	N/A		
http://adsabs.harvard.edu/abs/2015ApJ...800..121H	LIVE	N/A		
http://adsabs.harvard.edu/abs/2018ApJ...852..142C	LIVE	N/A		
http://adsabs.harvard.edu/abs/2013AJ....145..149R	LIVE	N/A		
http://adsabs.harvard.edu/abs/2001ApJ...548...97S	LIVE	N/A		
http://adsabs.harvard.edu/abs/2015A%26A...580A.134A	LIVE	N/A		
http://adsabs.harvard.edu/abs/2012A%26A...545A..16G	LIVE	N/A		
http://adsabs.harvard.edu/abs/2008A%26A...482...43G	LIVE	N/A		
http://adsabs.harvard.edu/abs/2016A%26ARv..24....1G	LIVE	N/A		
http://adsabs.harvard.edu/abs/2018A%26A...620A.126M	LIVE	N/A		
http://adsabs.harvard.edu/abs/2013A%26A...553A..91F	LIVE	N/A		
http://adsabs.harvard.edu/abs/2015A%26A...573L...3A	LIVE	N/A		
http://adsabs.harvard.edu/abs/2015A%26A...576A..16G	LIVE	N/A		
http://adsabs.harvard.edu/abs/1978A%26A....65..313S	LIVE	N/A		
http://adsabs.harvard.edu/abs/2008A%26A...487..161G	LIVE	N/A		
http://adsabs.harvard.edu/abs/2009A%26A...498..407G	LIVE	N/A		
http://adsabs.harvard.edu/doi/10.1111/j.1365-2966.2009.15601.x	LIVE	N/A		
http://adsabs.harvard.edu/cgi-bin/bib_query?1999AJ....118.2014W	LIVE	N/A		
http://adsabs.harvard.edu/cgi-bin/bib_query?2007ApJS..172..561B	LIVE	N/A		
http://adsabs.harvard.edu/cgi-bin/bib_query?1990AJ....100....1F	LIVE	N/A		
http://adsabs.harvard.edu/cgi-bin/bib_query?1987ApJ...321..280T	LIVE	N/A		
http://adsabs.harvard.edu/cgi-bin/bib_query?2000ApJ...534..114M	LIVE	N/A		
http://adsabs.harvard.edu/cgi-bin/bib_query?2000eaa..bookE2611S	LIVE	N/A		
http://adsabs.harvard.edu/cgi-bin/bib_query?1985ApJ...298....8H	LIVE	N/A		
http://adsabs.harvard.edu/cgi-bin/bib_query?1995AJ....110.1640T	LIVE	N/A		
http://adsabs.harvard.edu/cgi-bin/bib_query?2002AJ....123..100K	LIVE	N/A		
http://adsabs.harvard.edu/cgi-bin/bib_query?1989ApJS...70....1A	LIVE	N/A		
http://adsabs.harvard.edu/cgi-bin/bib_query?1983ApJS...52...61G	LIVE	N/A		
http://adsabs.harvard.edu/cgi-bin/bib_query?2002ApJ...569..720G	LIVE	N/A		
http://adsabs.harvard.edu/cgi-bin/bib_query?1982ApJ...255..382H	LIVE	N/A		
http://adsabs.harvard.edu/cgi-bin/bib_query?2007ApJ...655..790C	LIVE	N/A		
http://adsabs.harvard.edu/cgi-bin/bib_query?1993A%26AS..100...47G	LIVE	N/A		
http://adsabs.harvard.edu/cgi-bin/nph-bib_query?bibcode=2000ApJ...529..745F&db_key=AST&high=3e8c5307ff24948	LIVE	N/A		
http://adsabs.harvard.edu/cgi-bin/nph-bib_query?bibcode=2003AJ....125.2842Z&db_key=AST&high=3ebe60bdbf21265	LIVE	N/A		
http://adsabs.harvard.edu/cgi-bin/nph-bib_query?bibcode=1996AJ....112.2559S&db_key=AST&high=3e8c5307ff16240	LIVE	N/A		
http://adsabs.harvard.edu/cgi-bin/nph-bib_query?bibcode=2001ApJ...546..681T&db_key=AST&high=3e8c5307ff06705	LIVE	N/A		
http://adsabs.harvard.edu/cgi-bin/nph-bib_query?bibcode=2000ApJS..130..177R&db_key=AST&high=3d3860d11f23961	LIVE	N/A		
http://adsabs.harvard.edu/cgi-bin/nph-bib_query?bibcode=1997AstL...23..378M&db_key=AST&high=3e8c5307ff06553	LIVE	N/A		
http://adsabs.harvard.edu/cgi-bin/nph-bib_query?bibcode=1997ApJ...490..173Z&db_key=AST&high=3d3860d11f25797	LIVE	N/A		
http://adsabs.harvard.edu/cgi-bin/nph-bib_query?bibcode=2001MNRAS.327.1249Z&db_key=AST&high=3d3860d11f18356	LIVE	N/A		
http://adsabs.harvard.edu/cgi-bin/nph-bib_query?bibcode=1998ApJ...507L...9S&db_key=AST&high=3d3860d11f19859	LIVE	N/A		
http://adsabs.harvard.edu/cgi-bin/nph-bib_query?bibcode=2000ApJS..128..431F&db_key=AST&high=3e8c5307ff24948	LIVE	N/A		
http://adsabs.harvard.edu/cgi-bin/nph-bib_query?bibcode=2003AJ....125.1261D&db_key=AST&high=3e8c5307ff10156	LIVE	N/A		
http://adsabs.harvard.edu/cgi-bin/nph-bib_query?bibcode=2003ApJ...587..186W&db_key=AST&high=3e8c5307ff06731	LIVE	N/A		
http://adsabs.harvard.edu/cgi-bin/nph-bib_query?bibcode=2001MNRAS.325.1142Z&db_key=AST&high=3d3860d11f19125	LIVE	N/A		
http://adsabs.harvard.edu/cgi-bin/nph-bib_query?bibcode=1999PASA...16....8K&db_key=AST&high=3d3860d11f08396	LIVE	N/A		
http://adsabs.harvard.edu/cgi-bin/nph-bib_query?bibcode=2001ApJ...560L.127B&db_key=AST&high=3d3860d11f07968	LIVE	N/A		
http://adsabs.harvard.edu/cgi-bin/nph-bib_query?bibcode=2002ApJ...567..247R&db_key=AST&high=3d3860d11f23961	LIVE	N/A		
http://adsabs.harvard.edu/cgi-bin/nph-bib_query?bibcode=2002AJ....124.1954R&db_key=AST&high=3d3860d11f05307	LIVE	N/A		
http://adsabs.harvard.edu/cgi-bin/nph-bib_query?bibcode=2001MNRAS.322..486B&db_key=AST&high=3d3860d11f03915	LIVE	N/A		
http://adsabs.harvard.edu/cgi-bin/nph-bib_query?bibcode=1997ApJ...484L..29B&db_key=AST&high=3d3860d11f19221	LIVE	N/A		
http://adsabs.harvard.edu/cgi-bin/nph-bib_query?bibcode=2003ApJ...585..256R&db_key=AST&high=3d3860d11f10252	LIVE	N/A		
http://adsabs.harvard.edu/cgi-bin/nph-bib_query?bibcode=2003A%26A...398..479K&db_key=AST&high=3e8c5307ff06351	LIVE	N/A		
http://adsabs.harvard.edu/cgi-bin/nph-bib_query?bibcode=2003A%26A...406..829B&db_key=AST&high=3ebe60bdbf15755	LIVE	N/A		
http://adsabs.harvard.edu/cgi-bin/nph-bib_query?bibcode=1999A%26AS..135..255K&db_key=AST&high=3d3860d11f19523	LIVE	N/A		
http://adsabs.harvard.edu/cgi-bin/nph-bib_query?bibcode=2002A%26A...382...43D&db_key=AST&high=3d3860d11f19384	LIVE	N/A		
http://adsabs.harvard.edu/cgi-bin/nph-bib_query?bibcode=2003A%26A...404...93K&db_key=AST&high=3ef8b63f7712699	LIVE	N/A		
http://adsabs.harvard.edu/cgi-bin/nph-bib_query?bibcode=2002A%26A...383..125K&db_key=AST&high=3dc7e8d58126457	LIVE	N/A		
http://adsabs.harvard.edu/cgi-bin/nph-bib_query?bibcode=2002A%26A...389..812K&db_key=AST&high=3e8c5307ff06351	LIVE	N/A		
http://adsabs.harvard.edu/cgi-bin/nph-bib_query?bibcode=1998A%26AS..128..459M&db_key=AST&high=3e8c5307ff06592	LIVE	N/A		
http://adsabs.harvard.edu/cgi-bin/nph-bib_query?bibcode=2003A%26A...398..467K&db_key=AST&high=3e8c5307ff06351	LIVE	N/A		
http://adsabs.harvard.edu/cgi-bin/nph-bib_query?bibcode=1996A%26AS..117..393B&db_key=AST&high=3dc84836ae22031	LIVE	N/A		
http://adsabs.harvard.edu/cgi-bin/nph-bib_query?bibcode=2000AJ....119.1627J&amp;db_key=AST&amp;high=3f9d3041c003028	LIVE	N/A		
http://adsabs.harvard.edu/cgi-bin/nph-bib_query?bibcode=2001ApJ...555..232R&amp;db_key=AST&amp;high=42a8aba70102036	LIVE	N/A		
http://adsabs.harvard.edu/cgi-bin/nph-bib_query?bibcode=1993ApJ...419..515R&amp;db_key=AST&amp;high=3f9d3041c010903	LIVE	N/A		
http://adsabs.harvard.edu/cgi-bin/nph-bib_query?bibcode=1993ApJ...411L..17Y&amp;db_key=AST&amp;high=42a8aba70106452	LIVE	N/A		
http://adsabs.harvard.edu/cgi-bin/nph-bib_query?bibcode=1989AJ.....97..666S&amp;db_key=AST&amp;high=42a8b3a4c128372	LIVE	N/A		
http://adsabs.harvard.edu/cgi-bin/nph-bib_query?bibcode=2004ApJ...608...42S&amp;db_key=AST&amp;high=40c4b2f14d22537	LIVE	N/A		
http://adsabs.harvard.edu/cgi-bin/nph-bib_query?bibcode=1990ApJ...358..153S&amp;db_key=AST&amp;high=42a8aba70116810	LIVE	N/A		
http://adsabs.harvard.edu/cgi-bin/nph-bib_query?bibcode=1989ApJ...347..760C&amp;db_key=AST&amp;high=40c4b2f14d09020	LIVE	N/A		
http://adsabs.harvard.edu/cgi-bin/nph-bib_query?bibcode=2003MNRAS.346..787M&amp;db_key=AST&amp;high=3f9d3041c005978	LIVE	N/A		
http://adsabs.harvard.edu/cgi-bin/nph-bib_query?bibcode=1986AJ.....91...13S&amp;db_key=AST&amp;high=42a8b3a4c128372	LIVE	N/A		
http://adsabs.harvard.edu/cgi-bin/nph-bib_query?bibcode=2005astro.ph..3647M&amp;db_key=PRE&amp;high=40c4b2f14d23347	LIVE	N/A		
http://adsabs.harvard.edu/cgi-bin/nph-bib_query?bibcode=1972ApJ...178..623T&amp;db_key=AST&amp;high=42a8b3a4c115088	LIVE	N/A		
http://adsabs.harvard.edu/cgi-bin/nph-bib_query?bibcode=2001MNRAS.328.1151D&amp;db_key=AST&amp;high=3f9d3041c021817	LIVE	N/A		
http://adsabs.harvard.edu/cgi-bin/nph-bib_query?bibcode=1998ApJ...495..139M&amp;db_key=AST&amp;high=42a8b3a4c129095	LIVE	N/A		
http://adsabs.harvard.edu/cgi-bin/nph-bib_query?bibcode=1981ApJ...246L.105H&amp;db_key=AST&amp;high=42a8b3a4c112990	LIVE	N/A		
http://adsabs.harvard.edu/cgi-bin/nph-bib_query?bibcode=2001ApJ...560L.127B&amp;db_key=AST&amp;high=42a8aba70105275	LIVE	N/A		
http://adsabs.harvard.edu/cgi-bin/nph-bib_query?bibcode=2003AJ....125.1134E&amp;db_key=AST&amp;high=42ad8b6f3619848	LIVE	N/A		
http://adsabs.harvard.edu/cgi-bin/nph-bib_query?bibcode=2004MNRAS.349..922D&amp;db_key=AST&amp;high=3f9d3041c021937	LIVE	N/A		
http://adsabs.harvard.edu/cgi-bin/nph-bib_query?bibcode=2004AJ....127.2322T&amp;db_key=AST&amp;high=40c4b2f14d09170	LIVE	N/A		
http://adsabs.harvard.edu/cgi-bin/nph-bib_query?bibcode=1981AJ.....86.1126H&amp;db_key=AST&amp;high=42a8b3a4c112990	LIVE	N/A		
http://adsabs.harvard.edu/cgi-bin/nph-bib_query?bibcode=2002AJ....123.1476W&amp;db_key=AST&amp;high=42a8aba70118382	LIVE	N/A		
http://adsabs.harvard.edu/cgi-bin/nph-bib_query?bibcode=2003MNRAS.342..738L&amp;db_key=AST&amp;high=3f9d3041c005978	LIVE	N/A		
http://adsabs.harvard.edu/cgi-bin/nph-bib_query?bibcode=2003MNRAS.343.1195R&amp;db_key=AST&amp;high=3f9d3041c006066	LIVE	N/A		
http://adsabs.harvard.edu/cgi-bin/nph-bib_query?bibcode=1989ApJ...343...94S&amp;db_key=AST&amp;high=42a8b3a4c128372	LIVE	N/A		
http://adsabs.harvard.edu/cgi-bin/nph-bib_query?bibcode=1985ApJ...288L..33S&amp;db_key=AST&amp;high=42a8b3a4c128372	LIVE	N/A		
http://adsabs.harvard.edu/cgi-bin/nph-bib_query?bibcode=1999ASPC..166..302W&amp;db_key=AST&amp;high=42a8aba70103454	LIVE	N/A		
http://adsabs.harvard.edu/cgi-bin/nph-bib_query?bibcode=1998AJ....115..502H&amp;db_key=AST&amp;high=42a8aba70102376	LIVE	N/A		
http://adsabs.harvard.edu/cgi-bin/nph-bib_query?bibcode=1993ApJ...417..494B&amp;db_key=AST&amp;high=3f9d3041c010208	LIVE	N/A		
http://adsabs.harvard.edu/cgi-bin/nph-bib_query?bibcode=2000AJ....120.1342K&amp;db_key=AST&amp;high=42a8b3118f11367	LIVE	N/A		
http://adsabs.harvard.edu/cgi-bin/nph-bib_query?bibcode=1972ApJ...176....1G&amp;db_key=AST&amp;high=42a8b3a4c115928	LIVE	N/A		
http://adsabs.harvard.edu/cgi-bin/nph-bib_query?bibcode=2000AJ....119.2686H&amp;db_key=AST&amp;high=3f9d3041c003028	LIVE	N/A		
http://adsabs.harvard.edu/cgi-bin/nph-bib_query?bibcode=1997AstL...23..514G&amp;db_key=AST&amp;high=40c4b2f14d27955	LIVE	N/A		
http://adsabs.harvard.edu/cgi-bin/nph-bib_query?bibcode=1998MNRAS.299..611B&amp;db_key=AST&amp;high=42a8b3118f11367	LIVE	N/A		
http://adsabs.harvard.edu/cgi-bin/nph-bib_query?bibcode=1996ApJ...461..609S&amp;db_key=AST&amp;high=3f9d3041c010208	LIVE	N/A		
http://adsabs.harvard.edu/cgi-bin/nph-bib_query?bibcode=2000ApJ...537L..95D&amp;db_key=AST&amp;high=42a8aba70117221	LIVE	N/A		
http://adsabs.harvard.edu/cgi-bin/nph-bib_query?bibcode=1999ASPC..166...84S&amp;db_key=AST&amp;high=42a8aba70105951	LIVE	N/A		
http://adsabs.harvard.edu/cgi-bin/nph-bib_query?bibcode=1999PASA...16...77B&amp;db_key=AST&amp;high=42a8aba70107370	LIVE	N/A		
http://adsabs.harvard.edu/cgi-bin/nph-bib_query?bibcode=1983ApJ...273L...1S&amp;db_key=AST&amp;high=42a8b3a4c128372	LIVE	N/A		
http://adsabs.harvard.edu/cgi-bin/nph-bib_query?bibcode=2004A%26A...417..421B&amp;db_key=AST&amp;high=3f9d3041c006319	LIVE	N/A		
http://adsabs.harvard.edu/cgi-bin/nph-bib_query?bibcode=2002A%26A...391..887K&amp;db_key=AST&amp;high=3f9d3041c003028	LIVE	N/A		
http://adsabs.harvard.edu/cgi-bin/nph-bib_query?bibcode=2005A%26A...433L...1B&amp;db_key=AST&amp;high=42a8aba70116399	LIVE	N/A		
http://adsabs.harvard.edu/cgi-bin/nph-bib_query?bibcode=2003A%26A...410..445M&amp;db_key=AST&amp;high=3dc7e8d58112309	LIVE	N/A		
http://adsabs.harvard.edu/cgi-bin/nph-bib_query?bibcode=2002A%26A...385...21K&amp;db_key=AST&amp;high=3dc7e8d58122194	LIVE	N/A		
http://adsabs.harvard.edu/cgi-bin/nph-bib_query?bibcode=1979A%26A....75...97V&amp;db_key=AST&amp;high=42a8aba70104288	LIVE	N/A		
http://www.vu.union.edu/~koopmanr/ALFALFA.html	DEAD	NO		
http://adsabs.harvard.edu/abs/1996AJ....111.1748	DEAD	NO		
http://www.lafayette.edu/~hoffmang/PMprogress.html	DEAD	NO		
http://minerva.union.edu/chins/mini_conference.html	DEAD	NO		
http://www.astro.cornell.edu/~galaxy/whereintheworldis.htm	DEAD	NO		
http://www.astro.yale.edu/cgi-bin/virgohi/galaxy.cgi?ngc4396	DEAD	NO		
http://www.astro.yale.edu/cgi-bin/virgohi/galaxy.cgi?ngc4651	DEAD	NO		
http://adsabs.harvard.edu/cgi-bin/bib_query?1996A&AS..119..499S	DEAD	NO		
http://adsabs.harvard.edu/cgi-bin/bib_query?2000A&A...362..544K	DEAD	NO		
http://adsabs.harvard.edu/cgi-bin/bib_query=2002A%26A...389...42S	DEAD	NO		
http://egg.astro.cornell.edu/alfalfa/ugradteam/hunt15/huntt_15.htm	DEAD	NO		
http://workbench.lafayette.edu/%7Ehoffmang/UAT/RyanPayneTelecon.pdf	DEAD	NO		
http://egg.astro.cornell.edu/alfalfa/ugradteam/hunt15/huntobs_15.html	DEAD	NO		
http://cas.sdss.org/astro/en/tools/explore/obj.asp?ra=162.5379&dec=%2013.48389	DEAD	NO		
http://cas.sdss.org/astro/en/tools/explore/obj.asp?ra=163.7642&dec=%2014.09472	DEAD	NO		
http://cas.sdss.org/astro/en/tools/explore/obj.asp?ra=165.4808&dec=%2011.84833	DEAD	NO		
http://cas.sdss.org/astro/en/tools/explore/obj.asp?ra=163.2529&dec=%2010.37889	DEAD	NO		
http://cas.sdss.org/astro/en/tools/explore/obj.asp?ra=161.0079&dec=%2015.58944	DEAD	NO		
http://cas.sdss.org/astro/en/tools/explore/obj.asp?ra=161.7275&dec=%2012.78778	DEAD	NO		
http://cas.sdss.org/astro/en/tools/explore/obj.asp?ra=165.2162&dec=%2013.88083	DEAD	NO		
http://cas.sdss.org/astro/en/tools/explore/obj.asp?ra=158.3300&dec=%2010.18944	DEAD	NO		
http://cas.sdss.org/astro/en/tools/explore/obj.asp?ra=178.8696&dec=%2011.96806	DEAD	NO		
http://cas.sdss.org/astro/en/tools/explore/obj.asp?ra=159.9817&dec=%2013.90944	DEAD	NO		
http://cas.sdss.org/astro/en/tools/explore/obj.asp?ra=158.4725&dec=%2011.20639	DEAD	NO		
http://cas.sdss.org/astro/en/tools/explore/obj.asp?ra=210.9108&dec=%2011.38806	DEAD	NO		
http://cas.sdss.org/astro/en/tools/explore/obj.asp?ra=167.4554&dec=%2012.77000	DEAD	NO		
http://cas.sdss.org/astro/en/tools/explore/obj.asp?ra=163.9804&dec=%2012.33944	DEAD	NO		
http://cas.sdss.org/astro/en/tools/explore/obj.asp?ra=161.7217&dec=%2012.74444	DEAD	NO		
http://cas.sdss.org/astro/en/tools/explore/obj.asp?ra=240.8425&dec=%2015.00806	DEAD	NO		
http://cas.sdss.org/astro/en/tools/explore/obj.asp?ra=209.1583&dec=%2012.25861	DEAD	NO		
http://cas.sdss.org/astro/en/tools/explore/obj.asp?ra=162.8379&dec=%2012.84917	DEAD	NO		
http://cas.sdss.org/astro/en/tools/explore/obj.asp?ra=208.9113&dec=%20%204.98472	DEAD	NO		
http://cas.sdss.org/astro/en/tools/explore/obj.asp?ra=135.0992&dec=%20%207.30778	DEAD	NO		
http://cas.sdss.org/astro/en/tools/explore/obj.asp?ra=214.1471&dec=%20%209.98500	DEAD	NO		
http://cas.sdss.org/astro/en/tools/explore/obj.asp?ra=154.0850&dec=%20%204.82167	DEAD	NO		
http://cas.sdss.org/astro/en/tools/explore/obj.asp?ra=187.6083&dec=%20%209.48333	DEAD	NO		
http://cas.sdss.org/astro/en/tools/explore/obj.asp?ra=209.2317&dec=%20%205.15167	DEAD	NO		
http://cas.sdss.org/astro/en/tools/chart/navi.asp?ra=183.657&dec=12.814&opt=glis	DEAD	NO		
http://cas.sdss.org/astro/en/tools/explore/obj.asp?ra=180.1167&dec=%20%209.61528	DEAD	NO		
http://cas.sdss.org/astro/en/tools/explore/obj.asp?ra=180.8675&dec=%20%208.37028	DEAD	NO		
http://cas.sdss.org/astro/en/tools/explore/obj.asp?ra=153.0400&dec=%20%206.07278	DEAD	NO		
http://cas.sdss.org/astro/en/tools/chart/navi.asp?ra=170.0704&dec=%2013.5869&opt=glsi	DEAD	NO		
http://cas.sdss.org/astro/en/tools/chart/navi.asp?ra=176.9658&dec=%2013.27583&opt=glsi	DEAD	NO		
http://cas.sdss.org/astro/en/tools/chart/navi.asp?ra=226.6725&dec=%2012.73695&opt=glsi	DEAD	NO		
http://cas.sdss.org/astro/en/tools/chart/navi.asp?ra=141.2392&dec=%2011.54139&opt=glsi	DEAD	NO		
http://cas.sdss.org/astro/en/tools/chart/navi.asp?ra=165.4808&dec=%2011.84833&opt=glsi	DEAD	NO		
http://cas.sdss.org/astro/en/tools/chart/navi.asp?ra=146.8867&dec=%2010.75250&opt=glsi	DEAD	NO		
http://cas.sdss.org/astro/en/tools/chart/navi.asp?ra=359.9558&dec=%2030.31167&opt=glsi	DEAD	NO		
http://cas.sdss.org/astro/en/tools/chart/navi.asp?ra=145.3196&dec=%2011.55444&opt=glsi	DEAD	NO		
http://cas.sdss.org/astro/en/tools/chart/navi.asp?ra=339.3958&dec=%2029.69278&opt=glsi	DEAD	NO		
http://cas.sdss.org/astro/en/tools/chart/navi.asp?ra=161.7275&dec=%2012.78778&opt=glsi	DEAD	NO		
http://cas.sdss.org/astro/en/tools/chart/navi.asp?ra=160.9808&dec=%2012.13500&opt=glsi	DEAD	NO		
http://cas.sdss.org/astro/en/tools/chart/navi.asp?ra=139.9500&dec=%2033.75889&opt=glsi	DEAD	NO		
http://cas.sdss.org/astro/en/tools/chart/navi.asp?ra=119.2258&dec=%2014.64111&opt=glsi	DEAD	NO		
http://cas.sdss.org/astro/en/tools/chart/navi.asp?ra=238.3467&dec=%2011.95917&opt=glsi	DEAD	NO		
http://cas.sdss.org/astro/en/tools/chart/navi.asp?ra=199.1008&dec=%2016.27861&opt=glsi	DEAD	NO		
http://cas.sdss.org/astro/en/tools/chart/navi.asp?ra=194.7663&dec=%2028.12361&opt=glsi	DEAD	NO		
http://cas.sdss.org/astro/en/tools/chart/navi.asp?ra=175.5392&dec=%2010.27500&opt=glsi	DEAD	NO		
http://cas.sdss.org/astro/en/tools/chart/navi.asp?ra=209.6637&dec=%2011.07639&opt=glsi	DEAD	NO		
http://cas.sdss.org/astro/en/tools/chart/navi.asp?ra=217.2225&dec=%2016.75500&opt=glsi	DEAD	NO		
http://cas.sdss.org/astro/en/tools/chart/navi.asp?ra=326.9062&dec=%2025.88806&opt=glsi	DEAD	NO		
http://cas.sdss.org/astro/en/tools/chart/navi.asp?ra=155.8679&dec=%2019.66055&opt=glsi	DEAD	NO		
http://cas.sdss.org/astro/en/tools/chart/navi.asp?ra=240.8425&dec=%2015.00806&opt=glsi	DEAD	NO		
http://cas.sdss.org/astro/en/tools/chart/navi.asp?ra=195.0256&dec=%2028.25167&opt=glsi	DEAD	NO		
http://cas.sdss.org/astro/en/tools/chart/navi.asp?ra=209.5146&dec=%2012.15083&opt=glsi	DEAD	NO		
http://cas.sdss.org/astro/en/tools/chart/navi.asp?ra=160.6442&dec=%2012.15028&opt=glsi	DEAD	NO		
http://cas.sdss.org/astro/en/tools/chart/navi.asp?ra=155.6092&dec=%2019.38806&opt=glsi	DEAD	NO		
http://cas.sdss.org/astro/en/tools/chart/navi.asp?ra=137.2237&dec=%2014.58361&opt=glsi	DEAD	NO		
http://cas.sdss.org/astro/en/tools/chart/navi.asp?ra=161.7217&dec=%2012.74444&opt=glsi	DEAD	NO		
http://cas.sdss.org/astro/en/tools/chart/navi.asp?ra=155.8775&dec=%2019.86500&opt=glsi	DEAD	NO		
http://cas.sdss.org/astro/en/tools/chart/navi.asp?ra=162.8379&dec=%2012.84917&opt=glsi	DEAD	NO		
http://cas.sdss.org/astro/en/tools/chart/navi.asp?ra=225.5992&dec=%2011.20639&opt=glsi	DEAD	NO		
http://cas.sdss.org/astro/en/tools/chart/navi.asp?ra=%2025.2767&dec=%2027.3175&opt=glsi	DEAD	NO		
http://cas.sdss.org/astro/en/tools/chart/navi.asp?ra=210.7408&dec=%2010.62028&opt=glpsi	DEAD	NO		
http://cas.sdss.org/astro/en/tools/chart/navi.asp?ra=%2012.2654&dec=%2015.4856&opt=glsi	DEAD	NO		
http://cas.sdss.org/astro/en/tools/chart/navi.asp?ra=208.9113&dec=%20%204.98472&opt=gli	DEAD	NO		
http://cas.sdss.org/astro/en/tools/chart/navi.asp?ra=211.7688&dec=%2010.71250&opt=glpsi	DEAD	NO		
http://cas.sdss.org/astro/en/tools/chart/navi.asp?ra=208.7687&dec=%20%205.18944&opt=gli	DEAD	NO		
http://cas.sdss.org/astro/en/tools/chart/navi.asp?ra=208.5467&dec=%20%205.22667&opt=gli	DEAD	NO		
http://cas.sdss.org/astro/en/tools/chart/navi.asp?ra=187.8371&dec=%20%205.0672&opt=glsi	DEAD	NO		
http://cas.sdss.org/astro/en/tools/chart/navi.asp?ra=213.6812&dec=%2010.07472&opt=glpsi	DEAD	NO		
http://cas.sdss.org/astro/en/tools/chart/navi.asp?ra=149.282&dec=%20%206.183222&opt=gli	DEAD	NO		
http://cas.sdss.org/astro/en/tools/chart/navi.asp?ra=135.0992&dec=%20%207.30778&opt=glsi	DEAD	NO		
http://cas.sdss.org/astro/en/tools/chart/navi.asp?ra=212.9183&dec=%20%207.80222&opt=glsi	DEAD	NO		
http://cas.sdss.org/astro/en/tools/chart/navi.asp?ra=240.6933&dec=%20%208.87611&opt=glsi	DEAD	NO		
http://cas.sdss.org/astro/en/tools/chart/navi.asp?ra=211.4875&dec=%20%209.13278&opt=glsi	DEAD	NO		
http://cas.sdss.org/astro/en/tools/chart/navi.asp?ra=194.3438&dec=%20%202.99472&opt=glsi	DEAD	NO		
http://cas.sdss.org/astro/en/tools/chart/navi.asp?ra=124.5071&dec=%20%200.68583&opt=glsi	DEAD	NO		
http://cas.sdss.org/astro/en/tools/chart/navi.asp?ra=150.0429&dec=%20%202.15583&opt=glsi	DEAD	NO		
http://cas.sdss.org/astro/en/tools/chart/navi.asp?ra=180.1167&dec=%20%209.61528&opt=glsi	DEAD	NO		
http://cas.sdss.org/astro/en/tools/chart/navi.asp?ra=210.5542&dec=%20%208.08694&opt=glsi	DEAD	NO		
http://cas.sdss.org/astro/en/tools/chart/navi.asp?ra=211.4288&dec=%20%209.51222&opt=glsi	DEAD	NO		
http://cas.sdss.org/astro/en/tools/chart/navi.asp?ra=210.2846&dec=%20%206.55611&opt=glsi	DEAD	NO		
http://www.stmarys-ca.edu/academics/schools/school-of-science/faculty.html?fac=266&amp;pg=home	DEAD	NO		
http://www.cospar-assembly.org/abstractcd/COSPAR-08/abstracts/data/pdf/abstracts/E14-0011-08.pdf	DEAD	NO		
http://adsabs.harvard.edu/cgi-bin/nph-bib_query?bibcode=1958ApJS....3..211A&amp;db_key=AST&amp;data_type=HTML&amp;format=&amp;high=42a8b3a4c114135	DEAD	NO		
http://adsabs.harvard.edu/cgi-bin/nph-bib_query?bibcode=1989ApJS...69...65H&amp;db_key=AST&amp;data_type=HTML&amp;format=&amp;high=42b1bea00c04346	DEAD	NO		
http://adsabs.harvard.edu/cgi-bin/nph-bib_query?bibcode=1990AJ....100..604C&amp;db_key=AST&amp;data_type=HTML&amp;format=&amp;high=42b1bea00c12716	DEAD	NO		
http://adsabs.harvard.edu/cgi-bin/nph-bib_query?bibcode=1983AJ.....88..881G&amp;db_key=AST&amp;data_type=HTML&amp;format=&amp;high=42b1bea00c03389	DEAD	NO		
http://www.naic.edu	DEAD	YES	https://web.archive.org/web/20260422212327/https://www.naic.edu/	20260422212327
http://alfa.naic.edu	DEAD	YES	https://web.archive.org/web/20230603085407/http://alfa.naic.edu/	20230603085407
http://www.naic.edu/alfa	DEAD	YES	https://web.archive.org/web/20221101133314/http://www.naic.edu/alfa/	20221101133314
http://alfa.naic.edu/data	DEAD	YES	https://web.archive.org/web/20060505132945/http://alfa.naic.edu/data/	20060505132945
http://www.naic.edu/~cima	DEAD	YES	https://web.archive.org/web/20230421001019/http://www2.naic.edu/~cima/	20230421001019
http://www.naic.edu/~auds	DEAD	YES	https://web.archive.org/web/20080820052057/http://www.naic.edu/~auds/	20080820052057
http://www.naic.edu/~ages	DEAD	YES	https://web.archive.org/web/20220629111347/http://www.naic.edu/~ages/	20220629111347
http://www.naic.edu/~astro	DEAD	YES	http://web.archive.org/web/20230429044651/http://www.naic.edu/~astro/	20230429044651
http://www2.naic.edu/~cima	DEAD	YES	https://web.archive.org/web/20230421001019/http://www2.naic.edu/~cima/	20230421001019
http://alfa.naic.edu/memos	DEAD	YES	https://web.archive.org/web/20060207204205/http://alfa.naic.edu/memos/	20060207204205
http://www.naic.edu/%7Ecima	DEAD	YES	http://web.archive.org/web/20230421001019/http://www2.naic.edu/~cima/	20230421001019
http://www.naic.edu/~alfalfa	DEAD	YES	http://web.archive.org/web/20220524211353/http://www.naic.edu/~alfalfa/	20220524211353
http://www.naic.edu/ao/landing	DEAD	YES	http://web.archive.org/web/20230807151456/https://www.naic.edu/ao/landing	20230807151456
http://www.naic.edu/alfa/ealfa	DEAD	YES	http://web.archive.org/web/20220128192823/http://www.naic.edu/alfa/ealfa/	20220128192823
http://www.naic.edu/aomenu.htm	DEAD	YES	http://web.archive.org/web/20041208224116/http://www.naic.edu:80/aomenu.htm	20041208224116
http://alfa.naic.edu/memos/02-07.pdf	DEAD	YES	https://web.archive.org/web/20060214081627/http://alfa.naic.edu/memos/02-07.pdf	20060214081627
http://www.naic.edu/~phil/pntdoc.html	DEAD	YES	http://web.archive.org/web/20211019064156/http://www.naic.edu/~phil/pntdoc.html	20211019064156
http://www.naic.edu/~phil/wasdoc.html	DEAD	YES	https://web.archive.org/web/20211019045704/http://www.naic.edu/~phil/wasdoc.html	20211019045704
http://www.naic.edu/~phil/gendoc.html	DEAD	YES	https://web.archive.org/web/20211019055407/http://www.naic.edu/~phil/gendoc.html	20211019055407
http://www.naic.edu/~phil/satdoc.html	DEAD	YES	https://web.archive.org/web/20220519015856/http://www.naic.edu/~phil/satdoc.html	20220519015856
http://www.naic.edu/~phil/cordoc.html	DEAD	YES	https://web.archive.org/web/20211019061228/http://www.naic.edu/~phil/cordoc.html	20211019061228
http://alfa.naic.edu/data/fits_header.h	DEAD	YES	http://web.archive.org/web/20060517064302/http://alfa.naic.edu:80/data/fits_header.h	20060517064302
http://www.naic.edu/~astro/remote.shtml	DEAD	YES	https://web.archive.org/web/20210516033003/http://www.naic.edu/~astro/remote.shtml	20210516033003
http://www.naic.edu/~astro/hiconference	DEAD	YES	https://web.archive.org/web/20210916114624/http://www.naic.edu/~astro/hiconference/	20210916114624
http://www.naic.edu/~nolan/wappfits.html	DEAD	YES	https://web.archive.org/web/20080724223510/http://www.naic.edu/~nolan/wappfits.html	20080724223510
http://www.naic.edu/~phil/mbeam/mbeam.html	DEAD	YES	https://web.archive.org/web/20220707214626/http://www.naic.edu/~phil/mbeam/mbeam.html	20220707214626
http://www.naic.edu/~phil/rfi/rfilist.html	DEAD	YES	https://web.archive.org/web/20230622121028/http://www.naic.edu/%7Ephil/rfi/rfilist.html	20230622121028
http://www.naic.edu/~alfalfa/ualfalfa.html	DEAD	YES	https://web.archive.org/web/20110805172014/http://www.naic.edu/~alfalfa/ualfalfa.html	20110805172014
http://www.naic.edu/%7Ephil/cormapdoc.html	DEAD	YES	https://web.archive.org/web/20211019055756/http://www.naic.edu/~phil/cormapdoc.html	20211019055756
http://alfa.naic.edu/data/wappfits_doc.html	DEAD	YES	https://web.archive.org/web/20060214081724/http://alfa.naic.edu/data/wappfits_doc.html	20060214081724
http://www.naic.edu/~cima/cimafits_log.html	DEAD	YES	https://web.archive.org/web/20211204042826/http://www.naic.edu/~cima/cimafits_log.html	20211204042826
http://www.naic.edu/%7Ephil/mbeam/mbeam.html	DEAD	YES	https://web.archive.org/web/20220707214626/http://www.naic.edu/~phil/mbeam/mbeam.html	20220707214626
http://www.naic.edu/~alfalfa/ualfalfa10.html	DEAD	YES	https://web.archive.org/web/20220629184236/http://www.naic.edu/~alfalfa/ualfalfa10.html	20220629184236
http://www.naic.edu/~astro/guide/node14.html	DEAD	YES	https://web.archive.org/web/20220128190643/http://www2.naic.edu/~astro/guide/node14.html	20220128190643
http://www.naic.edu/~alfalfa/ualfalfa11.html	DEAD	YES	https://web.archive.org/web/20220629181813/http://www.naic.edu/~alfalfa/ualfalfa11.html	20220629181813
http://www.naic.edu/~cima/cima_users_log.html	DEAD	YES	http://web.archive.org/web/20211204041408/http://www.naic.edu/~cima/cima_users_log.html	20211204041408
http://www.naic.edu/science/proposals_set.htm	DEAD	YES	http://web.archive.org/web/20230626064647/http://www.naic.edu/science/proposals_set.htm	20230626064647
http://www.naic.edu/~phil/stokes/stokescal.html	DEAD	YES	https://web.archive.org/web/20200223081242/http://www.naic.edu/~phil/stokes/stokescal.html	20200223081242
http://www.naic.edu/~rfiuser/smarg-coordPS.html	DEAD	YES	https://web.archive.org/web/20201201220233/http://www.naic.edu/~rfiuser/smarg-coordPS.html	20201201220233
http://www.naic.edu/~phil/notes/idlspcproc.html	DEAD	YES	http://web.archive.org/web/20220629200030/http://www.naic.edu/~phil/notes/idlspcproc.html	20220629200030
http://alfa.naic.edu/extragal/alfa_extragal.html	DEAD	YES	http://web.archive.org/web/20060503031106/http://alfa.naic.edu:80/extragal/alfa_extragal.html	20060503031106
http://www.naic.edu/~auds/doc/driftchasemap.html	DEAD	YES	http://web.archive.org/web/20080718195702/http://www.naic.edu/~auds/doc/driftchasemap.html	20080718195702
http://www.naic.edu/%7Erfiuser/smarg-coordPS.html	DEAD	YES	http://web.archive.org/web/20201201220233/http://www.naic.edu/~rfiuser/smarg-coordPS.html	20201201220233
http://www.naic.edu/vscience/schedule/scedfra2.htm	DEAD	YES	https://web.archive.org/web/20230407032037/http://www.naic.edu/vscience/schedule/scedfra2.htm	20230407032037
http://www.naic.edu/~phil/mbeam/mbeamrotation.html	DEAD	YES	https://web.archive.org/web/20211016045548/http://www2.naic.edu/~phil/mbeam/mbeamrotation.html	20211016045548
http://www.naic.edu/vscience/schedule/Mar_26_05.gif	DEAD	YES	https://web.archive.org/web/20110107124730/http://www.naic.edu/vscience/schedule/.old/Mar_26_05.gif	20110107124730
http://www.naic.edu/vscience/schedule/Jan_29_05.gif	DEAD	YES	https://web.archive.org/web/20100527182233/http://www.naic.edu/vscience/schedule/.old/Jan_29_05.gif	20100527182233
http://www.naic.edu/~phil/mbeam/refrigfail_apr06.html	DEAD	YES	https://web.archive.org/web/20100528073759/http://www.naic.edu/%7Ephil/mbeam/refrigfail_apr06.html	20100528073759
http://www.naic.edu/~astro/RXstatus/Lwide/Lwide.shtml	DEAD	YES	https://web.archive.org/web/20220728011210/https://www.naic.edu/~astro/RXstatus/Lwide/Lwide.shtml	20220728011210
http://www.naic.edu/public/about/photos/hires/ao002.jpg	DEAD	YES	https://web.archive.org/web/20221017115815/http://www.naic.edu/public/about/photos/hires/ao002.jpg	20221017115815
http://www.naic.edu/public/about/photos/hires/ao016.jpg	DEAD	YES	https://web.archive.org/web/20230605214655/https://www.naic.edu/public/about/photos/hires/ao016.jpg	20230605214655
http://www.naic.edu/public/about/photos/hires/ao014.jpg	DEAD	YES	https://web.archive.org/web/20220611014633/http://www.naic.edu/public/about/photos/hires/ao014.jpg	20220611014633
http://www.naic.edu/alfa/gen_info/alfa_pics/p4214447.jpg	DEAD	YES	https://web.archive.org/web/20220618115608/http://www.naic.edu/alfa/gen_info/alfa_pics/p4214447.jpg	20220618115608
http://alfa.naic.edu/hardware/backend/wapp_fact_sheet.html	DEAD	YES	https://web.archive.org/web/20060207204242/http://alfa.naic.edu/hardware/backend/wapp_fact_sheet.html	20060207204242
http://www.naic.edu/~astro/general_info/correlator/correlat.htm	DEAD	YES	https://web.archive.org/web/20220308162055/http://www.naic.edu/~astro/general_info/correlator/correlat.htm	20220308162055
http://www.naic.edu/~phil/mbeam/problems/bm1a_noisy_01nov06.html	DEAD	YES	https://web.archive.org/web/20100528073201/http://www.naic.edu/%7Ephil/mbeam/problems/bm1a_noisy_01nov06.html	20100528073201
http://alfa.naic.edu/hardware/backend/backend-requirements-matrix.html	DEAD	YES	https://web.archive.org/web/20060207204150/http://alfa.naic.edu/hardware/backend/backend-requirements-matrix.html	20060207204150
http://www.naic.edu/~phil/hardware/vertex/encfailoct06/az1encfail_oct06.html	DEAD	YES	https://web.archive.org/web/20211019054927/http://www.naic.edu/~phil/hardware/vertex/encfailoct06/az1encfail_oct06.html	20211019054927
http://www.hartwick.edu/academics/majors-and-minors/physical-and-life-sciences/physics/faculty-and-staff-physics/naic2012	DEAD	YES	https://web.archive.org/web/20130904033247/http://www.hartwick.edu/academics/majors-and-minors/physical-and-life-sciences/physics/faculty-and-staff-physics/naic2012	20130904033247
http://www.naic.edu/~phil/sysperf/sysperf.html	DEAD	YES	http://web.archive.org/web/20220623092921/http://www.naic.edu/~phil/sysperf/sysperf.html	20220623092921
http://www.naic.edu/vscience/schedule/Mar_12_05.gif	DEAD	YES	https://web.archive.org/web/20100527163107/http://www.naic.edu/vscience/schedule/.old/Mar_12_05.gif	20100527163107
http://www.naic.edu/vscience/schedule/Feb_26_05.gif	DEAD	YES	https://web.archive.org/web/20110107104556/http://www.naic.edu/vscience/schedule/.old/Feb_26_05.gif	20110107104556
http://www.naic.edu/vscience/schedule/Apr_09_05.gif	DEAD	YES	https://web.archive.org/web/20100527175232/http://www.naic.edu/vscience/schedule/.old/Apr_09_05.gif	20100527175232
http://www.naic.edu/~phil/software/hdrs/fitspos.html	DEAD	YES	https://web.archive.org/web/20200219020536/http://www.naic.edu/~phil/software/hdrs/fitspos.html	20200219020536
http://www.naic.edu/%7Ephil/hardware/monitordoc.html	DEAD	YES	https://web.archive.org/web/20220521131201/https://naic.edu/~phil/hardware/monitordoc.html	20220521131201
http://www.naic.edu/public/about/photos/hires/ao021.jpg	DEAD	YES	https://web.archive.org/web/20220611014844/http://www.naic.edu/public/about/photos/hires/ao021.jpg	20220611014844
http://www.naic.edu/public/about/photos/hires/ao005.jpg	DEAD	YES	https://web.archive.org/web/20220611014729/http://www.naic.edu/public/about/photos/hires/ao005.jpg	20220611014729
http://www.naic.edu/public/about/photos/hires/ao024.jpg	DEAD	YES	https://web.archive.org/web/20220611014703/http://www.naic.edu/public/about/photos/hires/ao024.jpg	20220611014703
http://www.naic.edu/~phil/mbeam/calibration/29nov04calib.html	DEAD	YES	https://web.archive.org/web/20110805173205/http://www.naic.edu/~phil/mbeam/calibration/29nov04calib.html	20110805173205
http://www.naic.edu/~phil/software/datataking/cima/fixedazdrift_attransit.html	DEAD	YES	https://web.archive.org/web/20100528123418/http://www.naic.edu/%7Ephil/software/datataking/cima/fixedazdrift_attransit.html	20100528123418
http://www.naic.edu/~phil	DEAD	YES	https://web.archive.org/web/20220703120107/http://www.naic.edu/~phil/	20220703120107
http://www.naic.edu/alfa/gen_info/alfa_pics/p3162940.jpg	DEAD	YES	https://web.archive.org/web/20220618115602/http://www.naic.edu/alfa/gen_info/alfa_pics/p3162940.jpg	20220618115602
http://www.nrao.edu/50	DEAD	YES	https://web.archive.org/web/20130726014012/http://www.nrao.edu/50/	20130726014012
http://hipass.aus-vo.org	DEAD	YES	http://web.archive.org/web/20250810003643/http://hipass.aus-vo.org/	20250810003643
http://images.nrao.edu/528	DEAD	YES	https://web.archive.org/web/20161016041801/http://images.nrao.edu/528	20161016041801
http://adsabs.harvard.edu/abs	DEAD	YES	https://web.archive.org/web/20070509085510/http://adsabs.harvard.edu/abs	20070509085510
http://www.ciw.edu/flint/LeoI	DEAD	YES	https://web.archive.org/web/20040917074725/http://www.ciw.edu/flint/LeoI/	20040917074725
http://cas.sdss.org/astrodr7/en	DEAD	YES	https://web.archive.org/web/20140627181416/http://cas.sdss.org/astrodr7/en/	20140627181416
http://www.skidmore.edu/~jturner	DEAD	YES	https://web.archive.org/web/20120229001141/http://www.skidmore.edu/~jturner/	20120229001141
http://www.astro.livjm.ac.uk/HaGS	DEAD	YES	http://web.archive.org/web/20110915140941/http://www.astro.livjm.ac.uk:80/HaGS/	20110915140941
http://astronomy.swin.edu.au/gems	DEAD	YES	https://web.archive.org/web/20200223173534/http://astronomy.swin.edu.au/gems/	20200223173534
http://www.csu.edu/faculty/kcoble	DEAD	YES	https://web.archive.org/web/20131007111358/http://www.csu.edu/faculty/kcoble/	20131007111358
http://cosmology2007.brera.inaf.it	DEAD	YES	https://web.archive.org/web/20230602173006/http://cosmology2007.brera.inaf.it/	20230602173006
http://www.atnf.csiro.au/pasa/14_1	DEAD	YES	https://web.archive.org/web/20110315080003/http://www.atnf.csiro.au/pasa/14_1/	20110315080003
http://www.hartwick.edu/x29426.xml	DEAD	YES	https://web.archive.org/web/20100527194002/http://www.hartwick.edu/x29426.xml	20100527194002
http://skyserver.sdss.org/public/en	DEAD	YES	https://web.archive.org/web/20141006214450/http://skyserver.sdss.org/public/en/	20141006214450
http://www.astro.cornell.edu/~bkent	DEAD	YES	https://web.archive.org/web/20120710181959/http://www.astro.cornell.edu/~bkent/	20120710181959
http://www.astro.wisc.edu/~ewilcots	DEAD	YES	https://web.archive.org/web/20220120102706/http://www.astro.wisc.edu/~ewilcots/	20220120102706
http://ww2.lafayette.edu/%7Ehoffmang	DEAD	YES	https://web.archive.org/web/20090830041533/http://ww2.lafayette.edu/%7Ehoffmang/	20090830041533
http://www.union.edu/N/DS/s.php?s=7687	DEAD	YES	http://web.archive.org/web/20100527215507/http://www.union.edu/N/DS/s.php?s=7687	20100527215507
http://www.ciw.edu/flint/Research.html	DEAD	YES	https://web.archive.org/web/20050215175807/http://www.ciw.edu/flint/Research.html	20050215175807
http://www.phy.ornl.gov/csep/mc/mc.html	DEAD	YES	https://web.archive.org/web/20151230220122/http://www.phy.ornl.gov/csep/mc/mc.html	20151230220122
https://www.cur.org/download.aspx?id=3251	DEAD	YES	http://web.archive.org/web/20201203232431/https://www.cur.org/download.aspx?id=3251	20201203232431
http://www.nrao.edu/policy/usepolicy.shtml	DEAD	YES	http://web.archive.org/web/20231001044254/https://www.nrao.edu/policy/usepolicy.shtml	20231001044254
http://images.nrao.edu/Galaxy/Peculiar/116	DEAD	YES	http://web.archive.org/web/20161016041806/http://images.nrao.edu:80/Galaxy/Peculiar/116	20161016041806
http://images.nrao.edu/images/virgo_lo.jpg	DEAD	YES	https://web.archive.org/web/20140616015623/http://images.nrao.edu/images/virgo_lo.jpg	20140616015623
http://idlastro.gsfc.nasa.gov/contents.html	DEAD	YES	http://web.archive.org/web/20231211165036/https://idlastro.gsfc.nasa.gov/contents.html	20231211165036
http://idlastro.gsfc.nasa.gov/other_url.html	DEAD	YES	https://web.archive.org/web/20230327143530/https://idlastro.gsfc.nasa.gov/other_url.html	20230327143530
http://www.astro.caltech.edu/~wws/poss2.html	DEAD	YES	http://web.archive.org/web/20190503000859/http://www.astro.caltech.edu:80/~wws/poss2.html	20190503000859
http://www.bestwesternuniversityinnithaca.com	DEAD	YES	https://web.archive.org/web/20260119145424/https://bestwesternuniversityinnithaca.com/	20260119145424
http://www.astro.cornell.edu/~haynes/wgs.html	DEAD	YES	https://web.archive.org/web/20130607024641/http://www.astro.cornell.edu/~haynes/wgs.html	20130607024641
http://physics.gmu.edu/~lhorne/research1.html	DEAD	YES	https://web.archive.org/web/20120501043714/http://physics.gmu.edu/~lhorne/research1.html	20120501043714
http://cheller.phy.georgiasouthern.edu/~jhigdon	DEAD	YES	http://web.archive.org/web/20150905203636/http://cheller.phy.georgiasouthern.edu/~jhigdon/	20150905203636
http://www.aip.de/People/MSteinmetz/Movies.html	DEAD	YES	https://web.archive.org/web/20110825185102/http://www.aip.de/People/MSteinmetz/Movies.html	20110825185102
http://scv.bu.edu/Tutorials/IDL/idl_webtut.html	DEAD	YES	http://web.archive.org/web/20070915203509/http://scv.bu.edu:80/Tutorials/IDL/idl_webtut.html	20070915203509
http://www.astron.nl/~oosterlo/beards/n5055.gif	DEAD	YES	https://web.archive.org/web/20041220161731/http://www.astron.nl/~oosterlo/beards/n5055.gif	20041220161731
http://cheller.phy.georgiasouthern.edu/~shigdon	DEAD	YES	http://web.archive.org/web/20100620043938/http://cheller.phy.georgiasouthern.edu/~shigdon/	20100620043938
http://www.ifa.hawaii.edu/~barnes/transform.html	DEAD	YES	https://web.archive.org/web/20210916190952/http://www.ifa.hawaii.edu/~barnes/transform.html	20210916190952
http://andromeda.star.bris.ac.uk/topcat/tutorial	DEAD	YES	http://web.archive.org/web/20220330020215/http://andromeda.star.bris.ac.uk/topcat/tutorial/	20220330020215
http://astronomy.swin.edu.au/gems/catalogue.html	DEAD	YES	https://web.archive.org/web/20070120193912/http://astronomy.swin.edu.au/gems/catalogue.html	20070120193912
http://www.arcetri.astro.it/hisur/programme.html	DEAD	YES	https://web.archive.org/web/20070825035340/http://www.arcetri.astro.it/hisur/programme.html	20070825035340
http://www.atnf.csiro.au/pasa/14_1/briggs1/paper	DEAD	YES	https://web.archive.org/web/20110113090649/http://www.atnf.csiro.au/pasa/14_1/briggs1/paper/	20110113090649
http://aips2.nrao.edu/docs/notes/236/node14.html	DEAD	YES	https://web.archive.org/web/20080905231754/http://aips2.nrao.edu/docs/notes/236/node14.html	20080905231754
http://www.astro.indiana.edu/faculty/salzer.shtml	DEAD	YES	https://web.archive.org/web/20220525124203/https://astro.indiana.edu/faculty/salzer.shtml	20220525124203
http://hea-www.harvard.edu/RD/ds9/user/index.html	DEAD	YES	https://web.archive.org/web/20121122105623/http://hea-www.harvard.edu/RD/ds9/user/index.html	20121122105623
http://www.astro.cornell.edu/~galaxy/alfafits.htm	DEAD	YES	https://web.archive.org/web/20041010011200/http://www.astro.cornell.edu/~galaxy/alfafits.htm	20041010011200
http://adsabs.harvard.edu/abs/2011ApJS..197...28P	DEAD	YES	http://web.archive.org/web/20190810075802/http://adsabs.harvard.edu/abs/2011ApJS..197...28P	20190810075802
http://adsabs.harvard.edu/abs/2001ApJ...557..495P	DEAD	YES	https://web.archive.org/web/20190509172908/http://adsabs.harvard.edu/abs/2001ApJ...557..495P	20190509172908
http://adsabs.harvard.edu/abs/2008MNRAS.384..535R	DEAD	YES	https://web.archive.org/web/20181005110308/http://adsabs.harvard.edu/abs/2008MNRAS.384..535R	20181005110308
http://adsabs.harvard.edu/abs/2003ApJS..149..289B	DEAD	YES	https://web.archive.org/web/20190703142520/http://adsabs.harvard.edu/abs/2003ApJS..149..289B	20190703142520
http://adsabs.harvard.edu/abs/1962AJ.....67..437R	DEAD	YES	https://web.archive.org/web/20181023090125/http://adsabs.harvard.edu/abs/1962AJ.....67..437R	20181023090125
http://adsabs.harvard.edu/abs/2005AJ....130.2598G	DEAD	YES	https://web.archive.org/web/20191017174441/http://adsabs.harvard.edu/abs/2005AJ....130.2598G	20191017174441
http://adsabs.harvard.edu/abs/2000AJ....120.1579Y	DEAD	YES	https://web.archive.org/web/20190329090532/http://adsabs.harvard.edu/abs/2000AJ....120.1579Y	20190329090532
http://adsabs.harvard.edu/abs/2010A%26A...517A..73G	DEAD	YES	https://web.archive.org/web/20171226210928/http://adsabs.harvard.edu/abs/2010A%26A...517A..73G	20171226210928
http://adsabs.harvard.edu/abs/1998ARA%26A..36..435M	DEAD	YES	http://web.archive.org/web/20190323073457/http://adsabs.harvard.edu/abs/1998ARA%26A..36..435M	20190323073457
http://adsabs.harvard.edu/abs/2015A%26A...574A.113P	DEAD	YES	https://web.archive.org/web/20170710000408/http://adsabs.harvard.edu/abs/2015A%26A...574A.113P	20170710000408
http://adsabs.harvard.edu/abs/2015A%26A...580A.116G	DEAD	YES	https://web.archive.org/web/20170518201105/http://adsabs.harvard.edu/abs/2015A%26A...580A.116G	20170518201105
http://adsabs.harvard.edu/abs/2013A%26A...553A..89G	DEAD	YES	http://web.archive.org/web/20170518200227/http://adsabs.harvard.edu/abs/2013A%26A...553A..89G	20170518200227
https://www.skidmore.edu/physics/faculty/odekon.php	DEAD	YES	https://web.archive.org/web/20250910203051/https://www.skidmore.edu/physics/faculty/odekon.php	20250910203051
http://adsabs.harvard.edu/abs/2011A%26A...528A.107B	DEAD	YES	https://web.archive.org/web/20190410053653/http://adsabs.harvard.edu/abs/2011A%26A...528A.107B	20190410053653
http://adsabs.harvard.edu/abs/1993A%26AS..100...47G	DEAD	YES	http://web.archive.org/web/20190824105522/http://adsabs.harvard.edu/abs/1993A%26AS..100...47G	20190824105522
http://image.gsfc.nasa.gov/poetry/movies/movies.html	DEAD	YES	https://web.archive.org/web/20060613191550/http://image.gsfc.nasa.gov/poetry/movies/movies.html	20060613191550
http://www.astro.cornell.edu/research/projects/Galaxy	DEAD	YES	https://web.archive.org/web/20120616191943/http://www.astro.cornell.edu/research/projects/Galaxy/	20120616191943
http://www.nrao.edu/imagegallery/php/level3.php?id=31	DEAD	YES	https://web.archive.org/web/20070806112730/http://www.nrao.edu/imagegallery/php/level3.php?id=31	20070806112730
http://www.cv.nrao.edu/~bkent/computing/gridview.html	DEAD	YES	https://web.archive.org/web/20221206164930/https://www.cv.nrao.edu/~bkent/computing/gridview.html	20221206164930
http://www.star.bris.ac.uk/~mbt/topcat/topcat-full.dmg	DEAD	YES	https://web.archive.org/web/20220926150041/http://www.star.bris.ac.uk/~mbt/topcat/topcat-full.dmg	20220926150041
http://www.sos.siena.edu/~rfinn/RoseFinn/Homepage.html	DEAD	YES	https://web.archive.org/web/20210415112451/http://www.sos.siena.edu/~rfinn/RoseFinn/Homepage.html	20210415112451
http://www.usfca.edu/facultydetails.aspx?id=4294970285	DEAD	YES	http://web.archive.org/web/20150513235253/http://www.usfca.edu/facultydetails.aspx?id=4294970285	20150513235253
http://www.journals.uchicago.edu/AAS/AASTeX/sample.tex	DEAD	YES	http://web.archive.org/web/20061224194504/http://www.journals.uchicago.edu:80/AAS/AASTeX/sample.tex	20061224194504
http://www.cv.nrao.edu/course/astr534/Radiometers.html	DEAD	YES	https://web.archive.org/web/20201129112752/https://www.cv.nrao.edu/course/astr534/Radiometers.html	20201129112752
http://www.astro.cornell.edu/~galaxy/alfacima_instr.htm	DEAD	YES	http://web.archive.org/web/20120616190517/http://www.astro.cornell.edu/~galaxy/alfacima_instr.htm	20120616190517
http://www.astro.cornell.edu/academics/courses/astro233	DEAD	YES	https://web.archive.org/web/20140616062614/http://www.astro.cornell.edu/academics/courses/astro233/	20140616062614
http://www.astro.yale.edu/cgi-bin/viva/observations.cgi	DEAD	YES	http://web.archive.org/web/20250212224546/http://www.astro.yale.edu/cgi-bin/viva/observations.cgi	20250212224546
http://www.union.edu/PUBLIC/PHYDEPT/koopmanr/ualfa06.php	DEAD	YES	https://web.archive.org/web/20080829233754/http://www.union.edu/PUBLIC/PHYDEPT/koopmanr/ualfa06.php	20080829233754
http://www.aas.org/publications/baas/v37n4/aas207/99.htm	DEAD	YES	https://web.archive.org/web/20070401062548/http://www.aas.org/publications/baas/v37n4/aas207/99.htm	20070401062548
http://setiathome.berkeley.edu/forum_thread.php?id=38178	DEAD	YES	https://web.archive.org/web/20151017033518/http://setiathome.berkeley.edu/forum_thread.php?id=38178	20151017033518
http://www.astro.yale.edu/cgi-bin/viva/galaxy.cgi?ngc4383	DEAD	YES	http://web.archive.org/web/20240811060214/http://www.astro.yale.edu/cgi-bin/viva/galaxy.cgi?ngc4383	20240811060214
http://www.astro.yale.edu/cgi-bin/viva/galaxy.cgi?ngc4569	DEAD	YES	https://web.archive.org/web/20250112235332/http://www.astro.yale.edu/cgi-bin/viva/galaxy.cgi?ngc4569	20250112235332
http://www.aas.org/publications/baas/v37n4/aas207/846.htm	DEAD	YES	https://web.archive.org/web/20060518230758/http://www.aas.org/publications/baas/v37n4/aas207/846.htm	20060518230758
http://www.aas.org/publications/baas/v37n4/aas207/102.htm	DEAD	YES	http://web.archive.org/web/20070401060930/http://www.aas.org:80/publications/baas/v37n4/aas207/102.htm	20070401060930
http://www.astro.yale.edu/cgi-bin/viva/galaxy.cgi?ngc4402	DEAD	YES	https://web.archive.org/web/20240811162412/http://www.astro.yale.edu/cgi-bin/viva/galaxy.cgi?ngc4402	20240811162412
http://www.aas.org/publications/baas/v37n4/aas207/886.htm	DEAD	YES	https://web.archive.org/web/20070607191457/http://www.aas.org/publications/baas/v37n4/aas207/886.htm	20070607191457
http://www.astro.yale.edu/cgi-bin/viva/galaxy.cgi?ngc4580	DEAD	YES	https://web.archive.org/web/20240810105011/http://www.astro.yale.edu/cgi-bin/viva/galaxy.cgi?ngc4580	20240810105011
http://www.aas.org/publications/baas/v37n4/aas207/761.htm	DEAD	YES	http://web.archive.org/web/20070817184036/http://www.aas.org:80/publications/baas/v37n4/aas207/761.htm	20070817184036
http://www.astro.yale.edu/cgi-bin/viva/galaxy.cgi?ngc4189	DEAD	YES	http://web.archive.org/web/20250120193631/http://www.astro.yale.edu/cgi-bin/viva/galaxy.cgi?ngc4189	20250120193631
http://www.astro.yale.edu/cgi-bin/viva/galaxy.cgi?ngc4424	DEAD	YES	https://web.archive.org/web/20240810085637/http://www.astro.yale.edu/cgi-bin/viva/galaxy.cgi?ngc4424	20240810085637
http://www.astro.yale.edu/cgi-bin/viva/galaxy.cgi?ngc4698	DEAD	YES	https://web.archive.org/web/20240810103534/http://www.astro.yale.edu/cgi-bin/viva/galaxy.cgi?ngc4698	20240810103534
http://www.astro.yale.edu/cgi-bin/viva/galaxy.cgi?ngc4254	DEAD	YES	https://web.archive.org/web/20250112231414/http://www.astro.yale.edu/cgi-bin/viva/galaxy.cgi?ngc4254	20250112231414
http://www.astro.yale.edu/cgi-bin/viva/galaxy.cgi?ngc4651	DEAD	YES	https://web.archive.org/web/20240810132650/http://www.astro.yale.edu/cgi-bin/viva/galaxy.cgi?ngc4651	20240810132650
http://www.astro.yale.edu/cgi-bin/viva/galaxy.cgi?ngc4351	DEAD	YES	http://web.archive.org/web/20240810091734/http://www.astro.yale.edu/cgi-bin/viva/galaxy.cgi?ngc4351	20240810091734
http://www.aas.org/publications/baas/v37n4/aas207/822.htm	DEAD	YES	http://web.archive.org/web/20070607202409/http://www.aas.org:80/publications/baas/v37n4/aas207/822.htm	20070607202409
http://www.astro.yale.edu/cgi-bin/viva/galaxy.cgi?ngc4694	DEAD	YES	https://web.archive.org/web/20240810094709/http://www.astro.yale.edu/cgi-bin/viva/galaxy.cgi?ngc4694	20240810094709
http://www.astro.yale.edu/cgi-bin/viva/galaxy.cgi?ngc4064	DEAD	YES	https://web.archive.org/web/20240810084655/http://www.astro.yale.edu/cgi-bin/viva/galaxy.cgi?ngc4064	20240810084655
http://www.aas.org/publications/baas/v37n4/aas207/828.htm	DEAD	YES	https://web.archive.org/web/20060518230747/http://www.aas.org/publications/baas/v37n4/aas207/828.htm	20060518230747
http://www.nrao.edu/archives/Timeline/GBT11_RGB2002_lo.jpg	DEAD	YES	https://web.archive.org/web/20160624055822/http://www.nrao.edu/archives/Timeline/GBT11_RGB2002_lo.jpg	20160624055822
http://www.aas.org/publications/baas/v37n4/aas207/1428.htm	DEAD	YES	https://web.archive.org/web/20070629052000/http://www.aas.org/publications/baas/v37n4/aas207/1428.htm	20070629052000
http://www.aas.org/publications/baas/v37n4/aas207/1040.htm	DEAD	YES	https://web.archive.org/web/20061208070943/http://www.aas.org/publications/baas/v37n4/aas207/1040.htm	20061208070943
http://www.aas.org/publications/baas/v37n4/aas207/1093.htm	DEAD	YES	https://web.archive.org/web/20070626061727/http://www.aas.org/publications/baas/v37n4/aas207/1093.htm	20070626061727
http://www.union.edu/N/DS/edition_display.php?e=1378&s=6033	DEAD	YES	https://web.archive.org/web/20110814002320/http://www.union.edu/N/DS/edition_display.php?e=1378&s=6033	20110814002320
http://helios.astro.lsa.umich.edu/~mputman/togscontact.html	DEAD	YES	https://web.archive.org/web/20060905201950/http://helios.astro.lsa.umich.edu/%7Emputman/togscontact.html	20060905201950
http://www.astro.cornell.edu/~haynes/pre204/driftgroup.html	DEAD	YES	https://web.archive.org/web/20140616033654/http://www.astro.cornell.edu/~haynes/pre204/driftgroup.html	20140616033654
http://www.union.edu/PUBLIC/PHYDEPT/koopmanr/ualfaagenda.php	DEAD	YES	https://web.archive.org/web/20081012085818/http://www.union.edu/PUBLIC/PHYDEPT/koopmanr/ualfaagenda.php	20081012085818
http://astro.berkeley.edu/~heiles/handouts/handouts_idl.html	DEAD	YES	http://web.archive.org/web/20080907045846/http://astro.berkeley.edu/%7Eheiles/handouts/handouts_idl.html	20080907045846
http://www.astro.cornell.edu/~haynes/pre204/docs/german2.pdf	DEAD	YES	https://web.archive.org/web/20120616235019/http://www.astro.cornell.edu/~haynes/pre204/docs/german2.pdf	20120616235019
http://www.astro.cornell.edu/~haynes/pre204/docs/lessons.pdf	DEAD	YES	https://web.archive.org/web/20120616190509/http://www.astro.cornell.edu/~haynes/pre204/docs/lessons.pdf	20120616190509
http://www.union.edu/Visitor_Center/Directions_to_Campus.php	DEAD	YES	https://web.archive.org/web/20100729141257/http://www.union.edu/Visitor_Center/Directions_to_Campus.php	20100729141257
http://www.astro.cornell.edu/~bkent/egg/alfa/alfatutorial.pdf	DEAD	YES	https://web.archive.org/web/20060925173142/http://www.astro.cornell.edu/~bkent/egg/alfa/alfatutorial.pdf	20060925173142
http://astro.berkeley.edu/~heiles/handouts/handouts_unix.html	DEAD	YES	https://web.archive.org/web/20081015202324/http://astro.berkeley.edu/%7Eheiles/handouts/handouts_unix.html	20081015202324
http://helios.astro.lsa.umich.edu/%7Emputman/togscontact.html	DEAD	YES	https://web.archive.org/web/20060905201950/http://helios.astro.lsa.umich.edu/%7Emputman/togscontact.html	20060905201950
http://www.sos.siena.edu/~rfinn/research/alfalfa/alfalfa.html	DEAD	YES	https://web.archive.org/web/20141205191314/http://www.sos.siena.edu/%7Erfinn/research/alfalfa/alfalfa.html	20141205191314
http://www.astro.cornell.edu/~haynes/pre204/docs/a1946plan.txt	DEAD	YES	http://web.archive.org/web/20140616034333/http://www.astro.cornell.edu/~haynes/pre204/docs/a1946plan.txt	20140616034333
http://www.physics.rutgers.edu/~pcote/acs/programgalaxies.html	DEAD	YES	https://web.archive.org/web/20050213142544/http://www.physics.rutgers.edu/%7Epcote/acs/programgalaxies.html	20050213142544
http://www.astro.cornell.edu/~haynes/pre204/docs/memo041209.pdf	DEAD	YES	http://web.archive.org/web/20120616190407/http://www.astro.cornell.edu/~haynes/pre204/docs/memo041209.pdf	20120616190407
http://astro.berkeley.edu/~heiles/handouts/handouts_images.html	DEAD	YES	https://web.archive.org/web/20080828004455/http://astro.berkeley.edu/%7Eheiles/handouts/handouts_images.html	20080828004455
http://www.astro.cornell.edu/~haynes/pre204/docs/memo041129.pdf	DEAD	YES	http://web.archive.org/web/20140615235444/http://www.astro.cornell.edu/~haynes/pre204/docs/memo041129.pdf	20140615235444
http://www.sos.siena.edu/%7Erfinn/research/alfalfa/alfalfa.html	DEAD	YES	http://web.archive.org/web/20141205191314/http://www.sos.siena.edu:80/%7Erfinn/research/alfalfa/alfalfa.html	20141205191314
http://astro.cornell.edu/~leisman/main/helpfiles/pythonhelp.html	DEAD	YES	http://web.archive.org/web/20161102105529/http://astro.cornell.edu:80/~leisman/main/helpfiles/pythonhelp.html	20161102105529
http://www.astro.cornell.edu/~galaxy/docs/alfalfa_driftmaster.txt	DEAD	YES	https://web.archive.org/web/20120616190522/http://www.astro.cornell.edu/~galaxy/docs/alfalfa_driftmaster.txt	20120616190522
http://www.astro.cornell.edu/~haynes/pre204/docs/heiles041230.pdf	DEAD	YES	https://web.archive.org/web/20120616190343/http://www.astro.cornell.edu/~haynes/pre204/docs/heiles041230.pdf	20120616190343
http://www.sos.siena.edu/~rfinn/research/students/KevinRisolo.html	DEAD	YES	http://web.archive.org/web/20100708101339/http://www.sos.siena.edu/~rfinn/research/students/KevinRisolo.html	20100708101339
http://www.macalester.edu/~jcannon	DEAD	YES	https://web.archive.org/web/20161025022309/http://www.macalester.edu/~jcannon/	20161025022309
http://www.aip.de/~rpiontek/ram.html	DEAD	YES	https://web.archive.org/web/20161016083535/http://www.aip.de/~rpiontek/ram.html	20161016083535
http://www.astro.cornell.edu/~haynes	DEAD	YES	https://web.archive.org/web/20180702154336/http://www.astro.cornell.edu/~haynes/	20180702154336
http://www.nrbook.com/a/bookcpdf.php	DEAD	YES	http://web.archive.org/web/20230630041841/http://www.nrbook.com/a/bookcpdf.php	20230630041841
http://www.stsci.edu/ftp/science/singg	DEAD	YES	http://web.archive.org/web/20201129135623/https://www.stsci.edu/ftp/science/singg/	20201129135623
http://aips2.nrao.edu/docs/aips++.html	DEAD	YES	https://web.archive.org/web/20160906053342/http://aips2.nrao.edu/docs/aips++.html	20160906053342
http://www.astro.ufl.edu/~warner/IDL5220	DEAD	YES	https://web.archive.org/web/20140909175150/http://www.astro.ufl.edu/~warner/IDL5220/	20140909175150
http://www.ccatobservatory.org/index.cfm	DEAD	YES	https://web.archive.org/web/20240810100217/http://www.ccatobservatory.org/index.cfm	20240810100217
http://www.gb.nrao.edu/GBT/memos/memo52.ps	DEAD	YES	http://web.archive.org/web/20101231172738/http://www.gb.nrao.edu/GBT/memos/memo52.ps	20101231172738
http://minerva.union.edu/chins/alfalfa.html	DEAD	YES	http://web.archive.org/web/20090830164908/http://minerva.union.edu:80/chins/alfalfa.html	20090830164908
http://www.msi.umn.edu/software/idl/tutorial	DEAD	YES	http://web.archive.org/web/20231002152228/https://www.msi.umn.edu/software/idl/tutorial/	20231002152228
http://www.stlawu.edu/netnews/miller_baum.html	DEAD	YES	http://web.archive.org/web/20160514135605/http://www.stlawu.edu/netnews/miller_baum.html	20160514135605
http://www.macalester.edu/~jcannon/shield.html	DEAD	YES	https://web.archive.org/web/20200706183932/https://www.macalester.edu/~jcannon/shield.html	20200706183932
https://greenbankobservatory.org/gbt-observers	DEAD	YES	https://web.archive.org/web/20180814104348/http://greenbankobservatory.org/gbt-observers/	20180814104348
http://adsabs.harvard.edu/abs/2015MNRAS.449.1856J	DEAD	YES	https://web.archive.org/web/20170712042233/http://adsabs.harvard.edu/abs/2015MNRAS.449.1856J	20170712042233
http://adsabs.harvard.edu/abs/2014AJ....148...35B	DEAD	YES	https://web.archive.org/web/20170504071644/http://adsabs.harvard.edu/abs/2014AJ....148...35B	20170504071644
http://adsabs.harvard.edu/abs/2006MNRAS.372..961K	DEAD	YES	https://web.archive.org/web/20190618093218/http://adsabs.harvard.edu/abs/2006MNRAS.372..961K	20190618093218
http://adsabs.harvard.edu/abs/2015ApJ...801...96J	DEAD	YES	https://web.archive.org/web/20170713020345/http://adsabs.harvard.edu/abs/2015ApJ...801...96J	20170713020345
http://www.astro.cornell.edu/~galaxy/rotbeams.htm	DEAD	YES	https://web.archive.org/web/20041010012608/http://www.astro.cornell.edu/~galaxy/rotbeams.htm	20041010012608
http://adsabs.harvard.edu/abs/2015ApJ...812..158M	DEAD	YES	https://web.archive.org/web/20170504065709/http://adsabs.harvard.edu/abs/2015ApJ...812..158M	20170504065709
http://adsabs.harvard.edu/abs/2015ApJ...808...66J	DEAD	YES	https://web.archive.org/web/20170703011359/http://adsabs.harvard.edu/abs/2015ApJ...808...66J	20170703011359
http://www.astro.cornell.edu/~haynes/precursor.htm	DEAD	YES	https://web.archive.org/web/20040207044345/http://www.astro.cornell.edu/~haynes/precursor.htm	20040207044345
http://sites.google.com/site/galfahi/contact-folks	DEAD	YES	http://web.archive.org/web/20201022114511/https://sites.google.com/site/galfahi/contact-folks	20201022114511
http://www.dfanning.com/idl5_info/random_bugs.html	DEAD	YES	https://web.archive.org/web/20080517144114/http://www.dfanning.com/idl5_info/random_bugs.html	20080517144114
http://cas.sdss.org/astro/en/tools/chart/chart.asp	DEAD	YES	https://web.archive.org/web/20130923091119/http://cas.sdss.org/astro/en/tools/chart/chart.asp?	20130923091119
http://www.skidmore.edu/academics/physics/crone.htm	DEAD	YES	http://web.archive.org/web/20090830041124/http://www.skidmore.edu:80/academics/physics/crone.htm	20090830041124
http://adsabs.harvard.edu/abs/2017A%26A...597A.130B	DEAD	YES	https://web.archive.org/web/20190410042716/http://adsabs.harvard.edu/abs/2017A%26A...597A.130B	20190410042716
http://adsabs.harvard.edu/abs/1983ARA%26A..21..109D	DEAD	YES	https://web.archive.org/web/20191008110652/http://adsabs.harvard.edu/abs/1983ARA%26A..21..109D	20191008110652
http://adsabs.harvard.edu/abs/2013A%26A...553A..90G	DEAD	YES	https://web.archive.org/web/20170518201045/http://adsabs.harvard.edu/abs/2013A%26A...553A..90G	20170518201045
http://listmgr.cv.nrao.edu/mailman/listinfo/rfiwatch	DEAD	YES	https://web.archive.org/web/20100611185836/http://listmgr.cv.nrao.edu/mailman/listinfo/rfiwatch	20100611185836
http://www.astro.cardiff.ac.uk/iau244/programme.html	DEAD	YES	https://web.archive.org/web/20070918133603/http://www.astro.cardiff.ac.uk/iau244/programme.html	20070918133603
http://cas.sdss.org/astrodr7/en/tools/search/sql.asp	DEAD	YES	https://web.archive.org/web/20140627101106/http://cas.sdss.org/astrodr7/en/tools/search/sql.asp	20140627101106
http://www.astro.cornell.edu/~haynes/pre204/drift.htm	DEAD	YES	https://web.archive.org/web/20171222035721/http://www.astro.cornell.edu/~haynes/pre204/drift.htm	20171222035721
http://www.union.edu/PUBLIC/PHYDEPT/koopmanr/ualfa.php	DEAD	YES	http://web.archive.org/web/20080904213144/http://www.union.edu/PUBLIC/PHYDEPT/koopmanr/ualfa.php	20080904213144
http://www.stlawu.edu/netnews/shawngolley_arecibo.html	DEAD	YES	https://web.archive.org/web/20160514143551/http://www.stlawu.edu/netnews/shawngolley_arecibo.html	20160514143551
http://www.star.bris.ac.uk/~mbt/topcat/topcat-full.jnlp	DEAD	YES	https://web.archive.org/web/20231204131843/https://www.star.bris.ac.uk/~mbt/topcat/topcat-full.jnlp	20231204131843
http://www.sos.siena.edu/%7Erfinn/RoseFinn/Homepage.html	DEAD	YES	https://web.archive.org/web/20210415112451/http://www.sos.siena.edu/~rfinn/RoseFinn/Homepage.html	20210415112451
http://www.astro.yale.edu/cgi-bin/viva/galaxy.cgi?ngc4388	DEAD	YES	https://web.archive.org/web/20240811112719/http://www.astro.yale.edu/cgi-bin/viva/galaxy.cgi?ngc4388	20240811112719
http://ugastro.berkeley.edu/~phiggins/idl_decal/index.html	DEAD	YES	https://web.archive.org/web/20100913051510/http://ugastro.berkeley.edu/~phiggins/idl_decal/index.html	20100913051510
http://www.astro.cornell.edu/~haynes/ealfa_cc/ealfa_cc.html	DEAD	YES	https://web.archive.org/web/20120616234724/http://www.astro.cornell.edu/~haynes/ealfa_cc/ealfa_cc.html	20120616234724
http://www.union.edu/PUBLIC/PHYDEPT/koopmanr/ualfaagenda06.php	DEAD	YES	https://web.archive.org/web/20070218215224/http://www.union.edu/PUBLIC/PHYDEPT/koopmanr/ualfaagenda06.php	20070218215224
http://www.astro.cornell.edu/research/projects/Galaxy/egg.html	DEAD	YES	https://web.archive.org/web/20180331011542/http://astro.cornell.edu/research/projects/Galaxy/egg.html	20180331011542
http://www.astro.cornell.edu/~haynes/pre204/docs/memo041206.pdf	DEAD	YES	https://web.archive.org/web/20120616190417/http://www.astro.cornell.edu/~haynes/pre204/docs/memo041206.pdf	20120616190417
http://www.astro.cornell.edu/~haynes/pre204/docs/heiles_beams.pdf	DEAD	YES	https://web.archive.org/web/20120616190356/http://www.astro.cornell.edu/~haynes/pre204/docs/heiles_beams.pdf	20120616190356
http://www.astro.cornell.edu/~haynes/pre204/docs/comments040908.txt	DEAD	YES	https://web.archive.org/web/20120616190501/http://www.astro.cornell.edu/~haynes/pre204/docs/comments040908.txt	20120616190501
http://www.sos.siena.edu/~rfinn/research/students/RobertCarroll.html	DEAD	YES	http://web.archive.org/web/20100708101545/http://www.sos.siena.edu/~rfinn/research/students/RobertCarroll.html	20100708101545
http://www.astro.cornell.edu/~haynes/pre204/docs/outline_cookbook.txt	DEAD	YES	https://web.archive.org/web/20140616034353/http://www.astro.cornell.edu/~haynes/pre204/docs/outline_cookbook.txt	20140616034353
http://www.sos.siena.edu/~rfinn/research/students/DanielleSeeley.html	DEAD	YES	http://web.archive.org/web/20100708095726/http://www.sos.siena.edu/~rfinn/research/students/DanielleSeeley.html	20100708095726
http://muse.union.edu/grants/files/2015/06/RCR-policy_6-17-15_web1.pdf	DEAD	YES	https://web.archive.org/web/20150906014255/http://muse.union.edu/grants/files/2015/06/RCR-policy_6-17-15_web1.pdf	20150906014255
http://cheller.phy.georgiasouthern.edu/~shigdon/alfalfa_web/Welcome.html	DEAD	YES	http://web.archive.org/web/20100620050156/http://cheller.phy.georgiasouthern.edu/~shigdon/alfalfa_web/Welcome.html	20100620050156
http://www.sos.siena.edu/~rfinn/research/students/KristieDangerfield.html	DEAD	YES	https://web.archive.org/web/20100708101859/http://www.sos.siena.edu/~rfinn/research/students/KristieDangerfield.html	20100708101859
http://academics.georgiasouthern.edu/research/compliance_RCR_Training.htm	DEAD	YES	https://web.archive.org/web/20121130101534/http://academics.georgiasouthern.edu/research/compliance_RCR_Training.htm	20121130101534
http://upload.wikimedia.org/wikipedia/en/f/f9/Galaxy_color-magnitude_diagram.jpg	DEAD	YES	https://web.archive.org/web/20120616064511/http://upload.wikimedia.org/wikipedia/en/f/f9/Galaxy_color-magnitude_diagram.jpg	20120616064511
http://muse.union.edu/grants/files/2015/06/QUICK-REFERENCE-GUIDE_6-17-15_web1.pdf	DEAD	YES	https://web.archive.org/web/20150906021044/http://muse.union.edu/grants/files/2015/06/QUICK-REFERENCE-GUIDE_6-17-15_web1.pdf	20150906021044
http://www.edpsciences.org/journal/index.cfm?v_url=aa/full/2001/46/aah3001/aah3001.html	DEAD	YES	https://web.archive.org/web/20040916220927/http://www.edpsciences.org/journal/index.cfm?v_url=aa/full/2001/46/aah3001/aah3001.html	20040916220927
https://www.usfca.edu/newsroom/media-relations/news-releases/usf-led-research-local-galaxies	DEAD	YES	https://web.archive.org/web/20220625162918/https://www.usfca.edu/newsroom/media-relations/news-releases/usf-led-research-local-galaxies	20220625162918
http://www.nature.com/cgi-taf/DynaPage.taf?file=/nature/journal/v400/n6744/full/400539a0_fs.html	DEAD	YES	http://web.archive.org/web/20031120133608/http://www.nature.com:80/cgi-taf/DynaPage.taf?file=/nature/journal/v400/n6744/full/400539a0_fs.html	20031120133608
http://greenbankobservatory.org/gbt-observers/visitor-facilities-policies/data-reduction-gbt-using-idl	DEAD	YES	https://web.archive.org/web/20180714221904/http://greenbankobservatory.org/gbt-observers/visitor-facilities-policies/data-reduction-gbt-using-idl/	20180714221904
http://physics.uprrp.edu/index.php?mact=News,cntnt01,detail,0&cntnt01articleid=22&cntnt01origid=15&cntnt01returnid=61	DEAD	YES	https://web.archive.org/web/20211208012623/http://physics.uprrp.edu/index.php?mact=News,cntnt01,detail,0&cntnt01articleid=22&cntnt01origid=15&cntnt01returnid=61	20211208012623
&dec=14.41638890&scale=1.35&opt=GLIS&width=300&height=300	DEAD	YES	https://web.archive.org/web/20120617060212/http://casjobs.sdss.org/ImgCutoutDR5/getjpeg.aspx?ra=184.70625&dec=14.41638890&scale=1.35&opt=GLIS&width=300&height=300	20120617060212
http://casjobs.sdss.org/ImgCutoutDR5/getjpeg.aspx?ra=186.192084&dec=13.91888890&scale=1.35&opt=GLIS&width=300&height=300	DEAD	YES	https://web.archive.org/web/20240726151821/http://casjobs.sdss.org/ImgCutoutDR5/getjpeg.aspx?ra=186.192084&dec=13.91888890&scale=1.35&opt=GLIS&width=300&height=300	20240726151821
http://casjobs.sdss.org/ImgCutoutDR5/getjpeg.aspx?ra=187.0562505&dec=13.57055560&scale=1.35&opt=GLIS&width=300&height=300	DEAD	YES	http://web.archive.org/web/20240727011647/http://casjobs.sdss.org/ImgCutoutDR5/getjpeg.aspx?ra=187.0562505&dec=13.57055560&scale=1.35&opt=GLIS&width=300&height=300	20240727011647
http://casjobs.sdss.org/ImgCutoutDR5/getjpeg.aspx?ra=184.87739531&dec=14.877765466&scale=1.35&opt=GLIS&width=300&height=300	DEAD	YES	https://web.archive.org/web/20240726175210/http://casjobs.sdss.org/ImgCutoutDR5/getjpeg.aspx?ra=184.87739531&dec=14.877765466&scale=1.35&opt=GLIS&width=300&height=300	20240726175210
http://www.lafayette.edu/about/news/2012/03/19/the-music-of-the-cosmos-michael-pinkard-14-is-an-aspiring-physicist-and-jazz-musician	DEAD	YES	http://web.archive.org/web/20130824065243/https://www.lafayette.edu/about/news/2012/03/19/the-music-of-the-cosmos-michael-pinkard-14-is-an-aspiring-physicist-and-jazz-musician/	20130824065243
http://idlastro.gsfc.nasa.gov	DEAD	YES	https://web.archive.org/web/19961220084607/http://idlastro.gsfc.nasa.gov/	19961220084607
http://ww2.lafayette.edu/~hoffmang	DEAD	YES	https://web.archive.org/web/20090830041533/http://ww2.lafayette.edu/%7Ehoffmang/	20090830041533
http://www.journals.uchicago.edu/AAS/AASTeX	DEAD	YES	https://web.archive.org/web/20071114132903/http://www.journals.uchicago.edu/AAS/AASTeX/	20071114132903
http://www.seds.org/~spider/hf/numeric.html	DEAD	YES	https://web.archive.org/web/20100620194836/http://seds.org/~spider/hf/numeric.html	20100620194836
http://www.scicoder.org/mapping-idl-to-python	DEAD	YES	https://web.archive.org/web/20150703014226/http://www.scicoder.org/mapping-idl-to-python/	20150703014226
http://images.nrao.edu/images/M81-RadOptTidal_lo.jpg	DEAD	YES	http://web.archive.org/web/20140616015625/http://images.nrao.edu/images/M81-RadOptTidal_lo.jpg	20140616015625
http://idlastro.gsfc.nasa.gov/ftp/pro/math/fitexy.pro	DEAD	YES	https://web.archive.org/web/20230319061459/https://idlastro.gsfc.nasa.gov/ftp/pro/math/fitexy.pro	20230319061459
http://cens.ioc.ee/~pearu/papers/IJCSE4.4_Paper_8.pdf	DEAD	YES	https://web.archive.org/web/20180627172139/http://cens.ioc.ee/~pearu/papers/IJCSE4.4_Paper_8.pdf	20180627172139
http://www.astro.cornell.edu/~galaxy/docs/figbeams.pdf	DEAD	YES	https://web.archive.org/web/20120616190534/http://www.astro.cornell.edu/~galaxy/docs/figbeams.pdf	20120616190534
http://idlastro.gsfc.nasa.gov/ftp/pro/astro/glactc.pro	DEAD	YES	http://web.archive.org/web/20210506043622/https://idlastro.gsfc.nasa.gov/ftp/pro/astro/glactc.pro	20210506043622
http://ww2.lafayette.edu/~hoffmang/TALKS/peiyuan09jul.pdf	DEAD	YES	https://web.archive.org/web/20090902135009/http://ww2.lafayette.edu/~hoffmang/TALKS/peiyuan09jul.pdf	20090902135009
http://www.union.edu/PUBLIC/PHYDEPT/koopmanr/ualfaattend.php	DEAD	YES	https://web.archive.org/web/20080907160925/http://www.union.edu/PUBLIC/PHYDEPT/koopmanr/ualfaattend.php	20080907160925
http://www.adass.org/adass/proceedings/adass99/P2-32/P2-32.html	DEAD	YES	https://web.archive.org/web/20240523185446/https://www.adass.org/adass/proceedings/adass99/P2-32/P2-32.html	20240523185446
http://www.astro.cornell.edu/~haynes/pre204/docs/memo040920.pdf	DEAD	YES	https://web.archive.org/web/20140615235746/http://www.astro.cornell.edu/~haynes/pre204/docs/memo040920.pdf	20140615235746
https://nationalethicscenter.org/index.php?option=com_rcrtutorial	DEAD	YES	http://web.archive.org/web/20220316022914/https://nationalethicscenter.org/index.php?option=com_rcrtutorial	20220316022914
http://www.astro.cornell.edu/academics/courses/astro201/images/resolution.gif	DEAD	YES	http://web.archive.org/web/20140616181120/http://astro.cornell.edu/academics/courses/astro201/images/resolution.gif	20140616181120
http://www.astro.cornell.edu/academics/courses/astro2201/images/resolution.gif	DEAD	YES	http://web.archive.org/web/20140616183302/http://www.astro.cornell.edu/academics/courses/astro2201/images/resolution.gif	20140616183302
http://www.lafayette.edu/about/news/2008/03/27/radio-astronomy-research-at-arecibo-observatory	DEAD	YES	https://web.archive.org/web/20130210010201/http://www.lafayette.edu/about/news/2008/03/27/radio-astronomy-research-at-arecibo-observatory/	20130210010201
https://greenbankobservatory.org/science/gbt-observers/visitor-facilities-policies/data-reduction-gbt-using-idl	DEAD	YES	https://web.archive.org/web/20231002181716/https://greenbankobservatory.org/science/gbt-observers/visitor-facilities-policies/data-reduction-gbt-using-idl/	20231002181716
http://casjobs.sdss.org/ImgCutoutDR5/getjpeg.aspx?ra=177.5112495&dec=15.02333330&scale=1.35&opt=GLIS&width=300&height=300	DEAD	YES	https://web.archive.org/web/20240726122201/http://casjobs.sdss.org/ImgCutoutDR5/getjpeg.aspx?ra=177.5112495&dec=15.02333330&scale=1.35&opt=GLIS&width=300&height=300	20240726122201
